bundle,Budget,Mid,Premium,ValuePlus
Budget,1.0,0.21728968240769167,0.12491326607088199,0.1536651047784475
Mid,0.21728968240769167,1.0,0.30848444658631424,0.3552459261066847
Premium,0.12491326607088199,0.30848444658631424,1.0,0.6355873480392995
ValuePlus,0.1536651047784475,0.3552459261066847,0.6355873480392995,1.0
