user_id,age,household_size,prior_orders,weekly_app_sessions,region,device,trial_offer_sent,converted_to_paid,first_month_revenue
1,46.0,5.0,9.0,9.0,West,mobile,1,0,0.0
2,27.0,2.0,12.0,6.0,West,desktop,0,1,24.21
3,57.0,4.0,10.0,9.0,West,mobile,1,0,0.0
4,53.0,2.0,3.0,5.0,Northeast,mobile,0,0,0.0
5,60.0,3.0,14.0,8.0,nan,tablet,0,0,0.0
6,64.0,2.0,10.0,4.0,Midwest,mobile,0,0,0.0
7,34.0,2.0,14.0,2.0,West,desktop,0,0,0.0
8,56.0,3.0,10.0,1.0,nan,tablet,1,1,24.97
9,63.0,2.0,9.0,5.0,Midwest,mobile,0,1,25.3
10,22.0,3.0,12.0,6.0,nan,tablet,1,1,27.95
11,49.0,3.0,12.0,7.0,Southeast,desktop,1,1,26.34
12,57.0,3.0,6.0,10.0,West,desktop,0,0,0.0
13,27.0,1.0,9.0,11.0,nan,mobile,0,0,0.0
14,23.0,3.0,13.0,4.0,Northeast,mobile,1,0,0.0
15,35.0,4.0,11.0,0.0,Midwest,mobile,1,0,0.0
16,27.0,1.0,1.0,6.0,nan,mobile,0,0,0.0
17,30.0,2.0,13.0,10.0,Southeast,desktop,0,0,0.0
18,32.0,1.0,8.0,7.0,West,tablet,1,0,0.0
19,32.0,2.0,2.0,6.0,Northeast,tablet,1,1,24.31
20,43.0,5.0,10.0,5.0,Southeast,mobile,1,1,23.68
21,62.0,1.0,14.0,11.0,West,mobile,1,1,29.31
22,58.0,2.0,12.0,9.0,Midwest,mobile,0,1,30.59
23,26.0,1.0,2.0,10.0,West,mobile,1,0,0.0
24,57.0,5.0,9.0,0.0,Midwest,mobile,0,0,0.0
25,54.0,3.0,2.0,3.0,nan,mobile,1,0,0.0
26,38.0,1.0,9.0,1.0,Northeast,mobile,0,0,0.0
27,39.0,2.0,7.0,6.0,West,mobile,0,0,0.0
28,42.0,4.0,14.0,0.0,Midwest,mobile,1,1,29.3
29,60.0,4.0,0.0,10.0,nan,mobile,1,0,0.0
30,29.0,4.0,6.0,11.0,nan,mobile,0,0,0.0
31,43.0,3.0,11.0,9.0,Southeast,mobile,1,0,0.0
32,62.0,3.0,8.0,1.0,West,desktop,0,1,23.44
33,50.0,5.0,7.0,6.0,Midwest,tablet,1,1,26.83
34,33.0,2.0,10.0,9.0,Southeast,mobile,0,0,0.0
35,57.0,5.0,4.0,4.0,Northeast,mobile,1,0,0.0
36,30.0,5.0,4.0,1.0,Northeast,desktop,0,0,0.0
37,32.0,5.0,5.0,9.0,West,mobile,1,0,0.0
38,64.0,4.0,5.0,5.0,Midwest,tablet,0,0,0.0
39,55.0,2.0,3.0,10.0,Northeast,mobile,0,0,0.0
40,31.0,4.0,10.0,6.0,nan,tablet,1,0,0.0
41,55.0,3.0,5.0,4.0,Midwest,mobile,0,0,0.0
42,29.0,5.0,5.0,9.0,nan,tablet,1,0,0.0
43,35.0,5.0,2.0,9.0,Southeast,mobile,1,1,25.78
44,64.0,1.0,13.0,1.0,Northeast,tablet,0,0,0.0
45,37.0,4.0,2.0,3.0,nan,mobile,1,0,0.0
46,25.0,4.0,8.0,7.0,West,mobile,1,0,0.0
47,64.0,4.0,14.0,11.0,Northeast,desktop,0,0,0.0
48,23.0,5.0,10.0,10.0,Southeast,mobile,1,1,31.96
49,64.0,1.0,14.0,1.0,Southeast,desktop,0,0,0.0
50,41.0,5.0,2.0,11.0,West,mobile,1,0,0.0
51,33.0,1.0,7.0,5.0,Northeast,mobile,0,1,20.53
52,34.0,1.0,14.0,11.0,Northeast,desktop,0,1,17.78
53,27.0,4.0,1.0,2.0,West,desktop,1,0,0.0
54,59.0,5.0,14.0,11.0,Northeast,desktop,1,0,0.0
55,63.0,5.0,1.0,6.0,West,mobile,0,0,0.0
56,53.0,1.0,10.0,4.0,Southeast,desktop,0,0,0.0
57,31.0,5.0,12.0,4.0,Midwest,mobile,1,1,29.65
58,45.0,4.0,3.0,2.0,Northeast,mobile,0,0,0.0
59,52.0,3.0,12.0,11.0,Northeast,desktop,1,1,30.79
60,22.0,4.0,8.0,5.0,Midwest,mobile,1,0,0.0
61,49.0,2.0,9.0,7.0,Southeast,mobile,0,1,25.32
62,33.0,3.0,1.0,2.0,Midwest,mobile,1,0,0.0
63,53.0,2.0,0.0,3.0,Northeast,desktop,0,0,0.0
64,60.0,2.0,0.0,11.0,nan,mobile,0,0,0.0
65,37.0,4.0,5.0,0.0,Midwest,mobile,0,0,0.0
66,32.0,2.0,4.0,5.0,Midwest,mobile,1,0,0.0
67,39.0,4.0,9.0,6.0,nan,tablet,1,0,0.0
68,23.0,2.0,3.0,3.0,Northeast,desktop,0,0,0.0
69,32.0,5.0,6.0,6.0,Midwest,tablet,0,1,24.56
70,31.0,1.0,14.0,11.0,Midwest,mobile,1,0,0.0
71,23.0,2.0,14.0,4.0,Southeast,mobile,1,1,29.33
72,54.0,2.0,11.0,3.0,Southeast,tablet,0,0,0.0
73,42.0,3.0,8.0,2.0,Northeast,desktop,1,0,0.0
74,58.0,3.0,10.0,5.0,West,tablet,0,0,0.0
75,34.0,1.0,10.0,10.0,West,mobile,1,0,0.0
76,34.0,3.0,11.0,5.0,Midwest,desktop,0,0,0.0
77,40.0,3.0,5.0,8.0,Northeast,desktop,0,0,0.0
78,31.0,3.0,5.0,10.0,Northeast,desktop,1,1,29.85
79,54.0,3.0,8.0,1.0,Midwest,mobile,1,0,0.0
80,58.0,4.0,14.0,5.0,Southeast,desktop,1,0,0.0
81,51.0,4.0,10.0,11.0,West,mobile,1,1,26.79
82,30.0,1.0,8.0,4.0,Northeast,desktop,1,0,0.0
83,55.0,4.0,14.0,3.0,Southeast,mobile,0,0,0.0
84,37.0,5.0,3.0,1.0,nan,mobile,1,0,0.0
85,64.0,3.0,11.0,1.0,Southeast,mobile,0,0,0.0
86,38.0,2.0,10.0,6.0,West,mobile,0,1,26.97
87,47.0,3.0,3.0,9.0,Southeast,tablet,0,0,0.0
88,39.0,1.0,8.0,7.0,West,desktop,1,0,0.0
89,59.0,3.0,7.0,6.0,Midwest,mobile,0,0,0.0
90,25.0,1.0,9.0,3.0,Midwest,desktop,0,1,19.09
91,64.0,2.0,14.0,6.0,Northeast,mobile,1,0,0.0
92,58.0,5.0,4.0,7.0,Northeast,desktop,1,1,26.1
93,23.0,5.0,6.0,2.0,Northeast,mobile,0,0,0.0
94,31.0,3.0,8.0,5.0,West,mobile,0,0,0.0
95,36.0,5.0,1.0,7.0,nan,desktop,1,0,0.0
96,37.0,2.0,1.0,0.0,Southeast,tablet,0,0,0.0
97,47.0,2.0,6.0,7.0,Southeast,mobile,0,0,0.0
98,49.0,5.0,12.0,0.0,Southeast,mobile,0,0,0.0
99,29.0,4.0,5.0,5.0,Southeast,mobile,1,0,0.0
100,56.0,3.0,9.0,0.0,West,desktop,1,0,0.0
101,22.0,2.0,11.0,3.0,Midwest,tablet,1,0,0.0
102,47.0,4.0,9.0,4.0,West,mobile,0,1,24.28
103,54.0,5.0,8.0,1.0,Northeast,mobile,1,0,0.0
104,37.0,2.0,8.0,9.0,West,desktop,1,0,0.0
105,39.0,4.0,7.0,10.0,West,mobile,1,0,0.0
106,22.0,2.0,14.0,3.0,nan,mobile,0,0,0.0
107,28.0,2.0,5.0,6.0,West,desktop,0,0,0.0
108,43.0,2.0,1.0,7.0,Midwest,mobile,0,0,0.0
109,27.0,5.0,13.0,5.0,Midwest,tablet,1,1,32.24
110,46.0,2.0,7.0,10.0,Northeast,mobile,0,0,0.0
111,61.0,3.0,14.0,10.0,Southeast,desktop,1,0,0.0
112,37.0,5.0,10.0,6.0,nan,tablet,0,0,0.0
113,52.0,3.0,8.0,8.0,nan,mobile,1,0,0.0
114,49.0,1.0,9.0,11.0,nan,mobile,1,0,0.0
115,53.0,5.0,5.0,10.0,West,mobile,1,1,26.54
116,55.0,1.0,10.0,3.0,Southeast,mobile,1,0,0.0
117,52.0,5.0,4.0,11.0,West,mobile,1,0,0.0
118,23.0,2.0,14.0,6.0,Midwest,mobile,1,0,0.0
119,56.0,4.0,8.0,11.0,Northeast,desktop,1,0,0.0
120,56.0,4.0,7.0,6.0,Northeast,mobile,0,0,0.0
121,39.0,2.0,3.0,11.0,West,desktop,1,0,0.0
122,47.0,2.0,11.0,2.0,West,mobile,0,0,0.0
123,57.0,1.0,6.0,9.0,Southeast,mobile,0,0,0.0
124,35.0,2.0,7.0,5.0,nan,mobile,0,0,0.0
125,29.0,1.0,2.0,1.0,Northeast,tablet,0,0,0.0
126,51.0,1.0,11.0,7.0,Northeast,mobile,1,0,0.0
127,35.0,3.0,1.0,6.0,Southeast,mobile,0,0,0.0
128,52.0,5.0,7.0,1.0,Midwest,desktop,1,0,0.0
129,39.0,2.0,11.0,1.0,Midwest,mobile,1,0,0.0
130,54.0,4.0,6.0,7.0,West,mobile,0,1,20.92
131,29.0,2.0,2.0,11.0,Northeast,mobile,0,0,0.0
132,39.0,4.0,14.0,6.0,Midwest,mobile,0,1,28.53
133,45.0,3.0,0.0,4.0,Midwest,tablet,0,0,0.0
134,46.0,4.0,10.0,4.0,nan,mobile,1,1,25.32
135,58.0,4.0,0.0,8.0,West,mobile,0,0,0.0
136,42.0,5.0,10.0,4.0,nan,desktop,1,1,31.66
137,64.0,3.0,14.0,6.0,nan,mobile,0,1,26.84
138,37.0,2.0,7.0,10.0,Northeast,mobile,0,0,0.0
139,57.0,1.0,0.0,9.0,Midwest,desktop,0,0,0.0
140,27.0,4.0,1.0,11.0,nan,desktop,0,1,20.84
141,42.0,2.0,3.0,8.0,West,mobile,0,0,0.0
142,61.0,1.0,5.0,4.0,nan,mobile,0,0,0.0
143,62.0,3.0,13.0,1.0,Northeast,mobile,1,0,0.0
144,27.0,5.0,0.0,5.0,Midwest,mobile,0,0,0.0
145,36.0,2.0,7.0,4.0,Northeast,desktop,0,0,0.0
146,49.0,3.0,11.0,5.0,Northeast,mobile,0,1,24.97
147,24.0,3.0,9.0,11.0,Midwest,desktop,0,0,0.0
148,39.0,4.0,11.0,7.0,nan,mobile,1,0,0.0
149,61.0,5.0,10.0,1.0,West,mobile,0,1,24.87
150,57.0,3.0,0.0,2.0,Midwest,desktop,0,0,0.0
151,43.0,3.0,13.0,2.0,West,mobile,1,0,0.0
152,42.0,3.0,7.0,4.0,West,mobile,0,0,0.0
153,37.0,4.0,7.0,11.0,Northeast,desktop,1,1,30.26
154,30.0,4.0,13.0,1.0,West,desktop,0,1,26.31
155,51.0,2.0,11.0,8.0,Northeast,mobile,0,1,22.76
156,28.0,2.0,1.0,0.0,Southeast,desktop,0,0,0.0
157,54.0,4.0,4.0,1.0,Southeast,mobile,0,0,0.0
158,38.0,3.0,5.0,2.0,nan,desktop,1,1,25.98
159,56.0,4.0,14.0,4.0,Northeast,tablet,1,0,0.0
160,45.0,1.0,1.0,0.0,West,desktop,0,0,0.0
161,63.0,5.0,7.0,0.0,Southeast,tablet,1,0,0.0
162,49.0,5.0,7.0,2.0,Midwest,mobile,1,0,0.0
163,61.0,5.0,2.0,9.0,nan,mobile,0,0,0.0
164,58.0,1.0,7.0,4.0,Midwest,mobile,0,0,0.0
165,53.0,3.0,3.0,1.0,West,desktop,0,0,0.0
166,38.0,4.0,5.0,0.0,nan,mobile,1,0,0.0
167,24.0,2.0,11.0,0.0,Northeast,mobile,1,0,0.0
168,55.0,5.0,12.0,11.0,Southeast,desktop,1,1,32.65
169,48.0,1.0,0.0,4.0,West,desktop,0,0,0.0
170,31.0,4.0,6.0,1.0,Southeast,desktop,0,0,0.0
171,24.0,3.0,0.0,1.0,Midwest,mobile,0,0,0.0
172,59.0,3.0,1.0,10.0,West,tablet,0,0,0.0
173,45.0,4.0,0.0,9.0,nan,mobile,0,0,0.0
174,26.0,3.0,11.0,8.0,Southeast,desktop,0,0,0.0
175,59.0,1.0,7.0,6.0,Southeast,mobile,0,0,0.0
176,56.0,3.0,3.0,9.0,West,mobile,1,0,0.0
177,41.0,5.0,7.0,5.0,Midwest,mobile,1,1,31.54
178,33.0,1.0,10.0,2.0,West,mobile,1,0,0.0
179,30.0,1.0,4.0,5.0,nan,mobile,0,0,0.0
180,50.0,4.0,6.0,11.0,Southeast,mobile,1,0,0.0
181,32.0,1.0,2.0,4.0,West,mobile,0,0,0.0
182,45.0,5.0,3.0,2.0,Southeast,mobile,1,0,0.0
183,22.0,3.0,3.0,7.0,Southeast,tablet,1,1,29.95
184,46.0,4.0,1.0,0.0,West,mobile,0,1,20.6
185,38.0,4.0,12.0,6.0,Southeast,tablet,1,0,0.0
186,64.0,5.0,12.0,1.0,Northeast,mobile,1,0,0.0
187,51.0,5.0,7.0,0.0,Midwest,desktop,1,0,0.0
188,47.0,5.0,3.0,4.0,Southeast,tablet,0,0,0.0
189,41.0,4.0,0.0,8.0,Northeast,desktop,0,0,0.0
190,31.0,2.0,14.0,0.0,Southeast,mobile,1,0,0.0
191,53.0,2.0,6.0,1.0,Southeast,desktop,0,0,0.0
192,39.0,2.0,7.0,9.0,Midwest,tablet,0,0,0.0
193,28.0,5.0,7.0,11.0,Midwest,mobile,1,0,0.0
194,26.0,3.0,10.0,6.0,Northeast,desktop,1,0,0.0
195,46.0,1.0,6.0,5.0,West,mobile,0,0,0.0
196,36.0,1.0,8.0,11.0,nan,desktop,1,0,0.0
197,24.0,3.0,11.0,3.0,West,mobile,0,0,0.0
198,34.0,1.0,14.0,7.0,Northeast,desktop,0,0,0.0
199,64.0,4.0,10.0,0.0,Midwest,mobile,0,0,0.0
200,49.0,1.0,3.0,0.0,Northeast,desktop,0,0,0.0
201,27.0,4.0,2.0,4.0,Southeast,mobile,1,0,0.0
202,61.0,3.0,5.0,6.0,nan,desktop,0,0,0.0
203,64.0,4.0,12.0,0.0,Northeast,mobile,0,0,0.0
204,34.0,3.0,13.0,0.0,nan,tablet,1,0,0.0
205,42.0,2.0,6.0,1.0,Southeast,mobile,0,0,0.0
206,58.0,1.0,2.0,11.0,West,tablet,0,0,0.0
207,42.0,3.0,9.0,3.0,Midwest,mobile,0,0,0.0
208,59.0,1.0,9.0,7.0,Midwest,tablet,1,1,27.04
209,45.0,5.0,2.0,11.0,West,mobile,1,0,0.0
210,49.0,4.0,13.0,4.0,Northeast,mobile,1,0,0.0
211,57.0,5.0,14.0,1.0,Northeast,tablet,1,0,0.0
212,52.0,3.0,14.0,7.0,West,mobile,0,0,0.0
213,23.0,5.0,7.0,3.0,West,mobile,1,1,25.48
214,56.0,4.0,12.0,9.0,Midwest,mobile,1,0,0.0
215,25.0,5.0,0.0,11.0,nan,mobile,0,0,0.0
216,38.0,2.0,1.0,11.0,Northeast,desktop,0,0,0.0
217,22.0,4.0,0.0,4.0,nan,mobile,0,0,0.0
218,64.0,3.0,8.0,7.0,Midwest,desktop,1,1,30.16
219,48.0,4.0,6.0,5.0,nan,desktop,0,1,25.39
220,38.0,2.0,10.0,8.0,Midwest,mobile,1,0,0.0
221,58.0,2.0,3.0,3.0,West,tablet,0,0,0.0
222,25.0,5.0,4.0,4.0,nan,mobile,1,0,0.0
223,31.0,3.0,5.0,1.0,nan,desktop,0,0,0.0
224,53.0,5.0,10.0,2.0,Northeast,desktop,0,0,0.0
225,61.0,2.0,4.0,2.0,West,desktop,1,0,0.0
226,36.0,2.0,13.0,4.0,Midwest,mobile,0,1,24.78
227,51.0,3.0,3.0,1.0,Southeast,mobile,1,0,0.0
228,23.0,1.0,9.0,7.0,West,mobile,1,1,18.86
229,32.0,3.0,3.0,11.0,Midwest,mobile,0,0,0.0
230,29.0,1.0,7.0,10.0,Midwest,mobile,0,0,0.0
231,43.0,1.0,8.0,9.0,West,desktop,0,0,0.0
232,37.0,1.0,11.0,7.0,West,desktop,0,0,0.0
233,26.0,2.0,14.0,3.0,Midwest,mobile,0,0,0.0
234,31.0,4.0,4.0,11.0,Midwest,tablet,0,0,0.0
235,25.0,2.0,11.0,6.0,Midwest,desktop,0,0,0.0
236,27.0,1.0,10.0,8.0,West,desktop,1,0,0.0
237,50.0,5.0,11.0,0.0,nan,mobile,1,0,0.0
238,28.0,1.0,7.0,7.0,Southeast,desktop,0,0,0.0
239,24.0,4.0,3.0,2.0,Southeast,desktop,0,0,0.0
240,48.0,3.0,9.0,0.0,West,mobile,0,1,27.0
241,54.0,1.0,5.0,11.0,Midwest,mobile,1,0,0.0
242,27.0,4.0,7.0,7.0,Northeast,mobile,0,0,0.0
243,37.0,1.0,2.0,0.0,Northeast,tablet,0,0,0.0
244,55.0,1.0,6.0,0.0,West,tablet,0,0,0.0
245,28.0,1.0,9.0,9.0,Southeast,desktop,1,0,0.0
246,58.0,1.0,0.0,6.0,West,mobile,0,0,0.0
247,48.0,2.0,5.0,1.0,West,mobile,0,0,0.0
248,53.0,1.0,9.0,7.0,Southeast,mobile,0,0,0.0
249,57.0,1.0,7.0,11.0,Midwest,desktop,0,0,0.0
250,32.0,1.0,14.0,7.0,Midwest,mobile,1,1,25.1
251,32.0,2.0,13.0,10.0,nan,desktop,1,1,25.3
252,46.0,1.0,5.0,10.0,nan,mobile,1,0,0.0
253,55.0,2.0,14.0,11.0,West,mobile,1,1,23.48
254,24.0,4.0,9.0,5.0,Southeast,mobile,1,0,0.0
255,48.0,1.0,4.0,11.0,nan,mobile,0,0,0.0
256,62.0,5.0,10.0,5.0,Southeast,mobile,1,0,0.0
257,48.0,3.0,1.0,4.0,Midwest,desktop,1,0,0.0
258,22.0,2.0,9.0,6.0,nan,desktop,1,0,0.0
259,29.0,1.0,13.0,10.0,West,desktop,1,0,0.0
260,31.0,1.0,13.0,4.0,Midwest,mobile,1,0,0.0
261,38.0,4.0,1.0,5.0,Northeast,desktop,0,0,0.0
262,25.0,1.0,13.0,3.0,West,tablet,1,0,0.0
263,56.0,3.0,5.0,4.0,Northeast,mobile,0,0,0.0
264,64.0,1.0,13.0,1.0,Northeast,desktop,1,0,0.0
265,38.0,3.0,8.0,10.0,Southeast,mobile,1,1,24.2
266,23.0,5.0,6.0,10.0,West,mobile,0,0,0.0
267,50.0,5.0,6.0,11.0,nan,desktop,1,0,0.0
268,22.0,3.0,2.0,0.0,Northeast,tablet,0,0,0.0
269,37.0,2.0,10.0,0.0,West,desktop,1,0,0.0
270,26.0,2.0,6.0,11.0,Midwest,desktop,0,0,0.0
271,49.0,2.0,4.0,9.0,West,desktop,0,1,19.54
272,59.0,2.0,7.0,3.0,West,desktop,0,0,0.0
273,38.0,4.0,4.0,5.0,West,mobile,0,0,0.0
274,39.0,1.0,0.0,8.0,West,mobile,0,0,0.0
275,44.0,5.0,11.0,4.0,Northeast,desktop,1,1,26.44
276,62.0,1.0,12.0,8.0,Southeast,mobile,0,1,21.76
277,51.0,4.0,12.0,9.0,West,mobile,0,0,0.0
278,63.0,4.0,13.0,4.0,Northeast,tablet,1,1,28.78
279,35.0,4.0,0.0,0.0,nan,mobile,1,1,25.77
280,53.0,4.0,9.0,4.0,Midwest,mobile,1,0,0.0
281,62.0,3.0,2.0,11.0,Southeast,mobile,0,0,0.0
282,29.0,1.0,8.0,7.0,Midwest,mobile,0,0,0.0
283,40.0,4.0,14.0,1.0,Southeast,tablet,0,0,0.0
284,63.0,2.0,5.0,0.0,West,mobile,0,0,0.0
285,44.0,2.0,7.0,11.0,West,desktop,0,0,0.0
286,40.0,5.0,14.0,0.0,Southeast,mobile,0,0,0.0
287,48.0,1.0,9.0,0.0,West,mobile,0,0,0.0
288,41.0,3.0,6.0,8.0,West,tablet,1,0,0.0
289,43.0,2.0,14.0,1.0,Midwest,mobile,1,1,34.11
290,49.0,1.0,3.0,6.0,Midwest,mobile,1,0,0.0
291,29.0,5.0,6.0,1.0,West,desktop,1,0,0.0
292,52.0,4.0,14.0,11.0,Northeast,mobile,1,0,0.0
293,57.0,3.0,10.0,2.0,nan,mobile,1,0,0.0
294,63.0,5.0,12.0,3.0,Midwest,tablet,1,0,0.0
295,54.0,2.0,3.0,3.0,nan,desktop,0,0,0.0
296,63.0,2.0,4.0,4.0,nan,mobile,0,0,0.0
297,44.0,1.0,6.0,3.0,Northeast,mobile,0,0,0.0
298,39.0,4.0,8.0,7.0,Southeast,mobile,1,0,0.0
299,51.0,5.0,8.0,5.0,West,mobile,1,0,0.0
300,28.0,5.0,8.0,8.0,Northeast,tablet,1,1,28.7
301,40.0,1.0,3.0,6.0,Midwest,mobile,0,0,0.0
302,61.0,2.0,13.0,4.0,Southeast,tablet,1,0,0.0
303,22.0,5.0,12.0,9.0,nan,desktop,1,0,0.0
304,27.0,5.0,8.0,1.0,Northeast,mobile,1,0,0.0
305,50.0,2.0,1.0,10.0,Northeast,desktop,0,0,0.0
306,45.0,3.0,6.0,0.0,Midwest,mobile,1,0,0.0
307,54.0,3.0,5.0,6.0,Southeast,mobile,0,0,0.0
308,29.0,1.0,8.0,0.0,West,mobile,0,0,0.0
309,40.0,2.0,5.0,7.0,Northeast,desktop,0,0,0.0
310,37.0,4.0,14.0,4.0,West,desktop,1,1,26.76
311,62.0,4.0,9.0,1.0,Midwest,mobile,1,1,22.86
312,44.0,1.0,0.0,3.0,nan,desktop,0,0,0.0
313,27.0,3.0,3.0,5.0,nan,mobile,1,0,0.0
314,52.0,2.0,9.0,0.0,West,mobile,1,1,22.72
315,48.0,4.0,2.0,5.0,Midwest,tablet,1,1,28.3
316,63.0,4.0,1.0,7.0,Midwest,desktop,0,0,0.0
317,39.0,4.0,7.0,2.0,Northeast,desktop,1,0,0.0
318,61.0,3.0,3.0,4.0,nan,desktop,1,0,0.0
319,35.0,2.0,0.0,5.0,nan,mobile,0,0,0.0
320,44.0,1.0,10.0,6.0,Northeast,tablet,0,0,0.0
321,35.0,4.0,10.0,7.0,Midwest,mobile,1,0,0.0
322,35.0,5.0,10.0,10.0,Midwest,mobile,1,1,24.03
323,47.0,3.0,1.0,8.0,Midwest,mobile,0,1,18.61
324,45.0,1.0,12.0,4.0,Midwest,tablet,0,0,0.0
325,60.0,3.0,1.0,10.0,West,desktop,0,0,0.0
326,37.0,1.0,8.0,2.0,West,mobile,1,0,0.0
327,48.0,5.0,14.0,9.0,Midwest,mobile,0,1,24.06
328,41.0,4.0,12.0,3.0,Northeast,mobile,1,0,0.0
329,59.0,5.0,14.0,4.0,Southeast,mobile,1,0,0.0
330,61.0,4.0,7.0,0.0,Northeast,mobile,0,0,0.0
331,34.0,5.0,6.0,10.0,West,mobile,0,0,0.0
332,44.0,3.0,3.0,2.0,Midwest,mobile,1,0,0.0
333,37.0,5.0,14.0,0.0,Northeast,tablet,1,0,0.0
334,23.0,3.0,6.0,10.0,Southeast,mobile,0,1,20.75
335,59.0,2.0,9.0,11.0,nan,desktop,0,0,0.0
336,51.0,5.0,2.0,1.0,nan,tablet,0,0,0.0
337,62.0,2.0,4.0,10.0,Midwest,mobile,1,0,0.0
338,34.0,2.0,8.0,3.0,Northeast,mobile,0,0,0.0
339,36.0,3.0,12.0,9.0,West,desktop,0,0,0.0
340,31.0,3.0,7.0,1.0,Northeast,tablet,0,0,0.0
341,37.0,3.0,2.0,0.0,nan,mobile,1,0,0.0
342,54.0,4.0,3.0,0.0,Midwest,mobile,0,0,0.0
343,58.0,3.0,8.0,9.0,Southeast,mobile,1,0,0.0
344,29.0,5.0,7.0,4.0,Northeast,desktop,1,0,0.0
345,23.0,5.0,3.0,2.0,West,mobile,1,1,29.9
346,48.0,4.0,9.0,9.0,Northeast,mobile,1,1,27.91
347,28.0,2.0,10.0,4.0,Midwest,mobile,1,0,0.0
348,57.0,1.0,6.0,0.0,Northeast,desktop,0,0,0.0
349,26.0,1.0,13.0,9.0,nan,mobile,0,1,25.15
350,34.0,4.0,3.0,8.0,West,desktop,1,0,0.0
351,36.0,1.0,5.0,8.0,Northeast,mobile,0,0,0.0
352,42.0,4.0,14.0,0.0,West,desktop,1,0,0.0
353,58.0,3.0,1.0,2.0,Midwest,tablet,0,0,0.0
354,46.0,4.0,12.0,8.0,Northeast,tablet,1,0,0.0
355,34.0,5.0,2.0,9.0,Midwest,mobile,1,0,0.0
356,49.0,1.0,3.0,11.0,Southeast,desktop,1,0,0.0
357,44.0,3.0,2.0,9.0,Southeast,tablet,0,1,21.06
358,63.0,5.0,7.0,3.0,nan,desktop,1,0,0.0
359,63.0,2.0,3.0,6.0,Southeast,tablet,0,0,0.0
360,60.0,4.0,5.0,5.0,West,tablet,1,0,0.0
361,29.0,4.0,2.0,4.0,nan,mobile,0,0,0.0
362,30.0,5.0,14.0,6.0,Northeast,mobile,1,1,35.16
363,29.0,1.0,9.0,10.0,Northeast,desktop,0,0,0.0
364,45.0,5.0,10.0,2.0,West,desktop,1,1,28.28
365,56.0,1.0,0.0,6.0,Midwest,mobile,0,0,0.0
366,28.0,1.0,9.0,0.0,West,tablet,0,0,0.0
367,63.0,1.0,11.0,6.0,Midwest,mobile,1,0,0.0
368,24.0,4.0,2.0,0.0,nan,tablet,0,0,0.0
369,44.0,1.0,14.0,10.0,Northeast,mobile,1,1,26.54
370,37.0,4.0,2.0,4.0,Midwest,desktop,1,0,0.0
371,61.0,2.0,13.0,2.0,nan,tablet,0,1,26.84
372,35.0,4.0,13.0,2.0,Northeast,desktop,1,1,25.29
373,29.0,4.0,3.0,3.0,Midwest,mobile,1,0,0.0
374,46.0,2.0,6.0,6.0,Midwest,mobile,0,1,23.27
375,24.0,5.0,2.0,4.0,Midwest,desktop,1,0,0.0
376,49.0,2.0,0.0,0.0,Northeast,desktop,0,0,0.0
377,28.0,1.0,6.0,2.0,Midwest,desktop,0,0,0.0
378,38.0,4.0,7.0,8.0,Midwest,desktop,1,1,21.39
379,47.0,1.0,2.0,3.0,Midwest,mobile,0,0,0.0
380,59.0,2.0,9.0,1.0,Northeast,mobile,0,0,0.0
381,51.0,3.0,13.0,7.0,Southeast,desktop,1,1,26.25
382,58.0,5.0,4.0,0.0,Midwest,desktop,0,0,0.0
383,56.0,4.0,11.0,7.0,West,mobile,1,0,0.0
384,53.0,4.0,6.0,3.0,nan,tablet,1,0,0.0
385,36.0,3.0,6.0,6.0,Northeast,desktop,0,0,0.0
386,37.0,2.0,4.0,8.0,nan,desktop,0,0,0.0
387,59.0,5.0,14.0,5.0,nan,desktop,1,0,0.0
388,32.0,1.0,6.0,1.0,Southeast,mobile,0,1,19.47
389,59.0,1.0,13.0,8.0,Midwest,tablet,0,0,0.0
390,26.0,1.0,14.0,9.0,Southeast,desktop,0,0,0.0
391,57.0,4.0,2.0,3.0,Midwest,desktop,0,0,0.0
392,32.0,2.0,6.0,7.0,West,mobile,1,0,0.0
393,53.0,1.0,1.0,0.0,Northeast,desktop,0,0,0.0
394,63.0,1.0,12.0,3.0,nan,tablet,0,0,0.0
395,61.0,4.0,5.0,10.0,Midwest,mobile,1,1,24.26
396,39.0,3.0,1.0,1.0,West,tablet,0,0,0.0
397,28.0,3.0,3.0,4.0,Midwest,mobile,0,0,0.0
398,39.0,4.0,11.0,10.0,Southeast,mobile,1,0,0.0
399,48.0,3.0,1.0,5.0,Southeast,tablet,0,0,0.0
400,42.0,5.0,7.0,2.0,Midwest,desktop,1,0,0.0
401,54.0,3.0,14.0,8.0,Midwest,mobile,1,0,0.0
402,49.0,4.0,5.0,7.0,Midwest,mobile,1,0,0.0
403,23.0,2.0,2.0,5.0,Northeast,desktop,0,0,0.0
404,61.0,3.0,8.0,8.0,West,mobile,1,1,26.32
405,33.0,1.0,9.0,9.0,Midwest,mobile,0,0,0.0
406,26.0,2.0,5.0,6.0,nan,desktop,1,0,0.0
407,32.0,5.0,10.0,2.0,Midwest,mobile,1,0,0.0
408,57.0,5.0,12.0,7.0,Northeast,mobile,1,0,0.0
409,55.0,3.0,9.0,9.0,West,desktop,1,0,0.0
410,41.0,2.0,11.0,3.0,nan,desktop,0,0,0.0
411,44.0,4.0,5.0,0.0,West,mobile,1,0,0.0
412,33.0,4.0,3.0,7.0,Southeast,desktop,1,0,0.0
413,64.0,1.0,13.0,4.0,Midwest,mobile,0,1,24.4
414,45.0,4.0,6.0,9.0,nan,tablet,1,0,0.0
415,27.0,1.0,1.0,7.0,Northeast,desktop,0,0,0.0
416,45.0,1.0,2.0,9.0,Northeast,desktop,0,0,0.0
417,24.0,3.0,14.0,5.0,West,desktop,1,0,0.0
418,27.0,4.0,0.0,2.0,Northeast,mobile,0,1,21.68
419,31.0,2.0,12.0,7.0,West,mobile,1,0,0.0
420,26.0,5.0,4.0,9.0,nan,mobile,1,0,0.0
421,58.0,3.0,14.0,2.0,Southeast,desktop,1,0,0.0
422,48.0,4.0,8.0,8.0,nan,tablet,0,0,0.0
423,43.0,3.0,11.0,11.0,West,mobile,0,0,0.0
424,53.0,3.0,11.0,5.0,West,tablet,1,0,0.0
425,48.0,2.0,6.0,3.0,Midwest,mobile,0,0,0.0
426,48.0,3.0,14.0,5.0,Southeast,mobile,1,0,0.0
427,46.0,2.0,10.0,5.0,Midwest,mobile,0,0,0.0
428,37.0,1.0,6.0,6.0,Northeast,mobile,0,0,0.0
429,22.0,4.0,5.0,8.0,Midwest,desktop,1,1,30.85
430,45.0,2.0,0.0,9.0,West,mobile,1,0,0.0
431,55.0,1.0,3.0,8.0,nan,desktop,0,0,0.0
432,60.0,5.0,9.0,7.0,Northeast,tablet,1,0,0.0
433,32.0,4.0,10.0,8.0,Northeast,mobile,1,0,0.0
434,61.0,2.0,3.0,10.0,Northeast,mobile,0,0,0.0
435,24.0,4.0,6.0,2.0,West,mobile,1,0,0.0
436,31.0,1.0,8.0,9.0,Southeast,desktop,1,0,0.0
437,58.0,2.0,2.0,2.0,Northeast,tablet,0,0,0.0
438,26.0,2.0,6.0,10.0,West,mobile,0,0,0.0
439,42.0,3.0,12.0,6.0,Northeast,tablet,1,0,0.0
440,50.0,3.0,4.0,10.0,Midwest,tablet,0,0,0.0
441,23.0,3.0,11.0,11.0,West,desktop,0,0,0.0
442,29.0,2.0,4.0,0.0,nan,desktop,1,0,0.0
443,38.0,2.0,1.0,6.0,Midwest,desktop,0,1,15.9
444,56.0,1.0,5.0,4.0,West,tablet,0,0,0.0
445,54.0,1.0,6.0,2.0,Northeast,desktop,0,0,0.0
446,34.0,2.0,2.0,4.0,Midwest,mobile,0,0,0.0
447,39.0,4.0,10.0,7.0,Midwest,desktop,1,0,0.0
448,28.0,5.0,10.0,8.0,Southeast,mobile,1,0,0.0
449,41.0,5.0,8.0,1.0,nan,mobile,1,0,0.0
450,57.0,2.0,5.0,6.0,West,desktop,1,0,0.0
451,25.0,3.0,0.0,7.0,Midwest,mobile,0,0,0.0
452,30.0,2.0,10.0,11.0,Northeast,mobile,1,0,0.0
453,34.0,1.0,5.0,2.0,West,mobile,1,0,0.0
454,22.0,4.0,8.0,7.0,Midwest,mobile,1,1,28.21
455,60.0,1.0,4.0,9.0,West,tablet,0,0,0.0
456,57.0,1.0,3.0,6.0,West,mobile,0,0,0.0
457,36.0,5.0,8.0,2.0,West,tablet,1,0,0.0
458,26.0,5.0,4.0,10.0,Midwest,mobile,1,0,0.0
459,43.0,3.0,6.0,1.0,nan,mobile,0,0,0.0
460,40.0,3.0,13.0,9.0,Southeast,mobile,1,0,0.0
461,28.0,4.0,3.0,11.0,West,mobile,1,0,0.0
462,39.0,3.0,6.0,1.0,Southeast,mobile,1,1,22.86
463,61.0,4.0,4.0,7.0,nan,tablet,1,0,0.0
464,28.0,1.0,1.0,5.0,Midwest,desktop,0,0,0.0
465,59.0,5.0,6.0,8.0,Northeast,mobile,0,0,0.0
466,23.0,1.0,9.0,11.0,nan,mobile,0,0,0.0
467,41.0,4.0,4.0,2.0,Southeast,mobile,1,1,29.49
468,25.0,5.0,5.0,8.0,nan,mobile,0,1,22.2
469,51.0,1.0,10.0,11.0,West,mobile,0,0,0.0
470,40.0,2.0,6.0,0.0,Midwest,desktop,0,1,22.78
471,48.0,2.0,8.0,9.0,Southeast,desktop,1,0,0.0
472,63.0,3.0,3.0,0.0,Northeast,mobile,0,0,0.0
473,59.0,1.0,6.0,2.0,Southeast,mobile,0,0,0.0
474,53.0,3.0,0.0,8.0,nan,desktop,0,0,0.0
475,37.0,5.0,8.0,10.0,Southeast,mobile,1,0,0.0
476,52.0,1.0,8.0,9.0,Southeast,mobile,1,1,22.66
477,45.0,5.0,2.0,2.0,Northeast,mobile,0,0,0.0
478,50.0,4.0,6.0,9.0,Midwest,tablet,0,0,0.0
479,51.0,3.0,10.0,3.0,Midwest,desktop,0,0,0.0
480,55.0,3.0,6.0,3.0,West,mobile,1,0,0.0
481,53.0,1.0,14.0,9.0,nan,desktop,0,0,0.0
482,44.0,5.0,13.0,9.0,Northeast,desktop,1,0,0.0
483,30.0,1.0,2.0,9.0,Southeast,mobile,0,0,0.0
484,64.0,1.0,3.0,11.0,West,mobile,1,0,0.0
485,25.0,4.0,4.0,2.0,Northeast,tablet,1,0,0.0
486,48.0,1.0,8.0,6.0,Southeast,desktop,0,0,0.0
487,31.0,1.0,8.0,6.0,West,mobile,0,0,0.0
488,49.0,2.0,12.0,7.0,Northeast,mobile,1,0,0.0
489,41.0,3.0,5.0,11.0,nan,mobile,0,1,17.51
490,22.0,2.0,6.0,2.0,West,mobile,0,0,0.0
491,62.0,5.0,7.0,2.0,Southeast,desktop,1,0,0.0
492,54.0,5.0,11.0,2.0,Southeast,mobile,1,1,30.73
493,36.0,3.0,6.0,1.0,Southeast,desktop,1,1,31.15
494,37.0,3.0,8.0,0.0,Northeast,mobile,0,0,0.0
495,45.0,3.0,1.0,3.0,West,mobile,1,1,19.99
496,55.0,2.0,5.0,2.0,West,desktop,0,0,0.0
497,64.0,3.0,6.0,11.0,Northeast,tablet,0,0,0.0
498,58.0,2.0,13.0,1.0,Southeast,mobile,0,0,0.0
499,25.0,5.0,1.0,3.0,Midwest,mobile,0,0,0.0
500,22.0,3.0,5.0,7.0,Northeast,tablet,0,0,0.0
501,29.0,3.0,9.0,7.0,Southeast,mobile,0,0,0.0
502,38.0,2.0,6.0,0.0,Southeast,mobile,1,1,25.72
503,23.0,1.0,4.0,6.0,nan,tablet,0,0,0.0
504,60.0,1.0,9.0,11.0,Northeast,mobile,0,0,0.0
505,50.0,2.0,0.0,2.0,Southeast,desktop,1,0,0.0
506,27.0,4.0,8.0,11.0,Midwest,mobile,1,0,0.0
507,58.0,5.0,13.0,10.0,Northeast,desktop,1,0,0.0
508,54.0,4.0,7.0,3.0,Northeast,tablet,0,0,0.0
509,35.0,1.0,11.0,4.0,nan,mobile,0,1,24.15
510,35.0,1.0,10.0,10.0,nan,tablet,0,1,19.17
511,52.0,3.0,9.0,6.0,Northeast,mobile,1,1,25.67
512,43.0,3.0,10.0,5.0,Southeast,desktop,0,0,0.0
513,63.0,1.0,14.0,5.0,nan,tablet,0,0,0.0
514,60.0,3.0,7.0,10.0,Southeast,tablet,1,0,0.0
515,62.0,1.0,4.0,1.0,Midwest,mobile,0,0,0.0
516,49.0,4.0,7.0,8.0,Northeast,desktop,1,0,0.0
517,55.0,5.0,7.0,0.0,Midwest,mobile,1,0,0.0
518,40.0,1.0,2.0,1.0,Northeast,mobile,0,0,0.0
519,54.0,2.0,14.0,1.0,Midwest,mobile,0,1,26.11
520,51.0,4.0,10.0,8.0,nan,mobile,1,1,24.51
521,43.0,4.0,5.0,10.0,Midwest,mobile,0,0,0.0
522,31.0,3.0,14.0,7.0,West,desktop,1,1,32.8
523,63.0,5.0,4.0,4.0,Midwest,mobile,0,0,0.0
524,22.0,3.0,4.0,9.0,Southeast,mobile,1,0,0.0
525,26.0,4.0,3.0,3.0,nan,mobile,1,0,0.0
526,48.0,3.0,3.0,9.0,nan,mobile,1,0,0.0
527,38.0,5.0,9.0,7.0,Southeast,mobile,1,1,22.59
528,59.0,3.0,14.0,8.0,nan,desktop,1,0,0.0
529,24.0,1.0,8.0,3.0,nan,tablet,0,0,0.0
530,52.0,5.0,6.0,7.0,Southeast,mobile,1,1,25.76
531,32.0,3.0,12.0,2.0,Midwest,desktop,0,0,0.0
532,44.0,4.0,10.0,10.0,Northeast,desktop,1,0,0.0
533,40.0,3.0,2.0,1.0,Northeast,mobile,1,1,23.36
534,28.0,2.0,7.0,9.0,Northeast,mobile,1,0,0.0
535,40.0,2.0,9.0,7.0,Southeast,mobile,0,0,0.0
536,25.0,1.0,8.0,8.0,nan,desktop,1,1,24.4
537,58.0,1.0,0.0,0.0,Southeast,mobile,0,0,0.0
538,34.0,2.0,5.0,1.0,West,desktop,0,0,0.0
539,26.0,4.0,14.0,3.0,nan,mobile,1,0,0.0
540,63.0,1.0,11.0,11.0,Midwest,desktop,0,0,0.0
541,48.0,4.0,11.0,5.0,West,mobile,1,0,0.0
542,41.0,4.0,7.0,10.0,Midwest,desktop,0,1,27.49
543,42.0,4.0,8.0,3.0,Southeast,mobile,0,1,23.9
544,56.0,4.0,7.0,6.0,West,tablet,0,0,0.0
545,39.0,5.0,3.0,5.0,West,desktop,1,1,25.64
546,22.0,2.0,8.0,10.0,West,desktop,0,0,0.0
547,50.0,4.0,12.0,4.0,Southeast,desktop,0,0,0.0
548,42.0,5.0,14.0,6.0,Midwest,mobile,1,0,0.0
549,27.0,4.0,5.0,3.0,Southeast,mobile,1,1,22.63
550,32.0,5.0,12.0,6.0,nan,mobile,1,0,0.0
551,38.0,5.0,4.0,6.0,nan,mobile,1,0,0.0
552,62.0,3.0,0.0,10.0,Northeast,mobile,0,0,0.0
553,56.0,4.0,4.0,6.0,West,tablet,1,0,0.0
554,30.0,3.0,5.0,4.0,Southeast,mobile,1,0,0.0
555,31.0,5.0,14.0,7.0,West,mobile,1,0,0.0
556,24.0,1.0,2.0,8.0,Southeast,desktop,0,0,0.0
557,30.0,5.0,6.0,3.0,Midwest,mobile,0,0,0.0
558,28.0,5.0,13.0,9.0,Midwest,mobile,1,0,0.0
559,44.0,2.0,3.0,4.0,West,tablet,0,0,0.0
560,24.0,1.0,3.0,10.0,Southeast,desktop,1,1,20.68
561,45.0,3.0,9.0,4.0,nan,desktop,0,1,26.31
562,35.0,4.0,11.0,7.0,Northeast,mobile,1,0,0.0
563,51.0,2.0,3.0,3.0,Southeast,mobile,0,0,0.0
564,64.0,4.0,9.0,3.0,Southeast,mobile,0,0,0.0
565,62.0,3.0,9.0,1.0,Southeast,mobile,0,0,0.0
566,62.0,2.0,11.0,9.0,Midwest,mobile,0,0,0.0
567,46.0,3.0,8.0,5.0,Southeast,mobile,1,0,0.0
568,46.0,1.0,10.0,1.0,Midwest,mobile,0,0,0.0
569,47.0,3.0,5.0,3.0,nan,desktop,0,1,28.76
570,57.0,4.0,4.0,7.0,West,mobile,0,0,0.0
571,33.0,5.0,6.0,8.0,Midwest,mobile,1,1,25.25
572,39.0,2.0,7.0,8.0,West,mobile,0,1,21.54
573,36.0,1.0,8.0,11.0,Northeast,tablet,1,0,0.0
574,60.0,1.0,2.0,10.0,Southeast,tablet,0,0,0.0
575,31.0,5.0,12.0,4.0,nan,desktop,1,1,30.09
576,31.0,5.0,3.0,4.0,nan,desktop,1,0,0.0
577,37.0,4.0,3.0,2.0,nan,mobile,0,0,0.0
578,39.0,3.0,1.0,9.0,West,mobile,0,0,0.0
579,52.0,5.0,3.0,8.0,West,mobile,0,0,0.0
580,27.0,4.0,13.0,6.0,Northeast,desktop,1,1,27.45
581,31.0,2.0,13.0,8.0,Midwest,tablet,1,1,29.91
582,62.0,2.0,4.0,7.0,Midwest,mobile,0,0,0.0
583,49.0,5.0,3.0,9.0,Midwest,mobile,1,1,28.02
584,36.0,1.0,1.0,8.0,Southeast,mobile,0,0,0.0
585,63.0,4.0,4.0,6.0,West,mobile,0,0,0.0
586,32.0,1.0,3.0,1.0,Southeast,mobile,0,0,0.0
587,49.0,4.0,1.0,6.0,West,tablet,0,0,0.0
588,31.0,2.0,3.0,8.0,Midwest,mobile,1,0,0.0
589,51.0,1.0,3.0,11.0,Midwest,mobile,0,0,0.0
590,42.0,1.0,1.0,1.0,nan,mobile,0,0,0.0
591,28.0,1.0,5.0,2.0,nan,desktop,0,0,0.0
592,43.0,5.0,10.0,11.0,West,tablet,1,1,28.52
593,41.0,5.0,14.0,11.0,Midwest,desktop,1,1,28.46
594,50.0,2.0,9.0,1.0,Midwest,desktop,0,0,0.0
595,60.0,2.0,11.0,3.0,Midwest,desktop,1,0,0.0
596,56.0,1.0,8.0,11.0,West,tablet,0,0,0.0
597,36.0,3.0,9.0,0.0,West,desktop,0,0,0.0
598,52.0,5.0,13.0,3.0,Southeast,desktop,1,1,39.71
599,45.0,3.0,13.0,11.0,Midwest,tablet,0,0,0.0
600,43.0,4.0,0.0,4.0,West,desktop,1,0,0.0
601,31.0,5.0,7.0,9.0,Northeast,mobile,1,1,28.55
602,45.0,5.0,9.0,6.0,Northeast,tablet,1,0,0.0
603,36.0,2.0,14.0,3.0,West,desktop,1,0,0.0
604,63.0,2.0,8.0,5.0,nan,desktop,1,1,30.02
605,41.0,3.0,3.0,7.0,Northeast,mobile,0,0,0.0
606,41.0,1.0,10.0,8.0,nan,tablet,0,0,0.0
607,25.0,3.0,14.0,5.0,nan,desktop,1,0,0.0
608,35.0,4.0,4.0,8.0,Northeast,desktop,0,1,22.28
609,64.0,1.0,4.0,1.0,Northeast,desktop,1,0,0.0
610,49.0,5.0,6.0,4.0,Midwest,desktop,1,1,29.14
611,53.0,5.0,9.0,9.0,West,tablet,1,1,26.56
612,50.0,2.0,5.0,9.0,Midwest,desktop,0,0,0.0
613,42.0,2.0,10.0,9.0,West,desktop,1,0,0.0
614,62.0,5.0,5.0,5.0,Northeast,tablet,0,0,0.0
615,35.0,5.0,7.0,6.0,Southeast,desktop,1,1,29.0
616,37.0,4.0,9.0,7.0,West,mobile,1,0,0.0
617,53.0,2.0,3.0,1.0,Midwest,mobile,1,0,0.0
618,43.0,3.0,3.0,8.0,Midwest,desktop,1,1,26.11
619,38.0,4.0,4.0,2.0,West,mobile,0,0,0.0
620,48.0,4.0,13.0,7.0,Northeast,desktop,1,0,0.0
621,57.0,2.0,9.0,10.0,Midwest,tablet,1,0,0.0
622,52.0,1.0,14.0,0.0,nan,desktop,0,0,0.0
623,40.0,1.0,4.0,4.0,nan,mobile,0,0,0.0
624,23.0,2.0,6.0,9.0,Southeast,tablet,1,1,28.46
625,56.0,3.0,6.0,1.0,Midwest,mobile,1,0,0.0
626,60.0,1.0,14.0,5.0,Northeast,mobile,1,1,22.81
627,53.0,1.0,9.0,8.0,Northeast,mobile,0,0,0.0
628,29.0,2.0,7.0,1.0,Northeast,desktop,1,0,0.0
629,59.0,5.0,8.0,11.0,Midwest,desktop,1,1,26.72
630,31.0,2.0,0.0,2.0,nan,desktop,0,0,0.0
631,59.0,4.0,5.0,8.0,Northeast,mobile,0,0,0.0
632,51.0,4.0,13.0,2.0,nan,mobile,1,0,0.0
633,43.0,4.0,4.0,4.0,Midwest,desktop,0,0,0.0
634,30.0,5.0,5.0,10.0,Northeast,mobile,1,1,25.25
635,40.0,2.0,6.0,11.0,Northeast,tablet,0,0,0.0
636,27.0,1.0,0.0,7.0,Midwest,mobile,0,0,0.0
637,52.0,1.0,7.0,2.0,Northeast,mobile,0,0,0.0
638,62.0,3.0,2.0,0.0,West,mobile,0,0,0.0
639,57.0,3.0,10.0,8.0,Southeast,mobile,0,0,0.0
640,49.0,3.0,10.0,9.0,West,mobile,1,0,0.0
641,64.0,5.0,6.0,4.0,Northeast,mobile,1,0,0.0
642,62.0,1.0,3.0,8.0,Midwest,tablet,0,0,0.0
643,64.0,4.0,11.0,2.0,Midwest,mobile,1,0,0.0
644,24.0,2.0,10.0,6.0,West,mobile,1,0,0.0
645,63.0,4.0,4.0,1.0,West,mobile,0,0,0.0
646,23.0,1.0,12.0,9.0,Midwest,mobile,0,0,0.0
647,38.0,1.0,8.0,10.0,nan,mobile,0,0,0.0
648,34.0,3.0,13.0,9.0,nan,mobile,1,0,0.0
649,58.0,2.0,10.0,0.0,nan,mobile,1,1,24.04
650,23.0,5.0,13.0,6.0,Southeast,mobile,1,0,0.0
651,63.0,4.0,4.0,5.0,West,tablet,1,0,0.0
652,40.0,3.0,2.0,8.0,West,mobile,0,0,0.0
653,25.0,2.0,11.0,9.0,West,desktop,1,1,32.02
654,63.0,4.0,8.0,0.0,West,mobile,1,0,0.0
655,24.0,3.0,11.0,10.0,Northeast,desktop,1,1,26.9
656,37.0,4.0,13.0,6.0,Southeast,mobile,1,1,33.76
657,33.0,4.0,5.0,1.0,Midwest,mobile,1,0,0.0
658,53.0,5.0,3.0,4.0,Midwest,mobile,1,0,0.0
659,32.0,2.0,2.0,8.0,Midwest,desktop,0,0,0.0
660,49.0,4.0,14.0,2.0,nan,tablet,1,0,0.0
661,25.0,3.0,8.0,6.0,nan,mobile,0,0,0.0
662,23.0,1.0,11.0,5.0,West,desktop,0,1,21.79
663,25.0,2.0,14.0,4.0,Midwest,desktop,1,1,27.92
664,31.0,1.0,14.0,4.0,West,tablet,1,0,0.0
665,43.0,2.0,14.0,6.0,nan,desktop,1,0,0.0
666,49.0,1.0,4.0,2.0,West,mobile,0,0,0.0
667,48.0,1.0,10.0,7.0,West,desktop,1,0,0.0
668,25.0,1.0,3.0,11.0,Southeast,tablet,0,0,0.0
669,37.0,1.0,6.0,9.0,Southeast,desktop,1,1,18.35
670,41.0,3.0,14.0,0.0,West,desktop,1,0,0.0
671,38.0,5.0,4.0,5.0,nan,mobile,1,1,22.26
672,51.0,3.0,4.0,10.0,West,mobile,0,0,0.0
673,43.0,3.0,8.0,8.0,Southeast,mobile,0,0,0.0
674,36.0,4.0,13.0,9.0,West,tablet,1,0,0.0
675,31.0,3.0,9.0,7.0,Midwest,mobile,1,1,25.25
676,35.0,1.0,2.0,0.0,Southeast,mobile,0,0,0.0
677,57.0,3.0,14.0,8.0,Southeast,desktop,1,0,0.0
678,53.0,5.0,5.0,4.0,West,mobile,1,0,0.0
679,40.0,2.0,6.0,0.0,nan,tablet,0,1,20.17
680,40.0,1.0,9.0,7.0,Southeast,desktop,0,0,0.0
681,34.0,4.0,10.0,7.0,Northeast,mobile,1,0,0.0
682,44.0,4.0,13.0,1.0,Midwest,desktop,1,0,0.0
683,59.0,4.0,3.0,8.0,West,desktop,0,0,0.0
684,30.0,4.0,6.0,8.0,Northeast,mobile,0,0,0.0
685,47.0,2.0,4.0,4.0,Midwest,tablet,0,0,0.0
686,55.0,3.0,8.0,4.0,Northeast,mobile,1,1,18.98
687,24.0,5.0,4.0,10.0,Midwest,mobile,0,0,0.0
688,47.0,1.0,4.0,1.0,Southeast,desktop,0,0,0.0
689,47.0,4.0,10.0,7.0,Southeast,mobile,1,0,0.0
690,63.0,4.0,2.0,8.0,Southeast,desktop,1,0,0.0
691,38.0,2.0,6.0,2.0,Midwest,mobile,1,0,0.0
692,54.0,5.0,11.0,3.0,West,tablet,1,1,29.25
693,25.0,1.0,7.0,6.0,Northeast,tablet,1,0,0.0
694,47.0,5.0,11.0,4.0,West,desktop,1,0,0.0
695,32.0,3.0,6.0,1.0,Southeast,mobile,0,0,0.0
696,48.0,1.0,12.0,5.0,West,mobile,1,0,0.0
697,47.0,3.0,12.0,8.0,Northeast,tablet,1,0,0.0
698,36.0,2.0,2.0,5.0,West,mobile,0,1,21.17
699,58.0,3.0,13.0,8.0,West,mobile,1,0,0.0
700,41.0,4.0,0.0,9.0,Northeast,mobile,0,0,0.0
701,32.0,4.0,13.0,7.0,nan,mobile,0,0,0.0
702,50.0,1.0,9.0,7.0,Northeast,mobile,0,0,0.0
703,44.0,4.0,2.0,0.0,Northeast,mobile,1,0,0.0
704,44.0,4.0,7.0,10.0,Northeast,mobile,1,0,0.0
705,27.0,1.0,14.0,1.0,Northeast,desktop,1,0,0.0
706,63.0,5.0,9.0,9.0,nan,mobile,0,0,0.0
707,37.0,1.0,7.0,9.0,Midwest,mobile,0,0,0.0
708,45.0,2.0,3.0,11.0,Northeast,tablet,1,0,0.0
709,28.0,2.0,5.0,4.0,Midwest,desktop,1,0,0.0
710,22.0,1.0,12.0,4.0,West,mobile,1,0,0.0
711,52.0,4.0,12.0,2.0,nan,mobile,1,1,26.53
712,27.0,3.0,6.0,6.0,Midwest,tablet,1,0,0.0
713,51.0,5.0,8.0,2.0,Northeast,mobile,1,0,0.0
714,23.0,2.0,10.0,10.0,Northeast,mobile,0,0,0.0
715,35.0,5.0,14.0,7.0,nan,desktop,1,0,0.0
716,60.0,3.0,2.0,9.0,West,mobile,0,1,16.78
717,45.0,1.0,0.0,5.0,Northeast,desktop,0,0,0.0
718,35.0,2.0,0.0,9.0,West,mobile,0,0,0.0
719,26.0,2.0,8.0,1.0,Northeast,mobile,0,0,0.0
720,57.0,3.0,5.0,5.0,Southeast,tablet,1,0,0.0
721,46.0,4.0,1.0,7.0,Northeast,tablet,1,0,0.0
722,41.0,1.0,6.0,5.0,nan,desktop,0,0,0.0
723,55.0,5.0,9.0,8.0,Southeast,tablet,1,1,31.93
724,61.0,1.0,6.0,0.0,Northeast,desktop,0,1,21.01
725,50.0,5.0,10.0,9.0,West,mobile,1,0,0.0
726,42.0,2.0,3.0,2.0,Midwest,desktop,0,0,0.0
727,48.0,5.0,14.0,1.0,West,tablet,1,1,26.04
728,58.0,1.0,7.0,5.0,nan,desktop,0,1,19.57
729,34.0,2.0,7.0,9.0,Southeast,desktop,0,0,0.0
730,50.0,5.0,7.0,3.0,Midwest,desktop,1,0,0.0
731,44.0,1.0,14.0,10.0,Northeast,mobile,0,0,0.0
732,33.0,2.0,4.0,2.0,nan,mobile,0,1,17.0
733,31.0,3.0,7.0,9.0,Southeast,desktop,0,0,0.0
734,46.0,1.0,4.0,1.0,Midwest,mobile,0,0,0.0
735,29.0,2.0,8.0,8.0,West,mobile,1,0,0.0
736,33.0,4.0,8.0,9.0,nan,mobile,1,0,0.0
737,38.0,3.0,13.0,1.0,Southeast,mobile,1,0,0.0
738,30.0,3.0,0.0,9.0,Northeast,mobile,0,0,0.0
739,35.0,4.0,11.0,7.0,Midwest,mobile,1,1,27.47
740,35.0,5.0,0.0,5.0,Northeast,mobile,1,0,0.0
741,24.0,5.0,8.0,10.0,Southeast,tablet,1,0,0.0
742,34.0,1.0,6.0,9.0,Midwest,tablet,0,1,22.21
743,50.0,4.0,1.0,4.0,Midwest,mobile,0,0,0.0
744,43.0,3.0,0.0,10.0,Midwest,mobile,0,0,0.0
745,37.0,3.0,11.0,10.0,West,mobile,0,0,0.0
746,49.0,2.0,11.0,1.0,Southeast,desktop,1,0,0.0
747,30.0,2.0,8.0,7.0,Midwest,mobile,0,0,0.0
748,63.0,4.0,8.0,9.0,Southeast,mobile,0,0,0.0
749,24.0,5.0,1.0,1.0,West,desktop,1,0,0.0
750,42.0,3.0,0.0,0.0,Midwest,mobile,0,0,0.0
751,55.0,2.0,12.0,9.0,Northeast,mobile,0,1,27.73
752,54.0,2.0,4.0,1.0,Midwest,desktop,0,0,0.0
753,41.0,1.0,11.0,3.0,Southeast,mobile,0,0,0.0
754,43.0,3.0,1.0,4.0,Southeast,tablet,1,0,0.0
755,59.0,4.0,9.0,10.0,Midwest,mobile,1,1,31.98
756,40.0,4.0,13.0,8.0,nan,mobile,0,0,0.0
757,23.0,4.0,5.0,3.0,West,tablet,0,1,23.15
758,39.0,5.0,4.0,5.0,West,tablet,1,0,0.0
759,23.0,5.0,11.0,5.0,Northeast,desktop,1,0,0.0
760,59.0,2.0,5.0,2.0,Southeast,desktop,0,1,27.84
761,31.0,5.0,4.0,5.0,Northeast,mobile,1,0,0.0
762,28.0,1.0,11.0,7.0,Midwest,mobile,1,0,0.0
763,48.0,4.0,10.0,1.0,Northeast,mobile,1,0,0.0
764,34.0,3.0,3.0,10.0,Northeast,mobile,0,0,0.0
765,53.0,1.0,6.0,8.0,Southeast,tablet,0,0,0.0
766,52.0,2.0,3.0,9.0,West,mobile,1,0,0.0
767,44.0,5.0,7.0,6.0,Midwest,desktop,1,0,0.0
768,34.0,4.0,12.0,3.0,Northeast,desktop,1,0,0.0
769,34.0,3.0,9.0,8.0,Midwest,mobile,0,0,0.0
770,22.0,4.0,7.0,10.0,Midwest,desktop,1,1,24.6
771,60.0,1.0,4.0,1.0,nan,mobile,0,0,0.0
772,31.0,1.0,3.0,4.0,Northeast,mobile,0,0,0.0
773,42.0,4.0,9.0,11.0,West,desktop,0,1,28.15
774,23.0,3.0,2.0,10.0,West,mobile,1,0,0.0
775,43.0,2.0,13.0,10.0,West,mobile,1,1,25.95
776,34.0,1.0,11.0,1.0,West,mobile,1,0,0.0
777,43.0,3.0,11.0,1.0,Midwest,mobile,1,0,0.0
778,36.0,4.0,3.0,11.0,West,mobile,1,1,31.09
779,55.0,2.0,5.0,10.0,Southeast,desktop,0,0,0.0
780,62.0,3.0,7.0,4.0,nan,desktop,1,1,21.52
781,49.0,1.0,12.0,3.0,West,mobile,0,1,22.89
782,56.0,5.0,2.0,5.0,Northeast,mobile,0,0,0.0
783,41.0,5.0,12.0,0.0,Northeast,tablet,1,0,0.0
784,27.0,2.0,5.0,10.0,nan,mobile,0,0,0.0
785,37.0,3.0,13.0,10.0,Midwest,desktop,1,1,30.69
786,27.0,4.0,1.0,8.0,West,mobile,1,0,0.0
787,23.0,1.0,11.0,2.0,nan,mobile,1,0,0.0
788,64.0,3.0,0.0,6.0,Northeast,mobile,0,0,0.0
789,42.0,2.0,4.0,4.0,Northeast,desktop,0,0,0.0
790,50.0,3.0,8.0,8.0,nan,mobile,1,1,26.36
791,40.0,3.0,11.0,0.0,West,desktop,0,1,20.29
792,48.0,3.0,8.0,6.0,West,mobile,1,0,0.0
793,34.0,4.0,5.0,9.0,Southeast,mobile,0,0,0.0
794,47.0,2.0,2.0,0.0,Southeast,mobile,1,0,0.0
795,44.0,4.0,5.0,11.0,Northeast,mobile,1,1,22.91
796,28.0,2.0,2.0,5.0,Northeast,mobile,0,0,0.0
797,45.0,1.0,0.0,0.0,Northeast,mobile,0,0,0.0
798,33.0,4.0,11.0,7.0,nan,mobile,1,0,0.0
799,46.0,3.0,14.0,8.0,nan,tablet,1,0,0.0
800,40.0,4.0,6.0,1.0,West,mobile,1,0,0.0
801,35.0,2.0,5.0,5.0,Northeast,tablet,1,0,0.0
802,41.0,4.0,9.0,2.0,Midwest,desktop,1,0,0.0
803,25.0,1.0,0.0,10.0,Southeast,desktop,0,0,0.0
804,63.0,5.0,4.0,2.0,Northeast,desktop,0,1,25.51
805,47.0,5.0,6.0,1.0,Northeast,desktop,0,1,19.41
806,23.0,2.0,8.0,6.0,West,mobile,1,0,0.0
807,28.0,2.0,4.0,10.0,Southeast,mobile,0,0,0.0
808,22.0,1.0,6.0,2.0,Midwest,desktop,0,0,0.0
809,32.0,5.0,3.0,10.0,West,mobile,0,0,0.0
810,61.0,1.0,4.0,2.0,Midwest,mobile,0,0,0.0
811,53.0,5.0,5.0,11.0,Northeast,mobile,0,0,0.0
812,59.0,1.0,8.0,5.0,nan,desktop,0,0,0.0
813,42.0,5.0,13.0,4.0,West,desktop,1,0,0.0
814,34.0,2.0,1.0,9.0,Northeast,mobile,0,0,0.0
815,38.0,3.0,2.0,5.0,West,mobile,1,0,0.0
816,35.0,1.0,1.0,3.0,Midwest,desktop,0,0,0.0
817,59.0,2.0,2.0,4.0,West,desktop,0,0,0.0
818,47.0,5.0,6.0,3.0,West,mobile,1,1,23.99
819,57.0,3.0,14.0,5.0,Southeast,mobile,0,0,0.0
820,30.0,2.0,4.0,6.0,West,desktop,0,1,22.34
821,60.0,5.0,10.0,8.0,Midwest,mobile,0,0,0.0
822,59.0,5.0,12.0,4.0,West,mobile,1,1,29.61
823,47.0,3.0,2.0,3.0,Southeast,mobile,0,0,0.0
824,33.0,2.0,2.0,11.0,Northeast,desktop,0,0,0.0
825,47.0,5.0,10.0,9.0,Northeast,tablet,0,0,0.0
826,24.0,3.0,2.0,9.0,West,mobile,0,0,0.0
827,30.0,2.0,12.0,4.0,Southeast,mobile,0,1,20.81
828,44.0,3.0,1.0,4.0,Midwest,tablet,0,0,0.0
829,63.0,2.0,8.0,8.0,West,tablet,0,0,0.0
830,53.0,2.0,12.0,1.0,nan,mobile,0,1,23.56
831,32.0,4.0,14.0,11.0,nan,mobile,1,1,34.48
832,63.0,2.0,12.0,2.0,West,desktop,0,1,25.79
833,42.0,3.0,9.0,2.0,Midwest,desktop,1,0,0.0
834,48.0,4.0,13.0,9.0,Southeast,desktop,1,1,30.15
835,56.0,5.0,7.0,3.0,Northeast,mobile,0,0,0.0
836,26.0,5.0,13.0,5.0,Southeast,desktop,1,0,0.0
837,30.0,5.0,14.0,11.0,Southeast,desktop,0,0,0.0
838,50.0,4.0,13.0,2.0,Midwest,mobile,1,0,0.0
839,40.0,3.0,10.0,1.0,West,desktop,1,0,0.0
840,25.0,3.0,14.0,7.0,nan,mobile,0,0,0.0
841,27.0,1.0,14.0,0.0,Southeast,tablet,0,0,0.0
842,30.0,4.0,5.0,7.0,nan,mobile,1,1,24.36
843,43.0,5.0,4.0,2.0,West,desktop,0,1,20.53
844,34.0,4.0,9.0,3.0,West,mobile,0,0,0.0
845,61.0,5.0,7.0,4.0,Northeast,desktop,1,1,27.58
846,24.0,3.0,0.0,1.0,West,mobile,0,1,23.31
847,40.0,1.0,4.0,10.0,Midwest,desktop,0,0,0.0
848,37.0,5.0,12.0,6.0,West,mobile,1,1,32.1
849,27.0,3.0,13.0,4.0,Midwest,desktop,1,0,0.0
850,54.0,3.0,2.0,6.0,nan,mobile,0,0,0.0
851,54.0,4.0,10.0,3.0,Northeast,desktop,1,0,0.0
852,24.0,3.0,10.0,5.0,Northeast,mobile,0,0,0.0
853,45.0,3.0,11.0,1.0,West,mobile,1,0,0.0
854,43.0,4.0,4.0,11.0,nan,mobile,0,0,0.0
855,24.0,2.0,11.0,9.0,Southeast,mobile,1,0,0.0
856,31.0,3.0,8.0,3.0,Northeast,mobile,0,0,0.0
857,37.0,1.0,2.0,6.0,West,mobile,0,0,0.0
858,46.0,2.0,11.0,6.0,West,desktop,0,0,0.0
859,41.0,4.0,14.0,0.0,Midwest,desktop,1,1,30.27
860,43.0,3.0,7.0,7.0,Southeast,mobile,0,0,0.0
861,53.0,2.0,1.0,6.0,Midwest,mobile,1,0,0.0
862,29.0,5.0,14.0,8.0,Southeast,mobile,1,1,31.2
863,24.0,2.0,2.0,2.0,Northeast,desktop,0,0,0.0
864,58.0,3.0,4.0,10.0,Midwest,mobile,0,1,21.68
865,31.0,1.0,4.0,8.0,Northeast,desktop,1,0,0.0
866,43.0,5.0,8.0,2.0,West,tablet,1,0,0.0
867,24.0,5.0,3.0,6.0,West,mobile,0,0,0.0
868,64.0,5.0,12.0,10.0,nan,desktop,1,0,0.0
869,52.0,2.0,4.0,0.0,nan,mobile,0,1,19.71
870,64.0,3.0,8.0,1.0,Southeast,desktop,0,0,0.0
871,62.0,3.0,2.0,9.0,Southeast,mobile,0,0,0.0
872,32.0,2.0,8.0,0.0,Midwest,desktop,1,1,23.17
873,39.0,1.0,3.0,4.0,West,tablet,1,1,29.3
874,59.0,4.0,5.0,10.0,Northeast,mobile,1,0,0.0
875,44.0,1.0,7.0,9.0,nan,desktop,0,1,19.24
876,52.0,5.0,11.0,3.0,West,mobile,0,1,25.24
877,41.0,1.0,12.0,6.0,nan,desktop,1,0,0.0
878,40.0,3.0,5.0,9.0,West,mobile,1,0,0.0
879,39.0,2.0,5.0,4.0,nan,mobile,0,0,0.0
880,57.0,2.0,3.0,9.0,West,desktop,0,0,0.0
881,43.0,5.0,13.0,10.0,Midwest,mobile,0,0,0.0
882,40.0,1.0,1.0,8.0,West,desktop,0,0,0.0
883,43.0,5.0,1.0,8.0,nan,desktop,1,0,0.0
884,43.0,3.0,6.0,2.0,nan,mobile,1,0,0.0
885,31.0,4.0,5.0,10.0,nan,mobile,1,0,0.0
886,37.0,3.0,4.0,5.0,West,mobile,1,1,29.13
887,48.0,1.0,6.0,6.0,West,mobile,0,0,0.0
888,58.0,3.0,14.0,9.0,Midwest,tablet,1,0,0.0
889,39.0,1.0,4.0,3.0,Northeast,desktop,0,0,0.0
890,60.0,3.0,9.0,1.0,Midwest,mobile,0,0,0.0
891,64.0,3.0,10.0,0.0,Northeast,desktop,0,0,0.0
892,28.0,3.0,14.0,6.0,Northeast,desktop,1,0,0.0
893,30.0,4.0,12.0,6.0,Northeast,mobile,0,0,0.0
894,47.0,2.0,10.0,1.0,Midwest,mobile,0,0,0.0
895,33.0,5.0,12.0,7.0,Northeast,desktop,1,0,0.0
896,27.0,3.0,12.0,1.0,nan,mobile,1,0,0.0
897,55.0,4.0,11.0,7.0,nan,mobile,1,0,0.0
898,60.0,3.0,1.0,5.0,West,mobile,0,1,19.17
899,32.0,2.0,5.0,11.0,Midwest,desktop,0,0,0.0
900,31.0,3.0,10.0,3.0,nan,desktop,1,0,0.0
901,57.0,5.0,13.0,9.0,Southeast,desktop,1,1,32.82
902,23.0,3.0,1.0,9.0,West,desktop,0,0,0.0
903,22.0,1.0,14.0,11.0,West,mobile,0,0,0.0
904,54.0,4.0,2.0,5.0,West,mobile,0,0,0.0
905,30.0,2.0,2.0,6.0,West,desktop,0,0,0.0
906,50.0,4.0,1.0,8.0,Southeast,mobile,0,0,0.0
907,39.0,5.0,9.0,6.0,West,mobile,1,0,0.0
908,39.0,3.0,9.0,7.0,Northeast,mobile,0,0,0.0
909,62.0,5.0,13.0,5.0,Midwest,mobile,0,0,0.0
910,48.0,4.0,9.0,11.0,Northeast,mobile,1,0,0.0
911,32.0,4.0,1.0,11.0,Southeast,mobile,1,0,0.0
912,55.0,5.0,4.0,3.0,Midwest,mobile,0,0,0.0
913,28.0,5.0,5.0,1.0,West,tablet,0,0,0.0
914,29.0,4.0,13.0,9.0,Midwest,mobile,1,1,22.21
915,39.0,5.0,10.0,2.0,nan,mobile,1,1,28.49
916,35.0,4.0,13.0,2.0,Midwest,mobile,0,1,21.26
917,64.0,5.0,12.0,10.0,Northeast,desktop,1,1,27.86
918,42.0,4.0,12.0,10.0,Northeast,desktop,1,1,31.97
919,39.0,3.0,6.0,0.0,West,tablet,0,1,23.29
920,49.0,2.0,9.0,10.0,nan,mobile,0,0,0.0
921,41.0,5.0,11.0,11.0,West,mobile,1,1,32.14
922,48.0,5.0,8.0,9.0,West,desktop,0,0,0.0
923,39.0,3.0,6.0,2.0,West,tablet,0,0,0.0
924,43.0,1.0,5.0,3.0,West,mobile,0,0,0.0
925,61.0,5.0,13.0,7.0,nan,tablet,1,1,31.29
926,50.0,2.0,6.0,1.0,Midwest,desktop,1,0,0.0
927,25.0,4.0,5.0,9.0,West,mobile,0,1,23.24
928,22.0,2.0,2.0,10.0,West,desktop,0,0,0.0
929,41.0,5.0,8.0,10.0,Southeast,tablet,0,0,0.0
930,35.0,3.0,14.0,7.0,Midwest,mobile,1,1,24.16
931,45.0,2.0,11.0,11.0,Southeast,tablet,0,0,0.0
932,46.0,4.0,8.0,5.0,nan,mobile,1,0,0.0
933,59.0,4.0,5.0,4.0,Northeast,tablet,1,1,24.12
934,35.0,2.0,5.0,4.0,Southeast,mobile,0,0,0.0
935,51.0,1.0,6.0,3.0,West,desktop,0,0,0.0
936,62.0,5.0,3.0,1.0,Southeast,mobile,0,0,0.0
937,30.0,5.0,11.0,5.0,West,mobile,0,1,24.16
938,63.0,4.0,6.0,7.0,West,mobile,0,1,21.6
939,62.0,1.0,12.0,9.0,Midwest,mobile,0,1,22.18
940,37.0,5.0,2.0,6.0,Midwest,desktop,0,0,0.0
941,55.0,3.0,0.0,11.0,West,tablet,0,0,0.0
942,31.0,4.0,11.0,11.0,Northeast,desktop,1,0,0.0
943,23.0,4.0,1.0,1.0,West,desktop,1,0,0.0
944,31.0,3.0,10.0,8.0,Midwest,mobile,0,0,0.0
945,27.0,2.0,4.0,7.0,West,desktop,0,0,0.0
946,41.0,5.0,11.0,11.0,West,mobile,1,0,0.0
947,33.0,3.0,11.0,10.0,Midwest,tablet,1,0,0.0
948,63.0,5.0,10.0,1.0,West,desktop,1,1,28.96
949,43.0,1.0,6.0,2.0,Northeast,tablet,0,0,0.0
950,32.0,4.0,13.0,8.0,Southeast,tablet,1,0,0.0
951,34.0,1.0,7.0,3.0,Midwest,mobile,0,1,18.12
952,36.0,1.0,2.0,9.0,West,desktop,1,1,18.96
953,26.0,5.0,9.0,6.0,Northeast,tablet,1,0,0.0
954,46.0,1.0,7.0,7.0,West,mobile,1,1,23.02
955,23.0,1.0,0.0,10.0,Southeast,desktop,0,1,17.91
956,46.0,1.0,9.0,7.0,Northeast,mobile,0,0,0.0
957,53.0,2.0,1.0,7.0,Southeast,mobile,0,0,0.0
958,50.0,1.0,14.0,1.0,Northeast,desktop,0,1,19.63
959,22.0,1.0,1.0,10.0,Midwest,mobile,0,0,0.0
960,53.0,3.0,5.0,3.0,Midwest,tablet,0,0,0.0
961,43.0,2.0,5.0,3.0,Southeast,desktop,1,0,0.0
962,56.0,3.0,4.0,7.0,nan,mobile,1,0,0.0
963,40.0,1.0,6.0,1.0,West,tablet,0,0,0.0
964,43.0,4.0,0.0,5.0,Midwest,desktop,0,0,0.0
965,40.0,3.0,14.0,7.0,nan,mobile,1,1,28.29
966,25.0,5.0,14.0,10.0,Southeast,desktop,0,0,0.0
967,41.0,5.0,1.0,2.0,West,mobile,0,1,22.45
968,51.0,2.0,3.0,9.0,Midwest,mobile,0,0,0.0
969,57.0,2.0,6.0,9.0,nan,tablet,0,1,24.13
970,47.0,5.0,1.0,6.0,Midwest,mobile,1,1,24.92
971,38.0,2.0,4.0,10.0,Northeast,mobile,1,0,0.0
972,31.0,5.0,13.0,7.0,Southeast,tablet,1,0,0.0
973,56.0,1.0,8.0,3.0,Southeast,mobile,0,0,0.0
974,58.0,4.0,13.0,7.0,Southeast,mobile,0,1,25.1
975,34.0,3.0,3.0,7.0,West,mobile,0,0,0.0
976,53.0,5.0,8.0,7.0,West,desktop,1,0,0.0
977,58.0,1.0,14.0,1.0,Northeast,mobile,0,0,0.0
978,40.0,5.0,4.0,8.0,Northeast,desktop,1,0,0.0
979,46.0,5.0,11.0,10.0,Northeast,desktop,1,0,0.0
980,63.0,3.0,7.0,5.0,Midwest,mobile,0,1,27.41
981,48.0,4.0,4.0,6.0,Midwest,desktop,0,0,0.0
982,51.0,3.0,1.0,1.0,Midwest,mobile,0,0,0.0
983,60.0,4.0,14.0,3.0,West,tablet,0,0,0.0
984,61.0,3.0,1.0,11.0,Midwest,tablet,0,1,23.64
985,55.0,4.0,1.0,10.0,West,desktop,0,0,0.0
986,53.0,3.0,7.0,0.0,nan,mobile,0,0,0.0
987,31.0,5.0,1.0,7.0,West,mobile,0,0,0.0
988,52.0,5.0,12.0,0.0,West,desktop,1,0,0.0
989,37.0,4.0,11.0,8.0,West,mobile,1,1,31.9
990,31.0,1.0,2.0,11.0,Midwest,mobile,0,0,0.0
991,64.0,2.0,13.0,7.0,nan,mobile,1,1,31.69
992,40.0,2.0,9.0,5.0,West,desktop,0,0,0.0
993,49.0,1.0,10.0,3.0,nan,mobile,0,0,0.0
994,49.0,5.0,4.0,9.0,Midwest,mobile,1,0,0.0
995,48.0,2.0,12.0,10.0,Southeast,tablet,0,0,0.0
996,57.0,4.0,0.0,4.0,West,tablet,0,0,0.0
997,57.0,5.0,14.0,8.0,Northeast,mobile,1,0,0.0
998,61.0,2.0,3.0,5.0,nan,desktop,0,0,0.0
999,60.0,4.0,2.0,2.0,nan,mobile,1,0,0.0
1000,25.0,4.0,1.0,8.0,Southeast,tablet,0,0,0.0
1001,39.0,4.0,1.0,7.0,nan,tablet,1,0,0.0
1002,52.0,1.0,2.0,6.0,nan,mobile,0,0,0.0
1003,58.0,3.0,7.0,9.0,Southeast,desktop,0,1,25.93
1004,33.0,3.0,4.0,10.0,nan,mobile,0,0,0.0
1005,57.0,1.0,8.0,3.0,West,mobile,0,0,0.0
1006,52.0,5.0,2.0,8.0,Southeast,mobile,1,0,0.0
1007,44.0,4.0,12.0,5.0,Midwest,tablet,1,1,27.77
1008,35.0,4.0,6.0,6.0,nan,mobile,1,1,28.61
1009,47.0,2.0,8.0,3.0,West,desktop,0,0,0.0
1010,46.0,5.0,0.0,9.0,West,desktop,0,0,0.0
1011,34.0,3.0,5.0,0.0,West,mobile,1,0,0.0
1012,44.0,1.0,0.0,6.0,West,desktop,0,0,0.0
1013,46.0,5.0,5.0,5.0,Southeast,mobile,1,0,0.0
1014,59.0,3.0,11.0,3.0,West,mobile,1,0,0.0
1015,29.0,3.0,6.0,4.0,Midwest,mobile,0,0,0.0
1016,50.0,4.0,11.0,1.0,nan,desktop,1,1,28.59
1017,25.0,1.0,1.0,2.0,Midwest,tablet,0,0,0.0
1018,32.0,1.0,5.0,4.0,Northeast,desktop,0,0,0.0
1019,57.0,3.0,0.0,1.0,Northeast,tablet,1,1,23.39
1020,49.0,5.0,14.0,7.0,West,mobile,1,1,28.45
1021,31.0,5.0,14.0,6.0,Midwest,mobile,1,0,0.0
1022,49.0,2.0,4.0,11.0,nan,desktop,1,0,0.0
1023,63.0,5.0,11.0,10.0,nan,mobile,1,0,0.0
1024,37.0,5.0,11.0,8.0,Southeast,mobile,1,0,0.0
1025,53.0,5.0,5.0,6.0,nan,desktop,1,0,0.0
1026,33.0,2.0,6.0,7.0,West,mobile,1,0,0.0
1027,37.0,4.0,14.0,0.0,Northeast,mobile,0,1,28.88
1028,61.0,5.0,5.0,2.0,Southeast,desktop,0,0,0.0
1029,27.0,3.0,6.0,8.0,West,mobile,0,0,0.0
1030,28.0,5.0,4.0,8.0,Northeast,desktop,1,0,0.0
1031,24.0,2.0,6.0,0.0,Southeast,tablet,1,1,19.97
1032,28.0,5.0,3.0,6.0,Midwest,desktop,1,0,0.0
1033,55.0,1.0,0.0,3.0,nan,desktop,0,0,0.0
1034,47.0,4.0,9.0,8.0,nan,mobile,1,0,0.0
1035,27.0,2.0,4.0,7.0,Northeast,mobile,0,0,0.0
1036,35.0,3.0,0.0,4.0,West,desktop,1,0,0.0
1037,56.0,4.0,1.0,11.0,Northeast,mobile,0,0,0.0
1038,43.0,3.0,13.0,5.0,nan,desktop,1,1,28.82
1039,52.0,5.0,6.0,3.0,West,mobile,1,1,25.49
1040,33.0,3.0,3.0,6.0,Northeast,mobile,0,0,0.0
1041,61.0,3.0,4.0,10.0,nan,mobile,0,1,19.6
1042,37.0,2.0,7.0,4.0,Northeast,mobile,0,0,0.0
1043,63.0,4.0,4.0,2.0,Northeast,desktop,0,1,20.8
1044,39.0,2.0,5.0,6.0,Northeast,mobile,0,0,0.0
1045,53.0,4.0,6.0,3.0,Southeast,mobile,0,0,0.0
1046,46.0,3.0,14.0,3.0,Northeast,mobile,1,0,0.0
1047,48.0,3.0,4.0,6.0,nan,desktop,0,1,20.63
1048,25.0,3.0,2.0,0.0,Midwest,desktop,0,0,0.0
1049,56.0,1.0,7.0,10.0,West,mobile,0,0,0.0
1050,40.0,4.0,5.0,2.0,Southeast,desktop,0,0,0.0
1051,33.0,5.0,9.0,8.0,Southeast,desktop,1,0,0.0
1052,51.0,4.0,9.0,5.0,Midwest,mobile,0,0,0.0
1053,54.0,1.0,6.0,3.0,West,mobile,0,0,0.0
1054,52.0,4.0,4.0,0.0,West,desktop,0,0,0.0
1055,61.0,1.0,10.0,3.0,Midwest,mobile,1,1,23.5
1056,33.0,4.0,8.0,4.0,Northeast,tablet,1,0,0.0
1057,30.0,3.0,4.0,1.0,Midwest,desktop,1,0,0.0
1058,45.0,5.0,0.0,8.0,West,mobile,0,0,0.0
1059,36.0,3.0,0.0,8.0,Northeast,desktop,0,0,0.0
1060,38.0,1.0,13.0,6.0,West,mobile,0,1,18.38
1061,49.0,5.0,9.0,2.0,nan,desktop,0,0,0.0
1062,23.0,3.0,12.0,6.0,Northeast,desktop,1,1,28.39
1063,40.0,5.0,6.0,9.0,Southeast,mobile,1,0,0.0
1064,40.0,1.0,1.0,8.0,Midwest,mobile,0,0,0.0
1065,23.0,2.0,14.0,4.0,West,mobile,1,1,28.12
1066,50.0,1.0,10.0,1.0,Midwest,mobile,0,0,0.0
1067,57.0,2.0,10.0,5.0,Northeast,mobile,1,0,0.0
1068,62.0,3.0,0.0,3.0,West,mobile,0,0,0.0
1069,62.0,4.0,0.0,9.0,Midwest,mobile,0,0,0.0
1070,26.0,2.0,13.0,5.0,West,tablet,1,1,29.33
1071,32.0,3.0,12.0,8.0,Southeast,mobile,1,0,0.0
1072,40.0,4.0,1.0,3.0,nan,mobile,0,0,0.0
1073,47.0,3.0,8.0,2.0,Northeast,mobile,0,0,0.0
1074,62.0,5.0,5.0,5.0,nan,desktop,1,0,0.0
1075,33.0,1.0,9.0,8.0,Northeast,tablet,0,0,0.0
1076,42.0,4.0,12.0,10.0,Southeast,mobile,1,1,28.32
1077,51.0,5.0,9.0,10.0,Northeast,tablet,1,0,0.0
1078,60.0,3.0,3.0,1.0,West,tablet,0,0,0.0
1079,51.0,2.0,5.0,7.0,West,mobile,0,0,0.0
1080,51.0,1.0,13.0,3.0,Midwest,mobile,1,0,0.0
1081,64.0,5.0,0.0,2.0,nan,tablet,0,0,0.0
1082,59.0,1.0,10.0,10.0,Northeast,desktop,1,1,24.71
1083,59.0,1.0,7.0,0.0,Southeast,desktop,0,0,0.0
1084,54.0,1.0,7.0,6.0,Northeast,mobile,1,0,0.0
1085,36.0,1.0,0.0,9.0,Midwest,mobile,0,0,0.0
1086,25.0,2.0,1.0,11.0,Northeast,mobile,0,0,0.0
1087,55.0,2.0,6.0,5.0,Northeast,mobile,1,1,28.65
1088,54.0,3.0,9.0,2.0,Northeast,desktop,1,1,31.77
1089,48.0,5.0,2.0,5.0,Midwest,mobile,1,0,0.0
1090,27.0,2.0,8.0,9.0,Southeast,desktop,0,0,0.0
1091,63.0,1.0,13.0,6.0,Northeast,desktop,0,0,0.0
1092,54.0,1.0,6.0,10.0,West,tablet,0,0,0.0
1093,50.0,5.0,10.0,8.0,Northeast,desktop,0,0,0.0
1094,40.0,1.0,6.0,11.0,Southeast,tablet,1,0,0.0
1095,24.0,5.0,1.0,7.0,Midwest,mobile,0,0,0.0
1096,51.0,1.0,8.0,1.0,nan,tablet,0,0,0.0
1097,38.0,1.0,1.0,0.0,West,desktop,0,0,0.0
1098,24.0,1.0,6.0,6.0,West,desktop,0,0,0.0
1099,24.0,5.0,4.0,11.0,West,mobile,1,0,0.0
1100,26.0,1.0,10.0,4.0,Southeast,mobile,0,1,23.05
1101,33.0,5.0,0.0,0.0,Midwest,mobile,1,1,25.99
1102,26.0,1.0,6.0,7.0,West,mobile,1,1,22.08
1103,27.0,4.0,1.0,7.0,Northeast,mobile,1,0,0.0
1104,38.0,3.0,14.0,0.0,nan,desktop,1,1,26.94
1105,23.0,2.0,10.0,7.0,West,mobile,0,0,0.0
1106,29.0,4.0,8.0,5.0,Midwest,mobile,1,0,0.0
1107,38.0,4.0,13.0,1.0,Midwest,mobile,1,0,0.0
1108,22.0,3.0,2.0,0.0,West,tablet,1,0,0.0
1109,31.0,1.0,9.0,7.0,nan,mobile,1,0,0.0
1110,59.0,2.0,14.0,3.0,Southeast,mobile,0,0,0.0
1111,39.0,1.0,7.0,2.0,Northeast,mobile,0,0,0.0
1112,54.0,4.0,14.0,9.0,West,desktop,1,0,0.0
1113,41.0,2.0,12.0,3.0,Southeast,mobile,0,0,0.0
1114,46.0,4.0,14.0,5.0,Southeast,tablet,1,0,0.0
1115,27.0,3.0,2.0,6.0,Midwest,mobile,0,0,0.0
1116,53.0,4.0,4.0,10.0,West,mobile,0,0,0.0
1117,33.0,3.0,11.0,10.0,Northeast,mobile,1,1,26.13
1118,35.0,2.0,5.0,0.0,Midwest,tablet,1,0,0.0
1119,33.0,4.0,10.0,3.0,Midwest,mobile,0,0,0.0
1120,52.0,5.0,0.0,8.0,Southeast,mobile,0,0,0.0
1121,50.0,4.0,9.0,8.0,Northeast,tablet,1,0,0.0
1122,44.0,1.0,13.0,0.0,Northeast,tablet,1,0,0.0
1123,36.0,2.0,4.0,3.0,Northeast,tablet,0,0,0.0
1124,25.0,5.0,10.0,1.0,Northeast,mobile,1,0,0.0
1125,57.0,4.0,1.0,2.0,Midwest,desktop,1,0,0.0
1126,50.0,4.0,4.0,9.0,nan,desktop,1,0,0.0
1127,46.0,4.0,2.0,11.0,Southeast,desktop,1,1,22.59
1128,64.0,2.0,2.0,0.0,West,mobile,0,0,0.0
1129,25.0,5.0,7.0,10.0,Southeast,mobile,1,0,0.0
1130,33.0,1.0,13.0,4.0,West,mobile,1,1,29.05
1131,60.0,5.0,1.0,9.0,Midwest,desktop,0,0,0.0
1132,22.0,2.0,5.0,11.0,nan,desktop,0,0,0.0
1133,35.0,2.0,0.0,5.0,West,tablet,1,0,0.0
1134,54.0,4.0,8.0,1.0,Midwest,desktop,0,0,0.0
1135,46.0,3.0,9.0,2.0,Southeast,tablet,0,0,0.0
1136,33.0,5.0,2.0,11.0,West,tablet,1,0,0.0
1137,36.0,5.0,3.0,9.0,nan,mobile,0,0,0.0
1138,39.0,5.0,2.0,2.0,Southeast,mobile,1,1,28.52
1139,32.0,3.0,1.0,10.0,Northeast,tablet,1,0,0.0
1140,22.0,5.0,5.0,3.0,nan,desktop,1,1,27.24
1141,48.0,4.0,4.0,0.0,West,mobile,0,1,21.91
1142,24.0,2.0,3.0,7.0,Northeast,mobile,0,0,0.0
1143,52.0,3.0,12.0,6.0,Northeast,mobile,0,0,0.0
1144,52.0,2.0,3.0,0.0,West,mobile,0,0,0.0
1145,62.0,2.0,3.0,6.0,nan,tablet,0,0,0.0
1146,63.0,4.0,6.0,8.0,Northeast,mobile,0,0,0.0
1147,62.0,3.0,12.0,4.0,Northeast,mobile,1,0,0.0
1148,47.0,2.0,3.0,10.0,Northeast,tablet,0,1,18.76
1149,25.0,5.0,8.0,4.0,nan,tablet,0,0,0.0
1150,58.0,2.0,14.0,4.0,nan,mobile,1,1,27.32
1151,60.0,4.0,12.0,8.0,West,mobile,0,0,0.0
1152,30.0,2.0,8.0,7.0,Midwest,mobile,1,0,0.0
1153,37.0,2.0,11.0,11.0,Midwest,mobile,1,0,0.0
1154,24.0,3.0,0.0,4.0,West,mobile,1,0,0.0
1155,36.0,3.0,10.0,1.0,West,desktop,0,0,0.0
1156,36.0,4.0,3.0,8.0,West,mobile,0,0,0.0
1157,59.0,2.0,4.0,11.0,West,mobile,0,0,0.0
1158,30.0,1.0,6.0,6.0,nan,mobile,1,0,0.0
1159,28.0,1.0,12.0,7.0,Northeast,mobile,0,1,23.69
1160,48.0,1.0,6.0,6.0,West,mobile,0,1,17.35
1161,52.0,5.0,3.0,4.0,nan,mobile,1,0,0.0
1162,63.0,1.0,10.0,0.0,Northeast,desktop,0,0,0.0
1163,55.0,5.0,8.0,11.0,Southeast,desktop,1,0,0.0
1164,31.0,4.0,11.0,7.0,Southeast,mobile,1,1,26.69
1165,51.0,1.0,7.0,9.0,nan,desktop,1,0,0.0
1166,60.0,2.0,8.0,6.0,Midwest,tablet,1,0,0.0
1167,57.0,4.0,1.0,4.0,West,desktop,0,0,0.0
1168,45.0,3.0,5.0,3.0,West,desktop,1,0,0.0
1169,34.0,5.0,0.0,2.0,Midwest,desktop,1,1,25.01
1170,26.0,3.0,2.0,5.0,Northeast,mobile,1,0,0.0
1171,36.0,2.0,12.0,1.0,Northeast,tablet,1,0,0.0
1172,45.0,2.0,0.0,3.0,Southeast,desktop,1,0,0.0
1173,63.0,4.0,4.0,11.0,nan,desktop,0,0,0.0
1174,42.0,4.0,0.0,3.0,West,desktop,0,0,0.0
1175,52.0,4.0,6.0,3.0,Northeast,mobile,1,1,25.03
1176,54.0,1.0,6.0,1.0,Southeast,mobile,0,0,0.0
1177,41.0,2.0,11.0,10.0,Midwest,desktop,1,1,22.5
1178,54.0,4.0,0.0,2.0,West,desktop,1,0,0.0
1179,59.0,2.0,2.0,9.0,Northeast,tablet,1,0,0.0
1180,49.0,4.0,5.0,1.0,Northeast,mobile,0,0,0.0
1181,52.0,5.0,0.0,3.0,West,mobile,1,0,0.0
1182,50.0,2.0,0.0,0.0,West,mobile,0,0,0.0
1183,64.0,2.0,8.0,7.0,Midwest,mobile,1,0,0.0
1184,48.0,4.0,12.0,8.0,Southeast,desktop,1,0,0.0
1185,27.0,4.0,1.0,10.0,Midwest,desktop,1,0,0.0
1186,32.0,2.0,3.0,1.0,West,mobile,0,0,0.0
1187,34.0,3.0,13.0,10.0,Southeast,mobile,1,0,0.0
1188,61.0,3.0,9.0,4.0,Northeast,desktop,1,0,0.0
1189,22.0,5.0,4.0,1.0,Midwest,tablet,1,0,0.0
1190,31.0,4.0,13.0,7.0,West,mobile,1,1,29.15
1191,51.0,1.0,8.0,4.0,Northeast,desktop,1,0,0.0
1192,47.0,1.0,13.0,8.0,Southeast,mobile,1,0,0.0
1193,22.0,5.0,6.0,4.0,Southeast,mobile,1,0,0.0
1194,55.0,4.0,12.0,0.0,West,desktop,1,0,0.0
1195,23.0,5.0,5.0,10.0,nan,tablet,1,0,0.0
1196,25.0,1.0,9.0,10.0,Midwest,mobile,1,1,22.98
1197,57.0,3.0,3.0,6.0,Southeast,mobile,0,0,0.0
1198,41.0,1.0,3.0,1.0,West,mobile,1,0,0.0
1199,45.0,3.0,1.0,5.0,nan,desktop,0,0,0.0
1200,23.0,2.0,6.0,6.0,West,mobile,0,0,0.0
1201,28.0,2.0,2.0,9.0,Northeast,mobile,0,1,14.79
1202,31.0,2.0,6.0,9.0,Midwest,desktop,0,0,0.0
1203,37.0,1.0,6.0,11.0,Northeast,desktop,0,0,0.0
1204,49.0,1.0,8.0,5.0,Northeast,mobile,0,0,0.0
1205,38.0,3.0,1.0,8.0,West,desktop,1,0,0.0
1206,61.0,2.0,5.0,11.0,West,desktop,0,0,0.0
1207,31.0,2.0,13.0,3.0,Midwest,mobile,0,0,0.0
1208,35.0,4.0,1.0,8.0,Midwest,desktop,0,1,20.24
1209,25.0,3.0,13.0,11.0,Southeast,mobile,1,0,0.0
1210,57.0,5.0,0.0,4.0,nan,mobile,0,0,0.0
1211,48.0,4.0,14.0,1.0,Southeast,mobile,0,0,0.0
1212,44.0,5.0,6.0,0.0,Northeast,mobile,0,0,0.0
1213,57.0,4.0,10.0,3.0,nan,desktop,1,1,24.36
1214,54.0,5.0,13.0,9.0,Midwest,mobile,0,0,0.0
1215,39.0,4.0,11.0,6.0,Northeast,mobile,1,0,0.0
1216,56.0,4.0,10.0,10.0,West,desktop,1,1,28.53
1217,33.0,2.0,1.0,7.0,West,mobile,0,0,0.0
1218,49.0,4.0,4.0,7.0,West,mobile,1,0,0.0
1219,40.0,3.0,13.0,0.0,West,desktop,1,0,0.0
1220,40.0,2.0,14.0,3.0,nan,mobile,0,1,26.33
1221,49.0,1.0,4.0,5.0,West,mobile,0,0,0.0
1222,47.0,5.0,9.0,6.0,West,mobile,1,0,0.0
1223,62.0,2.0,6.0,8.0,nan,tablet,0,0,0.0
1224,51.0,2.0,12.0,0.0,Southeast,mobile,1,0,0.0
1225,39.0,4.0,13.0,7.0,Northeast,mobile,1,1,29.03
1226,59.0,4.0,12.0,5.0,Northeast,desktop,1,0,0.0
1227,63.0,4.0,11.0,11.0,Northeast,mobile,1,0,0.0
1228,45.0,4.0,9.0,11.0,Midwest,mobile,1,1,25.21
1229,33.0,5.0,14.0,1.0,Northeast,mobile,1,0,0.0
1230,59.0,5.0,14.0,2.0,West,desktop,1,1,33.09
1231,49.0,3.0,5.0,9.0,nan,tablet,0,0,0.0
1232,38.0,1.0,6.0,8.0,Midwest,desktop,0,0,0.0
1233,39.0,1.0,5.0,0.0,Midwest,desktop,0,0,0.0
1234,54.0,2.0,11.0,1.0,nan,tablet,0,0,0.0
1235,49.0,3.0,13.0,2.0,Northeast,mobile,1,0,0.0
1236,48.0,3.0,3.0,8.0,Southeast,desktop,0,0,0.0
1237,56.0,4.0,7.0,3.0,nan,tablet,1,0,0.0
1238,25.0,4.0,14.0,5.0,Northeast,desktop,0,0,0.0
1239,36.0,4.0,3.0,10.0,nan,mobile,0,0,0.0
1240,43.0,4.0,10.0,4.0,Midwest,tablet,1,0,0.0
1241,33.0,5.0,12.0,6.0,Midwest,mobile,1,0,0.0
1242,54.0,1.0,4.0,6.0,West,mobile,0,0,0.0
1243,33.0,2.0,3.0,6.0,nan,desktop,0,0,0.0
1244,50.0,5.0,8.0,9.0,Northeast,mobile,1,0,0.0
1245,41.0,1.0,12.0,11.0,Southeast,mobile,0,1,28.84
1246,46.0,3.0,0.0,10.0,Southeast,mobile,0,0,0.0
1247,22.0,4.0,14.0,6.0,Midwest,mobile,0,0,0.0
1248,56.0,5.0,7.0,4.0,Northeast,mobile,1,0,0.0
1249,32.0,5.0,1.0,10.0,Southeast,mobile,1,0,0.0
1250,60.0,5.0,11.0,7.0,West,mobile,1,0,0.0
1251,63.0,1.0,7.0,8.0,West,desktop,1,1,26.26
1252,28.0,5.0,5.0,3.0,nan,mobile,1,0,0.0
1253,23.0,3.0,4.0,11.0,Southeast,desktop,0,0,0.0
1254,32.0,4.0,11.0,5.0,nan,tablet,1,1,22.7
1255,35.0,2.0,6.0,3.0,Southeast,mobile,0,0,0.0
1256,64.0,4.0,10.0,7.0,nan,tablet,1,1,29.54
1257,25.0,1.0,12.0,2.0,West,desktop,1,0,0.0
1258,32.0,3.0,14.0,3.0,Midwest,tablet,0,0,0.0
1259,29.0,1.0,13.0,4.0,nan,mobile,1,1,21.96
1260,57.0,3.0,14.0,3.0,Northeast,desktop,0,0,0.0
1261,51.0,5.0,9.0,1.0,West,mobile,1,0,0.0
1262,44.0,3.0,3.0,1.0,West,tablet,0,0,0.0
1263,57.0,1.0,0.0,10.0,Northeast,mobile,0,0,0.0
1264,38.0,3.0,4.0,7.0,Southeast,mobile,1,0,0.0
1265,32.0,2.0,7.0,2.0,Midwest,mobile,0,0,0.0
1266,53.0,2.0,3.0,10.0,Southeast,mobile,0,0,0.0
1267,60.0,3.0,11.0,0.0,nan,mobile,0,0,0.0
1268,54.0,2.0,5.0,11.0,Northeast,mobile,0,0,0.0
1269,22.0,2.0,13.0,9.0,Midwest,mobile,1,0,0.0
1270,33.0,1.0,0.0,11.0,Midwest,mobile,0,0,0.0
1271,64.0,4.0,1.0,5.0,Midwest,mobile,0,0,0.0
1272,22.0,4.0,7.0,9.0,Northeast,mobile,1,1,28.36
1273,42.0,5.0,4.0,3.0,Midwest,desktop,0,0,0.0
1274,55.0,3.0,13.0,5.0,nan,mobile,0,0,0.0
1275,59.0,1.0,7.0,11.0,Northeast,desktop,0,0,0.0
1276,51.0,2.0,10.0,9.0,Northeast,mobile,0,0,0.0
1277,60.0,5.0,10.0,6.0,nan,mobile,0,1,28.28
1278,27.0,4.0,8.0,3.0,nan,mobile,0,0,0.0
1279,34.0,3.0,9.0,5.0,Midwest,mobile,0,0,0.0
1280,23.0,5.0,3.0,6.0,nan,mobile,1,1,25.28
1281,56.0,2.0,6.0,7.0,nan,mobile,0,0,0.0
1282,50.0,1.0,3.0,11.0,Northeast,mobile,0,0,0.0
1283,60.0,4.0,13.0,1.0,Northeast,mobile,0,0,0.0
1284,47.0,5.0,1.0,6.0,Midwest,mobile,0,0,0.0
1285,48.0,1.0,12.0,4.0,West,mobile,0,0,0.0
1286,54.0,1.0,1.0,7.0,West,mobile,0,0,0.0
1287,40.0,4.0,6.0,2.0,Midwest,desktop,1,0,0.0
1288,59.0,4.0,11.0,7.0,Northeast,mobile,1,0,0.0
1289,64.0,1.0,6.0,0.0,Northeast,desktop,0,0,0.0
1290,50.0,5.0,14.0,9.0,West,desktop,0,0,0.0
1291,37.0,5.0,12.0,4.0,Midwest,mobile,1,1,29.38
1292,49.0,2.0,12.0,1.0,Northeast,mobile,1,0,0.0
1293,62.0,5.0,10.0,6.0,West,mobile,1,0,0.0
1294,44.0,5.0,14.0,4.0,West,mobile,1,1,31.71
1295,54.0,3.0,5.0,11.0,Midwest,tablet,1,1,27.6
1296,46.0,4.0,1.0,11.0,nan,desktop,0,1,18.35
1297,41.0,3.0,7.0,7.0,Southeast,mobile,1,0,0.0
1298,63.0,5.0,5.0,11.0,West,desktop,0,0,0.0
1299,37.0,1.0,1.0,1.0,Southeast,desktop,0,0,0.0
1300,24.0,1.0,3.0,6.0,Midwest,mobile,0,0,0.0
1301,56.0,2.0,0.0,9.0,nan,mobile,0,0,0.0
1302,45.0,1.0,1.0,3.0,West,mobile,0,0,0.0
1303,23.0,1.0,11.0,5.0,Midwest,mobile,0,0,0.0
1304,32.0,4.0,3.0,10.0,Midwest,mobile,0,1,24.21
1305,54.0,3.0,8.0,10.0,West,mobile,0,0,0.0
1306,53.0,3.0,9.0,10.0,West,mobile,1,0,0.0
1307,43.0,4.0,4.0,8.0,West,tablet,1,0,0.0
1308,54.0,5.0,7.0,3.0,West,mobile,1,0,0.0
1309,64.0,2.0,6.0,1.0,Southeast,mobile,1,0,0.0
1310,33.0,3.0,13.0,8.0,Southeast,desktop,1,0,0.0
1311,30.0,4.0,14.0,0.0,Midwest,desktop,1,1,32.1
1312,54.0,1.0,1.0,11.0,Midwest,mobile,0,0,0.0
1313,38.0,3.0,10.0,2.0,West,mobile,1,0,0.0
1314,49.0,3.0,10.0,5.0,Midwest,mobile,0,0,0.0
1315,44.0,2.0,14.0,11.0,Southeast,mobile,1,1,22.95
1316,62.0,4.0,8.0,0.0,Midwest,desktop,0,0,0.0
1317,25.0,2.0,6.0,7.0,Northeast,tablet,1,0,0.0
1318,57.0,2.0,11.0,10.0,Midwest,mobile,0,0,0.0
1319,62.0,4.0,10.0,1.0,Midwest,mobile,0,0,0.0
1320,55.0,3.0,7.0,8.0,Midwest,mobile,0,0,0.0
1321,64.0,1.0,10.0,8.0,nan,tablet,1,0,0.0
1322,28.0,4.0,0.0,9.0,Midwest,desktop,1,0,0.0
1323,63.0,2.0,14.0,2.0,Midwest,desktop,0,0,0.0
1324,64.0,4.0,5.0,7.0,West,tablet,1,1,31.84
1325,62.0,3.0,4.0,6.0,nan,mobile,0,0,0.0
1326,56.0,2.0,3.0,5.0,West,tablet,0,0,0.0
1327,37.0,1.0,1.0,5.0,Northeast,tablet,1,0,0.0
1328,58.0,2.0,4.0,11.0,Midwest,desktop,1,0,0.0
1329,22.0,4.0,0.0,0.0,Northeast,mobile,0,1,23.1
1330,54.0,4.0,3.0,7.0,Northeast,tablet,0,0,0.0
1331,29.0,5.0,10.0,6.0,West,mobile,1,0,0.0
1332,58.0,2.0,9.0,6.0,Southeast,mobile,0,0,0.0
1333,30.0,5.0,7.0,10.0,Southeast,mobile,1,0,0.0
1334,48.0,4.0,13.0,6.0,Midwest,mobile,1,0,0.0
1335,27.0,2.0,11.0,9.0,Northeast,desktop,1,0,0.0
1336,22.0,2.0,2.0,9.0,Northeast,mobile,0,0,0.0
1337,23.0,3.0,8.0,9.0,West,desktop,0,0,0.0
1338,41.0,4.0,5.0,7.0,Northeast,mobile,1,0,0.0
1339,58.0,3.0,7.0,0.0,Northeast,mobile,1,0,0.0
1340,32.0,1.0,4.0,0.0,West,mobile,1,0,0.0
1341,30.0,4.0,14.0,6.0,nan,mobile,1,1,29.3
1342,35.0,3.0,1.0,3.0,Northeast,desktop,1,0,0.0
1343,29.0,1.0,1.0,2.0,Midwest,mobile,0,0,0.0
1344,33.0,1.0,5.0,6.0,Northeast,mobile,1,0,0.0
1345,37.0,3.0,12.0,5.0,Northeast,desktop,1,0,0.0
1346,49.0,3.0,11.0,1.0,Southeast,mobile,0,0,0.0
1347,48.0,1.0,5.0,5.0,West,desktop,1,0,0.0
1348,55.0,4.0,4.0,10.0,Southeast,mobile,1,0,0.0
1349,37.0,4.0,4.0,1.0,Northeast,mobile,0,0,0.0
1350,59.0,3.0,3.0,9.0,West,desktop,1,0,0.0
1351,53.0,1.0,8.0,9.0,West,mobile,0,0,0.0
1352,59.0,1.0,13.0,9.0,Southeast,mobile,0,0,0.0
1353,53.0,1.0,9.0,1.0,Midwest,mobile,0,0,0.0
1354,22.0,5.0,9.0,5.0,Northeast,mobile,1,0,0.0
1355,31.0,2.0,5.0,11.0,nan,tablet,0,0,0.0
1356,54.0,1.0,4.0,3.0,nan,tablet,0,0,0.0
1357,28.0,2.0,1.0,5.0,West,desktop,0,0,0.0
1358,61.0,4.0,0.0,10.0,Northeast,desktop,0,0,0.0
1359,33.0,2.0,6.0,6.0,Southeast,tablet,1,0,0.0
1360,55.0,4.0,14.0,4.0,Northeast,mobile,0,0,0.0
1361,34.0,1.0,11.0,1.0,Northeast,mobile,1,0,0.0
1362,27.0,5.0,14.0,6.0,Midwest,mobile,1,0,0.0
1363,33.0,3.0,4.0,5.0,Midwest,tablet,1,0,0.0
1364,63.0,5.0,10.0,3.0,nan,desktop,0,0,0.0
1365,44.0,4.0,9.0,3.0,West,desktop,1,1,26.5
1366,43.0,1.0,1.0,11.0,Northeast,mobile,0,0,0.0
1367,46.0,4.0,0.0,7.0,Northeast,desktop,0,0,0.0
1368,46.0,5.0,10.0,8.0,nan,mobile,0,0,0.0
1369,54.0,3.0,3.0,0.0,West,mobile,0,0,0.0
1370,34.0,1.0,6.0,11.0,Northeast,mobile,0,0,0.0
1371,22.0,3.0,12.0,3.0,nan,mobile,1,0,0.0
1372,58.0,3.0,0.0,11.0,Midwest,mobile,0,0,0.0
1373,36.0,4.0,2.0,11.0,West,mobile,1,0,0.0
1374,59.0,1.0,1.0,2.0,Midwest,mobile,0,0,0.0
1375,48.0,4.0,9.0,3.0,West,mobile,0,1,21.93
1376,57.0,2.0,0.0,8.0,Southeast,mobile,0,0,0.0
1377,53.0,2.0,10.0,6.0,Midwest,mobile,0,1,27.83
1378,30.0,4.0,1.0,5.0,Northeast,mobile,0,0,0.0
1379,30.0,3.0,8.0,4.0,Southeast,mobile,0,0,0.0
1380,27.0,5.0,8.0,7.0,Northeast,mobile,1,0,0.0
1381,32.0,2.0,11.0,7.0,West,tablet,0,0,0.0
1382,63.0,2.0,11.0,5.0,Northeast,mobile,0,0,0.0
1383,22.0,5.0,6.0,6.0,Southeast,mobile,1,0,0.0
1384,59.0,3.0,14.0,0.0,Northeast,desktop,1,1,28.03
1385,39.0,2.0,3.0,4.0,West,tablet,0,0,0.0
1386,58.0,5.0,14.0,8.0,Midwest,tablet,0,0,0.0
1387,59.0,1.0,14.0,9.0,Southeast,mobile,0,1,22.87
1388,55.0,3.0,12.0,5.0,Midwest,mobile,1,1,24.26
1389,35.0,2.0,8.0,8.0,Northeast,desktop,1,0,0.0
1390,26.0,5.0,0.0,1.0,nan,desktop,1,1,25.9
1391,44.0,1.0,6.0,7.0,Southeast,desktop,0,0,0.0
1392,44.0,2.0,6.0,7.0,West,mobile,1,0,0.0
1393,33.0,1.0,5.0,6.0,nan,mobile,1,0,0.0
1394,26.0,1.0,0.0,1.0,Northeast,mobile,0,0,0.0
1395,41.0,2.0,13.0,10.0,West,mobile,0,0,0.0
1396,40.0,3.0,9.0,10.0,Northeast,mobile,1,0,0.0
1397,30.0,3.0,0.0,11.0,nan,desktop,1,0,0.0
1398,28.0,3.0,2.0,0.0,Southeast,desktop,0,0,0.0
1399,42.0,5.0,12.0,0.0,Southeast,mobile,1,0,0.0
1400,42.0,5.0,9.0,5.0,Southeast,desktop,0,0,0.0
1401,43.0,2.0,2.0,11.0,nan,mobile,1,0,0.0
1402,50.0,1.0,3.0,4.0,Southeast,mobile,0,0,0.0
1403,49.0,4.0,1.0,3.0,nan,mobile,0,0,0.0
1404,58.0,1.0,9.0,10.0,nan,tablet,0,0,0.0
1405,60.0,4.0,1.0,0.0,nan,desktop,1,0,0.0
1406,25.0,1.0,10.0,8.0,Northeast,mobile,0,0,0.0
1407,37.0,1.0,5.0,6.0,West,mobile,0,0,0.0
1408,60.0,4.0,4.0,3.0,Southeast,mobile,0,0,0.0
1409,61.0,4.0,5.0,8.0,Midwest,mobile,0,0,0.0
1410,30.0,2.0,14.0,4.0,Northeast,tablet,1,1,23.19
1411,31.0,2.0,6.0,9.0,nan,tablet,1,0,0.0
1412,62.0,1.0,3.0,7.0,Southeast,desktop,0,0,0.0
1413,28.0,5.0,14.0,0.0,nan,mobile,0,0,0.0
1414,42.0,5.0,1.0,11.0,Northeast,mobile,0,0,0.0
1415,58.0,1.0,4.0,9.0,West,mobile,0,1,21.43
1416,24.0,4.0,8.0,4.0,West,mobile,1,0,0.0
1417,59.0,5.0,8.0,7.0,Southeast,tablet,1,0,0.0
1418,56.0,5.0,6.0,10.0,Midwest,mobile,1,1,30.4
1419,59.0,3.0,5.0,5.0,Southeast,desktop,0,0,0.0
1420,24.0,1.0,12.0,8.0,Northeast,mobile,0,0,0.0
1421,29.0,3.0,0.0,9.0,West,desktop,1,0,0.0
1422,48.0,2.0,7.0,8.0,West,desktop,0,0,0.0
1423,36.0,2.0,10.0,5.0,West,mobile,0,0,0.0
1424,56.0,4.0,3.0,2.0,West,mobile,1,1,22.12
1425,22.0,3.0,11.0,2.0,West,mobile,1,1,27.23
1426,41.0,1.0,7.0,0.0,Southeast,mobile,0,0,0.0
1427,30.0,4.0,6.0,5.0,nan,mobile,1,0,0.0
1428,51.0,5.0,12.0,5.0,nan,desktop,1,0,0.0
1429,47.0,1.0,1.0,4.0,Midwest,mobile,0,0,0.0
1430,46.0,5.0,3.0,7.0,nan,mobile,1,0,0.0
1431,47.0,1.0,12.0,3.0,nan,desktop,0,0,0.0
1432,25.0,3.0,1.0,5.0,West,mobile,0,1,21.54
1433,33.0,1.0,0.0,9.0,West,desktop,1,1,24.25
1434,51.0,5.0,13.0,4.0,Northeast,mobile,1,1,31.7
1435,33.0,4.0,0.0,0.0,Southeast,mobile,0,0,0.0
1436,62.0,5.0,12.0,3.0,Northeast,tablet,0,0,0.0
1437,25.0,1.0,12.0,4.0,Northeast,tablet,0,0,0.0
1438,36.0,4.0,12.0,10.0,West,mobile,1,0,0.0
1439,37.0,5.0,0.0,0.0,Northeast,desktop,1,0,0.0
1440,27.0,1.0,4.0,2.0,Southeast,desktop,0,0,0.0
1441,64.0,5.0,2.0,3.0,Midwest,mobile,0,1,26.56
1442,33.0,1.0,11.0,0.0,Northeast,mobile,1,0,0.0
1443,60.0,1.0,4.0,10.0,nan,desktop,0,0,0.0
1444,49.0,2.0,3.0,1.0,West,desktop,0,0,0.0
1445,45.0,5.0,8.0,7.0,Northeast,desktop,1,0,0.0
1446,64.0,5.0,9.0,5.0,Midwest,mobile,1,0,0.0
1447,23.0,3.0,7.0,10.0,Midwest,desktop,0,1,21.77
1448,56.0,3.0,1.0,6.0,West,mobile,0,0,0.0
1449,58.0,1.0,6.0,10.0,Southeast,desktop,1,0,0.0
1450,55.0,5.0,6.0,8.0,Northeast,mobile,0,1,25.66
1451,47.0,1.0,7.0,9.0,Northeast,desktop,1,0,0.0
1452,37.0,4.0,13.0,6.0,West,mobile,1,0,0.0
1453,28.0,2.0,5.0,0.0,Midwest,mobile,0,0,0.0
1454,48.0,5.0,0.0,7.0,West,mobile,0,1,25.24
1455,40.0,1.0,1.0,4.0,Midwest,mobile,0,1,17.23
1456,39.0,2.0,2.0,1.0,West,mobile,0,0,0.0
1457,63.0,4.0,13.0,5.0,West,desktop,1,0,0.0
1458,24.0,4.0,9.0,5.0,Northeast,mobile,1,0,0.0
1459,31.0,1.0,4.0,11.0,West,mobile,0,0,0.0
1460,43.0,1.0,11.0,8.0,Southeast,mobile,0,1,20.04
1461,63.0,2.0,14.0,9.0,Northeast,mobile,1,0,0.0
1462,45.0,4.0,6.0,3.0,West,mobile,1,0,0.0
1463,42.0,4.0,11.0,5.0,West,mobile,1,0,0.0
1464,58.0,3.0,11.0,3.0,West,desktop,1,0,0.0
1465,53.0,3.0,4.0,6.0,Southeast,desktop,0,0,0.0
1466,54.0,2.0,14.0,3.0,West,mobile,0,0,0.0
1467,49.0,3.0,14.0,3.0,Southeast,mobile,1,1,29.13
1468,41.0,4.0,10.0,4.0,Southeast,mobile,0,0,0.0
1469,47.0,2.0,14.0,11.0,Southeast,desktop,1,0,0.0
1470,43.0,1.0,6.0,0.0,West,mobile,0,0,0.0
1471,41.0,2.0,10.0,10.0,Southeast,tablet,1,0,0.0
1472,56.0,4.0,9.0,10.0,Northeast,desktop,1,0,0.0
1473,46.0,5.0,8.0,3.0,Southeast,tablet,0,0,0.0
1474,34.0,3.0,4.0,2.0,Midwest,mobile,1,0,0.0
1475,49.0,5.0,5.0,3.0,Southeast,tablet,1,0,0.0
1476,37.0,3.0,1.0,10.0,West,tablet,1,0,0.0
1477,57.0,4.0,7.0,1.0,Northeast,mobile,1,0,0.0
1478,60.0,3.0,2.0,0.0,West,tablet,0,0,0.0
1479,47.0,1.0,7.0,1.0,Southeast,mobile,0,0,0.0
1480,54.0,2.0,6.0,3.0,Northeast,mobile,0,1,21.62
1481,28.0,4.0,2.0,8.0,Southeast,mobile,1,0,0.0
1482,62.0,4.0,4.0,6.0,Northeast,mobile,0,0,0.0
1483,50.0,4.0,13.0,5.0,nan,desktop,0,1,23.85
1484,59.0,2.0,0.0,1.0,Southeast,desktop,0,0,0.0
1485,54.0,1.0,3.0,9.0,West,mobile,0,0,0.0
1486,54.0,5.0,5.0,11.0,Southeast,mobile,1,1,28.34
1487,26.0,2.0,11.0,4.0,Northeast,mobile,0,1,32.35
1488,33.0,4.0,12.0,6.0,Northeast,desktop,1,1,28.83
1489,37.0,1.0,11.0,3.0,Southeast,mobile,1,0,0.0
1490,44.0,5.0,1.0,9.0,nan,mobile,1,1,26.26
1491,39.0,5.0,5.0,6.0,Midwest,mobile,1,0,0.0
1492,39.0,4.0,13.0,3.0,West,desktop,1,0,0.0
1493,44.0,2.0,11.0,3.0,Midwest,desktop,0,1,23.32
1494,38.0,1.0,2.0,2.0,Southeast,tablet,0,0,0.0
1495,46.0,2.0,6.0,11.0,West,desktop,0,0,0.0
1496,55.0,3.0,6.0,10.0,Midwest,mobile,0,0,0.0
1497,48.0,5.0,3.0,5.0,Northeast,tablet,1,0,0.0
1498,38.0,4.0,13.0,2.0,Midwest,mobile,1,1,31.0
1499,63.0,3.0,11.0,2.0,West,mobile,0,0,0.0
1500,28.0,4.0,1.0,4.0,Southeast,desktop,0,0,0.0
1501,22.0,4.0,3.0,0.0,Southeast,mobile,0,0,0.0
1502,36.0,4.0,8.0,8.0,West,mobile,1,1,26.26
1503,45.0,1.0,10.0,1.0,Southeast,mobile,0,1,20.72
1504,56.0,3.0,11.0,2.0,Southeast,mobile,0,0,0.0
1505,47.0,5.0,14.0,4.0,West,mobile,1,1,32.79
1506,43.0,4.0,8.0,7.0,nan,desktop,1,0,0.0
1507,35.0,2.0,2.0,5.0,Northeast,mobile,0,0,0.0
1508,22.0,3.0,0.0,11.0,Southeast,mobile,1,0,0.0
1509,38.0,4.0,1.0,4.0,Northeast,desktop,0,0,0.0
1510,48.0,1.0,8.0,6.0,Midwest,mobile,1,1,27.83
1511,57.0,1.0,9.0,5.0,Southeast,desktop,1,0,0.0
1512,29.0,3.0,2.0,3.0,West,mobile,0,0,0.0
1513,33.0,1.0,5.0,7.0,nan,mobile,0,0,0.0
1514,26.0,3.0,6.0,11.0,Northeast,desktop,1,0,0.0
1515,52.0,4.0,5.0,2.0,nan,mobile,1,1,23.81
1516,35.0,3.0,3.0,10.0,Northeast,desktop,1,0,0.0
1517,59.0,5.0,4.0,9.0,Southeast,mobile,1,0,0.0
1518,55.0,1.0,11.0,7.0,nan,mobile,0,0,0.0
1519,62.0,3.0,10.0,8.0,Southeast,mobile,0,1,31.25
1520,24.0,5.0,12.0,9.0,Northeast,mobile,1,0,0.0
1521,59.0,4.0,13.0,4.0,Northeast,desktop,1,0,0.0
1522,30.0,5.0,3.0,9.0,Southeast,mobile,1,0,0.0
1523,47.0,3.0,5.0,5.0,nan,mobile,1,0,0.0
1524,30.0,1.0,9.0,5.0,Northeast,mobile,0,0,0.0
1525,49.0,2.0,8.0,11.0,Northeast,tablet,1,1,22.39
1526,57.0,5.0,12.0,3.0,nan,desktop,0,1,29.35
1527,41.0,2.0,13.0,0.0,Midwest,tablet,0,0,0.0
1528,32.0,5.0,6.0,0.0,nan,desktop,1,0,0.0
1529,42.0,4.0,9.0,4.0,Southeast,mobile,1,1,31.54
1530,46.0,4.0,13.0,0.0,Midwest,desktop,1,0,0.0
1531,54.0,5.0,8.0,11.0,nan,desktop,1,0,0.0
1532,27.0,5.0,3.0,0.0,nan,tablet,0,1,19.4
1533,24.0,3.0,12.0,9.0,Northeast,desktop,1,0,0.0
1534,56.0,4.0,1.0,2.0,West,mobile,0,0,0.0
1535,26.0,1.0,10.0,8.0,Midwest,desktop,1,0,0.0
1536,33.0,1.0,2.0,1.0,Northeast,tablet,0,0,0.0
1537,60.0,5.0,4.0,11.0,Northeast,mobile,0,1,24.51
1538,41.0,1.0,13.0,0.0,Midwest,tablet,0,0,0.0
1539,26.0,1.0,3.0,4.0,Northeast,mobile,0,0,0.0
1540,36.0,1.0,9.0,6.0,nan,mobile,0,0,0.0
1541,59.0,1.0,7.0,7.0,Southeast,mobile,0,0,0.0
1542,50.0,3.0,1.0,4.0,Midwest,mobile,0,1,22.03
1543,55.0,1.0,9.0,0.0,West,mobile,0,0,0.0
1544,33.0,1.0,5.0,11.0,Midwest,mobile,0,0,0.0
1545,57.0,5.0,14.0,10.0,Southeast,mobile,1,1,32.85
1546,22.0,1.0,4.0,8.0,West,mobile,0,0,0.0
1547,29.0,1.0,8.0,3.0,Northeast,mobile,1,0,0.0
1548,44.0,3.0,13.0,11.0,Midwest,desktop,0,0,0.0
1549,59.0,2.0,7.0,2.0,nan,mobile,0,0,0.0
1550,63.0,2.0,5.0,0.0,West,tablet,0,0,0.0
1551,39.0,3.0,5.0,9.0,Southeast,mobile,1,0,0.0
1552,57.0,1.0,1.0,3.0,nan,mobile,0,0,0.0
1553,32.0,4.0,11.0,9.0,nan,tablet,1,0,0.0
1554,64.0,4.0,0.0,9.0,Southeast,mobile,1,0,0.0
1555,26.0,1.0,11.0,1.0,nan,desktop,1,0,0.0
1556,41.0,3.0,8.0,7.0,Midwest,mobile,0,0,0.0
1557,22.0,2.0,0.0,5.0,nan,desktop,0,0,0.0
1558,46.0,3.0,2.0,4.0,Midwest,tablet,0,0,0.0
1559,40.0,4.0,1.0,5.0,Northeast,mobile,1,0,0.0
1560,56.0,2.0,14.0,10.0,Northeast,desktop,0,0,0.0
1561,49.0,4.0,1.0,1.0,Midwest,desktop,0,0,0.0
1562,36.0,4.0,13.0,6.0,Northeast,mobile,1,0,0.0
1563,62.0,5.0,0.0,8.0,West,mobile,0,0,0.0
1564,26.0,1.0,7.0,10.0,Southeast,mobile,1,1,21.51
1565,24.0,3.0,8.0,6.0,Northeast,mobile,0,0,0.0
1566,29.0,3.0,10.0,6.0,West,desktop,0,1,22.95
1567,46.0,5.0,6.0,2.0,West,mobile,0,0,0.0
1568,63.0,2.0,2.0,7.0,Northeast,mobile,0,1,19.11
1569,28.0,2.0,4.0,11.0,Northeast,mobile,1,0,0.0
1570,55.0,4.0,0.0,3.0,West,mobile,1,1,23.58
1571,54.0,2.0,12.0,5.0,Northeast,mobile,0,0,0.0
1572,34.0,1.0,0.0,0.0,Northeast,mobile,0,0,0.0
1573,28.0,3.0,9.0,3.0,nan,desktop,1,1,24.62
1574,55.0,5.0,8.0,0.0,Southeast,mobile,0,1,29.57
1575,56.0,2.0,4.0,10.0,nan,desktop,1,1,20.48
1576,52.0,1.0,2.0,3.0,Midwest,mobile,0,0,0.0
1577,54.0,3.0,8.0,11.0,nan,mobile,1,0,0.0
1578,42.0,3.0,10.0,10.0,Midwest,mobile,0,0,0.0
1579,38.0,2.0,7.0,2.0,West,mobile,0,0,0.0
1580,22.0,4.0,10.0,4.0,nan,tablet,1,1,25.01
1581,44.0,1.0,9.0,5.0,Southeast,tablet,0,0,0.0
1582,53.0,3.0,14.0,10.0,Northeast,mobile,1,0,0.0
1583,30.0,1.0,4.0,11.0,Midwest,tablet,0,1,20.96
1584,34.0,5.0,11.0,11.0,West,mobile,0,0,0.0
1585,46.0,3.0,5.0,5.0,Midwest,desktop,0,0,0.0
1586,33.0,4.0,8.0,5.0,West,mobile,1,0,0.0
1587,59.0,4.0,7.0,1.0,Southeast,desktop,1,1,30.78
1588,44.0,4.0,5.0,5.0,Northeast,desktop,0,0,0.0
1589,39.0,4.0,10.0,2.0,Southeast,tablet,1,0,0.0
1590,33.0,5.0,14.0,10.0,Southeast,tablet,1,0,0.0
1591,61.0,4.0,6.0,4.0,Southeast,mobile,0,0,0.0
1592,52.0,1.0,2.0,6.0,Southeast,desktop,0,0,0.0
1593,46.0,2.0,6.0,2.0,Southeast,mobile,0,0,0.0
1594,34.0,3.0,2.0,9.0,Northeast,mobile,1,0,0.0
1595,27.0,5.0,7.0,8.0,Midwest,mobile,1,0,0.0
1596,56.0,3.0,9.0,8.0,West,mobile,0,0,0.0
1597,24.0,5.0,7.0,10.0,nan,desktop,1,0,0.0
1598,40.0,4.0,14.0,4.0,Southeast,desktop,1,0,0.0
1599,46.0,2.0,3.0,11.0,West,mobile,0,1,20.43
1600,44.0,5.0,1.0,7.0,Midwest,desktop,0,0,0.0
1601,51.0,3.0,10.0,1.0,nan,mobile,0,0,0.0
1602,23.0,3.0,14.0,0.0,West,tablet,1,0,0.0
1603,31.0,1.0,0.0,9.0,Northeast,desktop,0,0,0.0
1604,22.0,1.0,5.0,6.0,Southeast,mobile,1,0,0.0
1605,32.0,3.0,8.0,11.0,West,desktop,1,0,0.0
1606,31.0,4.0,9.0,1.0,West,mobile,0,0,0.0
1607,59.0,5.0,13.0,8.0,Northeast,mobile,0,1,27.59
1608,36.0,4.0,10.0,6.0,West,tablet,1,1,30.76
1609,46.0,3.0,13.0,0.0,Northeast,mobile,0,0,0.0
1610,29.0,2.0,8.0,9.0,nan,desktop,1,0,0.0
1611,55.0,3.0,3.0,0.0,nan,desktop,0,0,0.0
1612,43.0,1.0,13.0,1.0,nan,desktop,0,0,0.0
1613,60.0,3.0,5.0,11.0,nan,mobile,0,0,0.0
1614,47.0,1.0,4.0,4.0,nan,desktop,1,1,25.65
1615,56.0,4.0,10.0,9.0,Southeast,mobile,1,0,0.0
1616,56.0,1.0,11.0,6.0,Midwest,tablet,0,0,0.0
1617,25.0,3.0,10.0,5.0,Northeast,mobile,1,0,0.0
1618,44.0,2.0,8.0,2.0,Midwest,desktop,0,0,0.0
1619,37.0,4.0,10.0,1.0,Northeast,mobile,1,0,0.0
1620,37.0,4.0,11.0,0.0,West,desktop,0,1,23.58
1621,39.0,2.0,3.0,0.0,Northeast,tablet,0,0,0.0
1622,61.0,2.0,12.0,0.0,nan,mobile,0,0,0.0
1623,63.0,5.0,8.0,11.0,nan,mobile,0,0,0.0
1624,40.0,5.0,5.0,3.0,nan,desktop,1,0,0.0
1625,64.0,5.0,5.0,10.0,Northeast,mobile,0,0,0.0
1626,34.0,2.0,0.0,3.0,West,mobile,0,0,0.0
1627,53.0,1.0,7.0,6.0,Southeast,tablet,0,0,0.0
1628,25.0,4.0,11.0,5.0,Northeast,mobile,1,0,0.0
1629,28.0,2.0,14.0,9.0,West,tablet,1,0,0.0
1630,29.0,2.0,1.0,10.0,Northeast,mobile,0,0,0.0
1631,46.0,4.0,10.0,1.0,nan,desktop,1,1,24.87
1632,51.0,1.0,4.0,4.0,nan,mobile,0,0,0.0
1633,23.0,5.0,1.0,10.0,Midwest,desktop,1,0,0.0
1634,30.0,2.0,8.0,1.0,Midwest,desktop,0,0,0.0
1635,60.0,2.0,0.0,9.0,nan,mobile,0,0,0.0
1636,37.0,4.0,2.0,3.0,West,mobile,1,1,25.26
1637,52.0,4.0,3.0,8.0,Northeast,desktop,0,0,0.0
1638,23.0,4.0,12.0,3.0,Midwest,mobile,1,1,30.48
1639,40.0,3.0,2.0,6.0,Midwest,mobile,0,1,23.64
1640,38.0,4.0,4.0,6.0,nan,mobile,0,0,0.0
1641,56.0,2.0,14.0,2.0,nan,mobile,0,0,0.0
1642,49.0,3.0,4.0,7.0,Midwest,mobile,0,1,24.94
1643,25.0,1.0,4.0,1.0,Northeast,desktop,0,0,0.0
1644,31.0,3.0,10.0,0.0,West,desktop,1,0,0.0
1645,45.0,2.0,0.0,8.0,Midwest,mobile,0,0,0.0
1646,22.0,5.0,1.0,6.0,Midwest,desktop,0,0,0.0
1647,26.0,5.0,5.0,7.0,nan,mobile,1,0,0.0
1648,57.0,1.0,9.0,2.0,nan,mobile,0,0,0.0
1649,22.0,4.0,0.0,0.0,Midwest,desktop,0,1,19.12
1650,53.0,1.0,0.0,9.0,nan,mobile,0,0,0.0
1651,45.0,2.0,0.0,3.0,Southeast,desktop,0,1,17.36
1652,64.0,3.0,10.0,4.0,Northeast,tablet,0,1,27.01
1653,47.0,2.0,10.0,10.0,West,desktop,0,0,0.0
1654,27.0,5.0,5.0,10.0,Midwest,mobile,1,0,0.0
1655,48.0,1.0,1.0,4.0,West,mobile,0,0,0.0
1656,51.0,5.0,11.0,4.0,Northeast,tablet,1,1,25.48
1657,34.0,5.0,10.0,11.0,Midwest,desktop,1,0,0.0
1658,33.0,4.0,0.0,4.0,West,mobile,0,0,0.0
1659,39.0,5.0,10.0,6.0,Midwest,mobile,0,1,26.01
1660,43.0,2.0,13.0,1.0,Southeast,desktop,0,0,0.0
1661,32.0,4.0,10.0,10.0,Midwest,mobile,1,1,25.36
1662,54.0,4.0,5.0,2.0,Midwest,desktop,1,0,0.0
1663,58.0,2.0,3.0,3.0,Midwest,desktop,0,0,0.0
1664,29.0,2.0,5.0,8.0,Midwest,mobile,0,0,0.0
1665,53.0,2.0,5.0,10.0,Midwest,desktop,0,0,0.0
1666,42.0,1.0,2.0,6.0,Southeast,desktop,0,0,0.0
1667,27.0,3.0,14.0,10.0,Northeast,desktop,0,1,28.86
1668,33.0,1.0,1.0,6.0,Northeast,desktop,1,0,0.0
1669,61.0,2.0,4.0,5.0,Midwest,tablet,0,0,0.0
1670,28.0,5.0,0.0,1.0,nan,mobile,0,1,20.39
1671,24.0,1.0,8.0,4.0,West,desktop,0,0,0.0
1672,53.0,4.0,1.0,1.0,Midwest,mobile,0,0,0.0
1673,45.0,2.0,11.0,3.0,West,desktop,1,1,22.91
1674,33.0,1.0,8.0,5.0,nan,desktop,0,0,0.0
1675,54.0,3.0,7.0,11.0,nan,tablet,0,0,0.0
1676,44.0,2.0,10.0,11.0,nan,desktop,0,0,0.0
1677,32.0,4.0,13.0,6.0,Northeast,mobile,1,0,0.0
1678,51.0,5.0,1.0,5.0,West,tablet,0,0,0.0
1679,58.0,4.0,10.0,4.0,West,desktop,1,0,0.0
1680,41.0,4.0,1.0,10.0,Northeast,desktop,0,0,0.0
1681,55.0,4.0,1.0,4.0,Southeast,desktop,0,0,0.0
1682,27.0,2.0,1.0,11.0,Northeast,mobile,1,0,0.0
1683,24.0,3.0,3.0,5.0,Southeast,desktop,0,0,0.0
1684,22.0,5.0,7.0,1.0,Midwest,tablet,0,0,0.0
1685,36.0,3.0,3.0,4.0,Northeast,desktop,0,0,0.0
1686,38.0,3.0,3.0,11.0,Midwest,desktop,0,0,0.0
1687,59.0,4.0,14.0,4.0,Northeast,desktop,1,1,24.67
1688,64.0,3.0,2.0,8.0,nan,desktop,1,0,0.0
1689,49.0,1.0,1.0,11.0,Northeast,desktop,0,0,0.0
1690,63.0,3.0,6.0,1.0,Midwest,tablet,1,0,0.0
1691,63.0,1.0,10.0,10.0,Southeast,desktop,1,0,0.0
1692,41.0,4.0,8.0,8.0,Midwest,mobile,0,0,0.0
1693,33.0,5.0,9.0,7.0,Southeast,mobile,1,1,30.53
1694,39.0,2.0,2.0,5.0,nan,mobile,0,1,19.84
1695,22.0,2.0,6.0,8.0,West,desktop,0,0,0.0
1696,49.0,1.0,11.0,1.0,Northeast,mobile,0,0,0.0
1697,59.0,2.0,5.0,11.0,West,tablet,1,0,0.0
1698,57.0,4.0,8.0,2.0,Midwest,mobile,0,0,0.0
1699,32.0,1.0,1.0,1.0,Northeast,desktop,0,0,0.0
1700,46.0,3.0,11.0,8.0,Midwest,tablet,1,1,31.42
1701,60.0,5.0,14.0,0.0,Northeast,tablet,1,1,29.26
1702,53.0,5.0,4.0,3.0,Midwest,mobile,0,0,0.0
1703,24.0,1.0,1.0,2.0,Southeast,mobile,1,0,0.0
1704,23.0,5.0,5.0,11.0,Northeast,desktop,1,1,24.8
1705,61.0,5.0,12.0,3.0,West,tablet,1,1,26.77
1706,59.0,4.0,14.0,9.0,Southeast,mobile,0,0,0.0
1707,54.0,5.0,8.0,6.0,West,mobile,1,1,29.43
1708,45.0,3.0,9.0,6.0,nan,mobile,0,0,0.0
1709,63.0,3.0,9.0,8.0,Southeast,mobile,0,0,0.0
1710,43.0,4.0,2.0,7.0,Southeast,desktop,0,0,0.0
1711,48.0,5.0,2.0,3.0,Northeast,tablet,1,0,0.0
1712,31.0,1.0,10.0,11.0,Midwest,mobile,0,0,0.0
1713,36.0,4.0,6.0,0.0,West,tablet,0,1,25.64
1714,27.0,2.0,11.0,3.0,Northeast,desktop,0,0,0.0
1715,44.0,5.0,5.0,3.0,Northeast,mobile,0,0,0.0
1716,37.0,4.0,14.0,9.0,West,mobile,1,0,0.0
1717,52.0,1.0,11.0,5.0,West,mobile,0,0,0.0
1718,61.0,3.0,8.0,5.0,Northeast,mobile,0,1,24.25
1719,58.0,5.0,12.0,0.0,Northeast,mobile,1,0,0.0
1720,46.0,4.0,8.0,10.0,Northeast,tablet,1,0,0.0
1721,56.0,4.0,3.0,4.0,Northeast,mobile,1,0,0.0
1722,39.0,1.0,4.0,0.0,Midwest,tablet,0,0,0.0
1723,48.0,5.0,2.0,3.0,Northeast,mobile,1,0,0.0
1724,27.0,4.0,8.0,8.0,Southeast,mobile,1,0,0.0
1725,26.0,5.0,9.0,0.0,nan,desktop,1,0,0.0
1726,24.0,5.0,0.0,9.0,Northeast,tablet,0,0,0.0
1727,34.0,5.0,6.0,5.0,West,mobile,1,0,0.0
1728,48.0,4.0,12.0,7.0,Southeast,mobile,1,0,0.0
1729,42.0,3.0,11.0,8.0,Midwest,desktop,0,0,0.0
1730,63.0,1.0,10.0,3.0,nan,tablet,0,0,0.0
1731,24.0,1.0,4.0,6.0,Midwest,mobile,1,0,0.0
1732,41.0,4.0,10.0,1.0,Northeast,desktop,1,0,0.0
1733,39.0,5.0,3.0,6.0,West,mobile,0,0,0.0
1734,32.0,5.0,10.0,8.0,Midwest,mobile,0,1,23.23
1735,45.0,5.0,12.0,1.0,West,mobile,1,0,0.0
1736,38.0,1.0,3.0,1.0,Northeast,desktop,0,0,0.0
1737,31.0,3.0,11.0,1.0,Southeast,tablet,0,1,33.6
1738,43.0,4.0,0.0,10.0,nan,mobile,1,0,0.0
1739,31.0,4.0,9.0,10.0,Midwest,desktop,0,0,0.0
1740,54.0,3.0,7.0,6.0,Midwest,desktop,0,0,0.0
1741,37.0,5.0,14.0,6.0,West,mobile,1,0,0.0
1742,41.0,2.0,8.0,4.0,Midwest,mobile,0,0,0.0
1743,29.0,5.0,0.0,6.0,West,tablet,1,1,28.16
1744,61.0,3.0,12.0,2.0,Southeast,mobile,0,1,23.96
1745,29.0,4.0,3.0,5.0,nan,mobile,1,0,0.0
1746,49.0,3.0,10.0,0.0,Northeast,mobile,0,0,0.0
1747,49.0,2.0,11.0,6.0,Midwest,desktop,0,0,0.0
1748,27.0,3.0,4.0,10.0,nan,mobile,1,1,23.9
1749,28.0,3.0,0.0,8.0,West,tablet,0,0,0.0
1750,26.0,4.0,7.0,7.0,Midwest,desktop,1,1,28.08
1751,62.0,1.0,6.0,2.0,nan,mobile,0,0,0.0
1752,45.0,1.0,7.0,8.0,Northeast,mobile,1,0,0.0
1753,28.0,2.0,13.0,11.0,Midwest,tablet,1,0,0.0
1754,56.0,2.0,10.0,11.0,nan,desktop,1,0,0.0
1755,62.0,4.0,3.0,11.0,West,desktop,0,0,0.0
1756,44.0,4.0,11.0,2.0,Southeast,mobile,0,1,27.79
1757,46.0,1.0,4.0,2.0,nan,mobile,0,1,19.78
1758,56.0,1.0,9.0,0.0,West,desktop,0,0,0.0
1759,40.0,5.0,3.0,10.0,nan,mobile,1,0,0.0
1760,25.0,4.0,12.0,5.0,Midwest,desktop,1,0,0.0
1761,53.0,5.0,7.0,6.0,Northeast,tablet,1,1,29.05
1762,36.0,4.0,4.0,5.0,nan,tablet,1,0,0.0
1763,50.0,3.0,14.0,8.0,West,mobile,1,1,26.25
1764,24.0,2.0,12.0,0.0,Midwest,mobile,1,1,29.71
1765,36.0,5.0,2.0,3.0,Northeast,desktop,1,0,0.0
1766,37.0,5.0,0.0,5.0,nan,mobile,0,0,0.0
1767,35.0,3.0,12.0,1.0,West,desktop,1,0,0.0
1768,46.0,3.0,12.0,6.0,Northeast,mobile,0,0,0.0
1769,40.0,2.0,3.0,8.0,Midwest,mobile,0,0,0.0
1770,61.0,5.0,4.0,1.0,nan,mobile,1,1,25.05
1771,52.0,1.0,10.0,9.0,Midwest,desktop,1,1,26.9
1772,41.0,1.0,10.0,8.0,West,desktop,0,1,26.81
1773,33.0,5.0,6.0,0.0,West,mobile,1,0,0.0
1774,38.0,5.0,10.0,4.0,Midwest,mobile,0,0,0.0
1775,35.0,2.0,4.0,8.0,West,mobile,1,0,0.0
1776,51.0,3.0,5.0,6.0,Northeast,tablet,0,0,0.0
1777,62.0,2.0,7.0,0.0,Southeast,mobile,0,1,23.08
1778,52.0,5.0,3.0,7.0,nan,mobile,1,1,28.07
1779,62.0,1.0,12.0,3.0,Southeast,desktop,1,1,27.7
1780,29.0,3.0,11.0,4.0,Midwest,mobile,1,1,35.14
1781,25.0,3.0,7.0,0.0,Northeast,mobile,0,0,0.0
1782,52.0,5.0,4.0,8.0,nan,tablet,1,0,0.0
1783,64.0,3.0,7.0,3.0,Southeast,desktop,0,0,0.0
1784,45.0,2.0,4.0,7.0,Midwest,mobile,0,0,0.0
1785,41.0,3.0,3.0,5.0,Southeast,desktop,0,0,0.0
1786,43.0,4.0,9.0,0.0,Southeast,desktop,1,1,28.27
1787,28.0,5.0,2.0,1.0,Northeast,mobile,0,0,0.0
1788,64.0,1.0,10.0,1.0,nan,tablet,0,0,0.0
1789,24.0,4.0,10.0,0.0,Southeast,mobile,1,0,0.0
1790,55.0,3.0,0.0,0.0,Southeast,mobile,0,0,0.0
1791,39.0,1.0,2.0,0.0,Northeast,mobile,0,0,0.0
1792,57.0,2.0,7.0,10.0,West,mobile,0,0,0.0
1793,53.0,3.0,0.0,11.0,Northeast,desktop,1,0,0.0
1794,57.0,5.0,12.0,4.0,West,mobile,1,1,26.36
1795,53.0,5.0,8.0,0.0,Midwest,desktop,1,0,0.0
1796,49.0,3.0,6.0,6.0,West,mobile,0,0,0.0
1797,44.0,4.0,6.0,8.0,Northeast,desktop,0,0,0.0
1798,23.0,3.0,5.0,6.0,West,mobile,1,0,0.0
1799,57.0,4.0,9.0,4.0,Northeast,tablet,1,0,0.0
1800,37.0,5.0,9.0,5.0,nan,desktop,1,1,31.21
1801,38.0,1.0,0.0,1.0,West,mobile,0,0,0.0
1802,54.0,5.0,2.0,4.0,Northeast,mobile,0,1,24.61
1803,25.0,1.0,12.0,1.0,Midwest,mobile,1,0,0.0
1804,29.0,5.0,13.0,4.0,nan,mobile,1,0,0.0
1805,61.0,3.0,12.0,1.0,Southeast,desktop,0,0,0.0
1806,63.0,1.0,3.0,3.0,Northeast,mobile,0,0,0.0
1807,61.0,1.0,12.0,2.0,Midwest,mobile,0,0,0.0
1808,22.0,5.0,10.0,2.0,Northeast,mobile,1,0,0.0
1809,38.0,4.0,3.0,1.0,West,mobile,0,0,0.0
1810,46.0,3.0,10.0,7.0,nan,mobile,0,1,24.42
1811,35.0,5.0,11.0,3.0,Midwest,desktop,1,0,0.0
1812,25.0,5.0,10.0,8.0,nan,tablet,1,1,28.06
1813,23.0,1.0,14.0,6.0,Northeast,mobile,1,0,0.0
1814,54.0,3.0,12.0,2.0,nan,desktop,0,0,0.0
1815,56.0,4.0,10.0,2.0,Southeast,desktop,0,0,0.0
1816,48.0,4.0,7.0,1.0,nan,mobile,1,0,0.0
1817,26.0,3.0,9.0,10.0,nan,desktop,1,1,24.54
1818,39.0,2.0,13.0,9.0,Southeast,desktop,1,1,27.45
1819,41.0,2.0,6.0,6.0,Northeast,desktop,0,0,0.0
1820,26.0,1.0,9.0,0.0,Southeast,mobile,0,0,0.0
1821,30.0,3.0,5.0,6.0,Midwest,mobile,1,0,0.0
1822,41.0,3.0,14.0,6.0,nan,mobile,1,1,27.62
1823,33.0,5.0,13.0,11.0,West,desktop,1,0,0.0
1824,37.0,1.0,1.0,5.0,West,desktop,1,1,21.32
1825,31.0,3.0,2.0,1.0,West,desktop,1,0,0.0
1826,30.0,4.0,12.0,8.0,Southeast,desktop,1,1,33.0
1827,64.0,3.0,9.0,5.0,West,mobile,0,0,0.0
1828,29.0,1.0,9.0,9.0,Southeast,mobile,0,0,0.0
1829,47.0,4.0,2.0,11.0,West,mobile,1,0,0.0
1830,58.0,1.0,13.0,11.0,West,desktop,0,0,0.0
1831,34.0,4.0,11.0,7.0,West,mobile,1,0,0.0
1832,36.0,2.0,5.0,3.0,Northeast,mobile,0,0,0.0
1833,46.0,4.0,13.0,6.0,Midwest,mobile,0,0,0.0
1834,26.0,1.0,9.0,0.0,Northeast,mobile,0,0,0.0
1835,49.0,4.0,13.0,7.0,Southeast,tablet,1,0,0.0
1836,28.0,1.0,7.0,6.0,West,mobile,1,0,0.0
1837,54.0,2.0,6.0,10.0,Midwest,tablet,1,0,0.0
1838,50.0,4.0,11.0,4.0,Northeast,desktop,1,0,0.0
1839,39.0,2.0,1.0,9.0,nan,tablet,0,0,0.0
1840,37.0,3.0,9.0,5.0,Northeast,desktop,0,0,0.0
1841,29.0,3.0,14.0,6.0,Midwest,mobile,1,0,0.0
1842,24.0,2.0,13.0,10.0,Midwest,mobile,1,1,28.02
1843,63.0,3.0,4.0,4.0,Southeast,mobile,1,0,0.0
1844,24.0,2.0,6.0,4.0,Northeast,mobile,0,0,0.0
1845,29.0,3.0,3.0,5.0,Southeast,mobile,0,0,0.0
1846,24.0,4.0,8.0,6.0,Northeast,desktop,0,1,25.56
1847,42.0,4.0,9.0,0.0,Northeast,desktop,1,0,0.0
1848,53.0,2.0,12.0,1.0,Northeast,mobile,1,1,33.23
1849,33.0,4.0,12.0,6.0,West,mobile,0,0,0.0
1850,58.0,4.0,8.0,9.0,Northeast,desktop,0,0,0.0
1851,48.0,3.0,4.0,0.0,Southeast,mobile,0,0,0.0
1852,58.0,4.0,6.0,5.0,Midwest,mobile,1,0,0.0
1853,38.0,3.0,5.0,9.0,Northeast,desktop,0,0,0.0
1854,45.0,1.0,7.0,3.0,Midwest,mobile,0,0,0.0
1855,31.0,3.0,4.0,11.0,Midwest,mobile,0,0,0.0
1856,38.0,5.0,11.0,5.0,nan,mobile,1,0,0.0
1857,61.0,3.0,10.0,8.0,Northeast,mobile,0,1,19.84
1858,35.0,3.0,14.0,2.0,Northeast,mobile,1,1,26.46
1859,39.0,4.0,0.0,10.0,Northeast,desktop,0,0,0.0
1860,54.0,5.0,3.0,6.0,Midwest,desktop,0,0,0.0
1861,33.0,3.0,0.0,5.0,Northeast,tablet,0,0,0.0
1862,56.0,2.0,3.0,2.0,West,mobile,0,0,0.0
1863,33.0,4.0,1.0,9.0,West,mobile,1,0,0.0
1864,62.0,4.0,2.0,4.0,Midwest,desktop,0,0,0.0
1865,51.0,4.0,8.0,11.0,Southeast,desktop,1,0,0.0
1866,64.0,4.0,2.0,1.0,Midwest,mobile,0,0,0.0
1867,46.0,5.0,8.0,11.0,Southeast,mobile,1,0,0.0
1868,52.0,2.0,0.0,3.0,nan,mobile,1,0,0.0
1869,51.0,2.0,10.0,0.0,Southeast,desktop,1,1,23.08
1870,30.0,5.0,11.0,4.0,nan,desktop,1,1,33.07
1871,23.0,1.0,12.0,3.0,nan,mobile,0,0,0.0
1872,63.0,5.0,5.0,9.0,Southeast,desktop,0,0,0.0
1873,47.0,2.0,4.0,11.0,nan,desktop,0,0,0.0
1874,27.0,4.0,6.0,7.0,West,mobile,1,0,0.0
1875,48.0,5.0,13.0,7.0,West,desktop,1,0,0.0
1876,34.0,5.0,12.0,1.0,West,mobile,1,0,0.0
1877,36.0,4.0,7.0,2.0,Midwest,desktop,0,0,0.0
1878,57.0,2.0,13.0,7.0,West,mobile,0,1,28.07
1879,45.0,2.0,4.0,8.0,Midwest,desktop,1,1,26.71
1880,44.0,4.0,8.0,5.0,nan,desktop,0,1,26.53
1881,45.0,4.0,2.0,9.0,Midwest,mobile,1,1,25.29
1882,32.0,2.0,1.0,4.0,Southeast,tablet,0,0,0.0
1883,55.0,3.0,10.0,10.0,West,desktop,0,0,0.0
1884,44.0,5.0,6.0,1.0,West,desktop,0,0,0.0
1885,39.0,1.0,8.0,10.0,nan,mobile,0,0,0.0
1886,55.0,3.0,13.0,7.0,Northeast,desktop,1,0,0.0
1887,47.0,3.0,7.0,11.0,West,desktop,0,0,0.0
1888,33.0,5.0,13.0,2.0,Midwest,mobile,1,0,0.0
1889,55.0,2.0,8.0,1.0,West,mobile,0,0,0.0
1890,43.0,1.0,4.0,3.0,Midwest,tablet,0,0,0.0
1891,26.0,3.0,1.0,6.0,Southeast,desktop,1,0,0.0
1892,34.0,2.0,14.0,9.0,Northeast,mobile,1,0,0.0
1893,52.0,5.0,11.0,9.0,Southeast,tablet,0,1,24.08
1894,39.0,4.0,4.0,0.0,West,mobile,1,0,0.0
1895,52.0,2.0,10.0,5.0,Northeast,desktop,0,0,0.0
1896,31.0,2.0,12.0,9.0,nan,mobile,1,0,0.0
1897,62.0,1.0,0.0,9.0,Southeast,mobile,0,1,23.51
1898,52.0,1.0,14.0,4.0,Northeast,mobile,0,0,0.0
1899,32.0,3.0,2.0,4.0,nan,mobile,0,0,0.0
1900,35.0,4.0,1.0,3.0,Northeast,tablet,1,0,0.0
1901,35.0,4.0,6.0,3.0,Northeast,tablet,0,0,0.0
1902,43.0,1.0,4.0,6.0,Northeast,mobile,0,0,0.0
1903,36.0,1.0,5.0,5.0,Midwest,tablet,0,0,0.0
1904,56.0,3.0,8.0,3.0,Southeast,tablet,0,0,0.0
1905,30.0,1.0,6.0,0.0,West,mobile,1,0,0.0
1906,28.0,5.0,5.0,10.0,Midwest,mobile,1,0,0.0
1907,24.0,3.0,8.0,9.0,Southeast,mobile,1,0,0.0
1908,50.0,3.0,14.0,0.0,Midwest,mobile,1,0,0.0
1909,60.0,4.0,10.0,7.0,nan,mobile,1,0,0.0
1910,36.0,3.0,6.0,8.0,nan,mobile,1,0,0.0
1911,56.0,1.0,10.0,6.0,Northeast,desktop,1,0,0.0
1912,42.0,2.0,12.0,9.0,nan,desktop,1,1,29.6
1913,34.0,2.0,0.0,7.0,Southeast,mobile,0,1,17.01
1914,52.0,1.0,2.0,2.0,Southeast,mobile,0,0,0.0
1915,22.0,3.0,14.0,4.0,Midwest,tablet,1,0,0.0
1916,61.0,1.0,14.0,9.0,West,mobile,1,0,0.0
1917,64.0,1.0,10.0,11.0,Midwest,mobile,1,0,0.0
1918,59.0,5.0,10.0,5.0,West,mobile,0,0,0.0
1919,59.0,1.0,13.0,4.0,Northeast,desktop,0,0,0.0
1920,60.0,1.0,0.0,11.0,Southeast,mobile,0,0,0.0
1921,41.0,3.0,7.0,2.0,nan,desktop,1,0,0.0
1922,24.0,5.0,2.0,4.0,Midwest,mobile,1,1,27.78
1923,45.0,2.0,14.0,9.0,West,mobile,1,0,0.0
1924,40.0,2.0,1.0,3.0,Northeast,desktop,1,0,0.0
1925,56.0,4.0,1.0,7.0,Northeast,mobile,0,0,0.0
1926,56.0,5.0,8.0,10.0,Northeast,desktop,1,0,0.0
1927,57.0,2.0,4.0,11.0,West,desktop,0,0,0.0
1928,56.0,1.0,12.0,7.0,Northeast,desktop,1,0,0.0
1929,58.0,2.0,4.0,1.0,West,tablet,0,0,0.0
1930,40.0,5.0,11.0,9.0,Southeast,mobile,1,0,0.0
1931,49.0,2.0,5.0,10.0,Northeast,mobile,0,0,0.0
1932,34.0,5.0,8.0,4.0,West,mobile,0,0,0.0
1933,48.0,3.0,14.0,9.0,Midwest,tablet,1,1,32.39
1934,45.0,3.0,9.0,5.0,nan,desktop,1,1,23.36
1935,23.0,4.0,2.0,11.0,West,tablet,0,0,0.0
1936,54.0,5.0,14.0,11.0,Southeast,tablet,1,1,28.11
1937,50.0,4.0,14.0,7.0,Northeast,tablet,1,1,33.69
1938,51.0,2.0,6.0,6.0,West,mobile,0,0,0.0
1939,32.0,2.0,5.0,8.0,Southeast,mobile,0,0,0.0
1940,32.0,1.0,11.0,8.0,Northeast,mobile,0,0,0.0
1941,23.0,3.0,8.0,2.0,Midwest,mobile,0,0,0.0
1942,22.0,5.0,1.0,11.0,West,mobile,1,0,0.0
1943,53.0,2.0,4.0,7.0,Southeast,tablet,0,1,20.91
1944,60.0,2.0,1.0,8.0,West,desktop,0,0,0.0
1945,39.0,5.0,4.0,1.0,Northeast,desktop,1,1,28.95
1946,41.0,1.0,2.0,8.0,West,desktop,0,1,18.13
1947,38.0,2.0,14.0,2.0,Northeast,mobile,0,1,30.33
1948,57.0,2.0,14.0,1.0,West,mobile,1,0,0.0
1949,58.0,5.0,0.0,9.0,Midwest,desktop,0,0,0.0
1950,59.0,5.0,11.0,2.0,Northeast,mobile,0,0,0.0
1951,25.0,5.0,12.0,3.0,Northeast,mobile,1,0,0.0
1952,62.0,5.0,13.0,9.0,West,mobile,1,0,0.0
1953,22.0,1.0,13.0,4.0,nan,desktop,0,1,25.61
1954,37.0,1.0,5.0,11.0,Southeast,mobile,0,0,0.0
1955,34.0,5.0,7.0,6.0,West,tablet,1,0,0.0
1956,50.0,2.0,2.0,5.0,nan,mobile,0,0,0.0
1957,33.0,1.0,12.0,8.0,Northeast,mobile,0,0,0.0
1958,47.0,3.0,0.0,9.0,Midwest,mobile,0,0,0.0
1959,60.0,5.0,7.0,6.0,Midwest,mobile,1,0,0.0
1960,29.0,4.0,6.0,0.0,Northeast,desktop,0,0,0.0
1961,59.0,3.0,5.0,2.0,Southeast,desktop,1,0,0.0
1962,40.0,1.0,14.0,1.0,nan,mobile,0,0,0.0
1963,47.0,4.0,7.0,6.0,West,mobile,0,1,22.61
1964,40.0,1.0,0.0,0.0,West,mobile,0,0,0.0
1965,30.0,1.0,12.0,10.0,West,desktop,0,0,0.0
1966,30.0,4.0,13.0,1.0,Midwest,desktop,0,0,0.0
1967,23.0,1.0,5.0,7.0,West,tablet,0,0,0.0
1968,38.0,1.0,4.0,0.0,West,mobile,0,0,0.0
1969,26.0,5.0,10.0,10.0,Midwest,mobile,1,0,0.0
1970,40.0,3.0,0.0,0.0,Northeast,mobile,0,0,0.0
1971,42.0,4.0,9.0,8.0,Northeast,desktop,0,1,25.7
1972,56.0,4.0,2.0,8.0,West,desktop,0,0,0.0
1973,53.0,5.0,3.0,6.0,West,desktop,0,0,0.0
1974,58.0,4.0,1.0,5.0,Midwest,mobile,0,0,0.0
1975,23.0,4.0,9.0,11.0,Northeast,desktop,1,1,26.01
1976,52.0,3.0,10.0,6.0,West,desktop,0,0,0.0
1977,33.0,1.0,6.0,1.0,Southeast,mobile,0,1,18.74
1978,56.0,4.0,14.0,4.0,West,tablet,0,0,0.0
1979,61.0,3.0,1.0,6.0,West,mobile,0,0,0.0
1980,26.0,3.0,14.0,4.0,nan,mobile,1,0,0.0
1981,44.0,2.0,12.0,4.0,Northeast,mobile,1,0,0.0
1982,45.0,5.0,1.0,1.0,West,mobile,1,0,0.0
1983,33.0,4.0,6.0,2.0,West,mobile,1,0,0.0
1984,33.0,3.0,8.0,7.0,Southeast,desktop,0,0,0.0
1985,28.0,1.0,9.0,10.0,West,mobile,0,0,0.0
1986,40.0,3.0,6.0,1.0,Southeast,desktop,1,0,0.0
1987,52.0,2.0,4.0,2.0,West,mobile,1,0,0.0
1988,52.0,3.0,4.0,10.0,West,mobile,0,0,0.0
1989,55.0,1.0,8.0,4.0,nan,tablet,1,0,0.0
1990,62.0,3.0,8.0,3.0,nan,tablet,1,0,0.0
1991,49.0,5.0,5.0,6.0,nan,mobile,1,0,0.0
1992,37.0,2.0,3.0,3.0,West,mobile,1,0,0.0
1993,33.0,3.0,7.0,10.0,Midwest,mobile,0,0,0.0
1994,46.0,3.0,3.0,2.0,West,mobile,1,1,29.37
1995,40.0,5.0,6.0,7.0,West,mobile,1,0,0.0
1996,26.0,5.0,14.0,1.0,West,mobile,1,0,0.0
1997,39.0,5.0,11.0,10.0,Southeast,mobile,0,1,28.04
1998,51.0,3.0,11.0,3.0,West,mobile,0,0,0.0
1999,29.0,3.0,0.0,9.0,Northeast,mobile,0,0,0.0
2000,32.0,4.0,11.0,11.0,Northeast,mobile,1,0,0.0
2001,34.0,1.0,9.0,6.0,West,mobile,0,0,0.0
2002,42.0,4.0,7.0,0.0,Midwest,mobile,1,1,26.03
2003,57.0,2.0,4.0,4.0,Midwest,mobile,0,0,0.0
2004,36.0,3.0,6.0,5.0,Southeast,desktop,1,0,0.0
2005,27.0,4.0,5.0,1.0,Southeast,mobile,1,0,0.0
2006,24.0,3.0,5.0,4.0,Midwest,desktop,0,0,0.0
2007,48.0,2.0,12.0,6.0,Northeast,tablet,1,0,0.0
2008,53.0,1.0,2.0,9.0,West,tablet,1,0,0.0
2009,25.0,3.0,9.0,2.0,Midwest,mobile,1,0,0.0
2010,48.0,1.0,14.0,7.0,West,tablet,0,0,0.0
2011,60.0,5.0,2.0,8.0,Northeast,tablet,0,1,23.98
2012,57.0,5.0,10.0,0.0,Southeast,mobile,0,0,0.0
2013,62.0,4.0,1.0,5.0,Southeast,tablet,0,0,0.0
2014,62.0,2.0,7.0,0.0,Midwest,tablet,1,0,0.0
2015,55.0,4.0,4.0,9.0,nan,desktop,0,0,0.0
2016,39.0,3.0,9.0,7.0,West,desktop,0,0,0.0
2017,51.0,2.0,11.0,6.0,West,tablet,1,0,0.0
2018,54.0,3.0,14.0,8.0,West,mobile,1,0,0.0
2019,54.0,1.0,1.0,11.0,Northeast,desktop,0,0,0.0
2020,35.0,1.0,3.0,7.0,Midwest,tablet,0,0,0.0
2021,41.0,2.0,10.0,3.0,West,mobile,0,0,0.0
2022,40.0,1.0,13.0,7.0,Midwest,mobile,0,0,0.0
2023,56.0,5.0,5.0,9.0,nan,mobile,0,0,0.0
2024,57.0,5.0,1.0,10.0,Midwest,tablet,0,0,0.0
2025,63.0,2.0,1.0,6.0,Midwest,desktop,0,1,19.02
2026,60.0,2.0,0.0,4.0,Northeast,mobile,0,0,0.0
2027,26.0,4.0,1.0,5.0,Northeast,mobile,1,0,0.0
2028,38.0,2.0,13.0,3.0,Northeast,desktop,1,0,0.0
2029,39.0,4.0,14.0,2.0,Northeast,mobile,1,0,0.0
2030,56.0,1.0,1.0,9.0,West,tablet,0,0,0.0
2031,23.0,3.0,14.0,11.0,Northeast,mobile,1,0,0.0
2032,54.0,1.0,10.0,4.0,Northeast,desktop,1,0,0.0
2033,60.0,4.0,8.0,7.0,West,tablet,0,0,0.0
2034,30.0,4.0,7.0,11.0,nan,desktop,1,1,28.58
2035,36.0,3.0,3.0,4.0,Northeast,mobile,1,0,0.0
2036,48.0,5.0,6.0,8.0,Midwest,desktop,1,1,25.42
2037,47.0,4.0,14.0,9.0,Northeast,tablet,1,1,33.69
2038,43.0,2.0,14.0,8.0,nan,tablet,1,0,0.0
2039,34.0,3.0,9.0,6.0,Midwest,mobile,1,1,29.43
2040,24.0,3.0,4.0,10.0,West,mobile,1,0,0.0
2041,32.0,4.0,5.0,4.0,Midwest,desktop,1,0,0.0
2042,45.0,4.0,1.0,9.0,West,mobile,1,1,22.59
2043,32.0,4.0,3.0,2.0,Midwest,mobile,0,0,0.0
2044,64.0,1.0,3.0,0.0,nan,mobile,0,0,0.0
2045,30.0,1.0,14.0,9.0,Southeast,desktop,0,0,0.0
2046,55.0,2.0,14.0,5.0,West,mobile,0,0,0.0
2047,36.0,1.0,9.0,8.0,Northeast,mobile,0,0,0.0
2048,30.0,3.0,14.0,4.0,Northeast,tablet,0,1,22.35
2049,30.0,2.0,8.0,5.0,Midwest,mobile,1,0,0.0
2050,31.0,4.0,4.0,5.0,Southeast,desktop,0,0,0.0
2051,63.0,4.0,7.0,6.0,Northeast,mobile,1,0,0.0
2052,35.0,5.0,8.0,3.0,Southeast,mobile,1,1,25.0
2053,35.0,1.0,4.0,2.0,Southeast,mobile,0,0,0.0
2054,22.0,3.0,8.0,2.0,West,desktop,0,0,0.0
2055,36.0,4.0,13.0,7.0,Northeast,desktop,1,1,21.85
2056,25.0,2.0,14.0,6.0,nan,desktop,0,0,0.0
2057,30.0,5.0,13.0,11.0,Southeast,mobile,1,1,26.57
2058,52.0,4.0,9.0,8.0,nan,mobile,1,0,0.0
2059,49.0,3.0,9.0,3.0,Midwest,mobile,0,0,0.0
2060,45.0,1.0,12.0,2.0,West,mobile,0,0,0.0
2061,31.0,3.0,4.0,2.0,West,mobile,1,0,0.0
2062,51.0,1.0,2.0,3.0,Southeast,tablet,0,0,0.0
2063,28.0,2.0,0.0,9.0,Midwest,desktop,0,0,0.0
2064,52.0,2.0,7.0,7.0,Southeast,mobile,0,0,0.0
2065,52.0,1.0,2.0,3.0,nan,mobile,0,0,0.0
2066,25.0,1.0,11.0,8.0,nan,mobile,1,0,0.0
2067,47.0,5.0,3.0,2.0,Southeast,desktop,1,0,0.0
2068,62.0,3.0,0.0,1.0,Midwest,mobile,0,0,0.0
2069,48.0,1.0,5.0,4.0,Southeast,mobile,0,0,0.0
2070,63.0,2.0,6.0,0.0,Southeast,tablet,0,0,0.0
2071,57.0,3.0,8.0,9.0,Northeast,mobile,1,0,0.0
2072,23.0,5.0,14.0,5.0,West,mobile,1,0,0.0
2073,60.0,3.0,7.0,7.0,West,mobile,0,0,0.0
2074,24.0,1.0,11.0,10.0,Southeast,mobile,1,0,0.0
2075,30.0,3.0,11.0,8.0,Midwest,mobile,0,0,0.0
2076,57.0,4.0,2.0,2.0,Northeast,mobile,1,0,0.0
2077,43.0,1.0,3.0,4.0,West,mobile,0,0,0.0
2078,48.0,4.0,7.0,11.0,Southeast,desktop,0,0,0.0
2079,34.0,2.0,4.0,5.0,Northeast,tablet,0,0,0.0
2080,64.0,5.0,6.0,11.0,Northeast,mobile,0,0,0.0
2081,25.0,3.0,3.0,6.0,Midwest,desktop,0,0,0.0
2082,32.0,3.0,1.0,7.0,West,mobile,1,0,0.0
2083,58.0,4.0,5.0,7.0,Southeast,mobile,0,0,0.0
2084,56.0,5.0,4.0,11.0,Northeast,mobile,0,1,20.18
2085,34.0,1.0,8.0,7.0,West,mobile,1,0,0.0
2086,44.0,2.0,2.0,4.0,Midwest,desktop,1,0,0.0
2087,23.0,1.0,9.0,5.0,Southeast,desktop,0,0,0.0
2088,45.0,1.0,14.0,6.0,nan,mobile,1,0,0.0
2089,58.0,3.0,6.0,2.0,Midwest,desktop,1,0,0.0
2090,30.0,3.0,7.0,8.0,West,mobile,1,0,0.0
2091,62.0,4.0,1.0,4.0,nan,mobile,0,0,0.0
2092,48.0,4.0,2.0,0.0,West,mobile,0,0,0.0
2093,24.0,5.0,0.0,4.0,Southeast,desktop,1,0,0.0
2094,39.0,2.0,7.0,9.0,West,mobile,0,0,0.0
2095,29.0,3.0,7.0,9.0,Midwest,tablet,1,0,0.0
2096,31.0,1.0,1.0,11.0,Northeast,mobile,0,0,0.0
2097,25.0,3.0,6.0,11.0,Northeast,tablet,1,1,26.28
2098,57.0,1.0,12.0,6.0,Northeast,mobile,0,0,0.0
2099,50.0,5.0,12.0,6.0,Midwest,tablet,1,0,0.0
2100,31.0,3.0,9.0,2.0,Midwest,mobile,0,0,0.0
2101,25.0,1.0,11.0,11.0,nan,mobile,1,0,0.0
2102,34.0,2.0,7.0,1.0,West,mobile,0,0,0.0
2103,34.0,4.0,4.0,11.0,Southeast,mobile,0,1,20.62
2104,25.0,4.0,10.0,2.0,West,desktop,1,0,0.0
2105,27.0,4.0,12.0,10.0,nan,tablet,1,0,0.0
2106,51.0,4.0,4.0,2.0,Midwest,mobile,1,1,22.78
2107,54.0,5.0,6.0,8.0,nan,mobile,1,0,0.0
2108,34.0,5.0,6.0,10.0,West,mobile,1,1,28.38
2109,39.0,3.0,10.0,8.0,Southeast,tablet,0,0,0.0
2110,63.0,5.0,1.0,1.0,Northeast,mobile,1,0,0.0
2111,36.0,4.0,11.0,11.0,West,mobile,1,0,0.0
2112,53.0,1.0,3.0,11.0,nan,mobile,0,1,19.25
2113,58.0,4.0,6.0,7.0,Northeast,mobile,1,0,0.0
2114,60.0,2.0,0.0,9.0,nan,mobile,0,0,0.0
2115,63.0,5.0,12.0,5.0,Northeast,desktop,1,0,0.0
2116,30.0,2.0,1.0,8.0,Midwest,mobile,0,0,0.0
2117,62.0,3.0,3.0,11.0,Midwest,tablet,0,0,0.0
2118,49.0,5.0,9.0,7.0,Southeast,desktop,1,0,0.0
2119,32.0,4.0,5.0,3.0,Northeast,mobile,1,0,0.0
2120,59.0,1.0,3.0,0.0,Northeast,mobile,0,0,0.0
2121,38.0,5.0,8.0,8.0,Southeast,mobile,1,1,32.91
2122,63.0,3.0,0.0,8.0,Northeast,mobile,0,0,0.0
2123,42.0,3.0,5.0,9.0,West,desktop,1,1,18.63
2124,49.0,1.0,2.0,4.0,Midwest,mobile,0,0,0.0
2125,42.0,1.0,8.0,8.0,Southeast,mobile,1,0,0.0
2126,62.0,3.0,4.0,1.0,Southeast,tablet,0,0,0.0
2127,42.0,2.0,10.0,9.0,West,mobile,1,0,0.0
2128,28.0,1.0,2.0,9.0,nan,mobile,0,0,0.0
2129,59.0,1.0,1.0,3.0,West,mobile,0,0,0.0
2130,23.0,4.0,3.0,4.0,Midwest,tablet,1,0,0.0
2131,54.0,3.0,12.0,9.0,Northeast,mobile,1,0,0.0
2132,41.0,3.0,14.0,7.0,West,desktop,1,0,0.0
2133,51.0,3.0,1.0,6.0,Midwest,desktop,0,0,0.0
2134,35.0,5.0,0.0,1.0,Northeast,mobile,0,0,0.0
2135,31.0,3.0,2.0,9.0,West,mobile,0,0,0.0
2136,61.0,5.0,8.0,1.0,Southeast,mobile,1,1,22.92
2137,30.0,2.0,13.0,5.0,Southeast,mobile,1,1,26.35
2138,22.0,4.0,11.0,5.0,West,desktop,1,1,34.37
2139,39.0,4.0,3.0,8.0,Northeast,desktop,1,0,0.0
2140,35.0,2.0,14.0,0.0,Southeast,desktop,1,1,27.52
2141,47.0,1.0,4.0,0.0,West,tablet,0,0,0.0
2142,37.0,1.0,5.0,7.0,Southeast,tablet,0,0,0.0
2143,37.0,4.0,12.0,4.0,Northeast,tablet,1,0,0.0
2144,52.0,1.0,4.0,0.0,Northeast,desktop,0,0,0.0
2145,54.0,4.0,11.0,9.0,Midwest,mobile,0,0,0.0
2146,22.0,4.0,6.0,6.0,nan,mobile,1,0,0.0
2147,29.0,4.0,12.0,7.0,Midwest,mobile,1,0,0.0
2148,58.0,1.0,9.0,4.0,nan,tablet,1,1,21.36
2149,60.0,1.0,13.0,2.0,nan,mobile,0,1,27.98
2150,62.0,2.0,6.0,3.0,nan,mobile,1,0,0.0
2151,37.0,3.0,5.0,10.0,Midwest,mobile,1,0,0.0
2152,42.0,1.0,4.0,9.0,Midwest,mobile,0,0,0.0
2153,28.0,3.0,8.0,10.0,West,tablet,1,0,0.0
2154,26.0,1.0,13.0,5.0,Northeast,tablet,0,0,0.0
2155,47.0,1.0,2.0,10.0,Northeast,mobile,1,0,0.0
2156,24.0,2.0,6.0,2.0,nan,desktop,0,0,0.0
2157,29.0,3.0,3.0,7.0,Midwest,desktop,0,0,0.0
2158,33.0,3.0,2.0,4.0,West,mobile,0,0,0.0
2159,23.0,4.0,10.0,2.0,Northeast,mobile,0,0,0.0
2160,27.0,1.0,14.0,4.0,Southeast,mobile,0,1,23.87
2161,22.0,1.0,14.0,8.0,Northeast,mobile,1,1,20.41
2162,43.0,5.0,8.0,6.0,West,desktop,1,1,27.82
2163,47.0,3.0,0.0,10.0,Southeast,mobile,0,0,0.0
2164,39.0,4.0,12.0,7.0,West,tablet,0,0,0.0
2165,38.0,4.0,10.0,6.0,West,desktop,0,0,0.0
2166,30.0,2.0,4.0,3.0,Northeast,mobile,0,0,0.0
2167,59.0,1.0,13.0,9.0,Southeast,mobile,0,0,0.0
2168,57.0,5.0,3.0,3.0,Midwest,mobile,1,0,0.0
2169,40.0,4.0,8.0,1.0,West,tablet,1,1,23.48
2170,47.0,3.0,2.0,9.0,West,mobile,0,0,0.0
2171,63.0,5.0,7.0,8.0,Midwest,tablet,1,0,0.0
2172,48.0,3.0,11.0,2.0,West,desktop,0,0,0.0
2173,44.0,1.0,10.0,11.0,nan,desktop,0,0,0.0
2174,51.0,4.0,14.0,7.0,Midwest,desktop,1,0,0.0
2175,56.0,5.0,11.0,6.0,Northeast,desktop,1,1,27.62
2176,59.0,2.0,14.0,11.0,Northeast,mobile,0,0,0.0
2177,29.0,1.0,13.0,8.0,Southeast,mobile,0,1,22.63
2178,51.0,5.0,10.0,9.0,Northeast,mobile,1,0,0.0
2179,60.0,1.0,5.0,6.0,nan,desktop,0,0,0.0
2180,27.0,1.0,10.0,3.0,Midwest,mobile,0,0,0.0
2181,63.0,5.0,0.0,0.0,West,mobile,1,0,0.0
2182,38.0,2.0,3.0,0.0,nan,mobile,0,0,0.0
2183,60.0,4.0,7.0,2.0,Midwest,mobile,0,0,0.0
2184,44.0,3.0,5.0,3.0,West,mobile,1,0,0.0
2185,42.0,5.0,4.0,3.0,West,desktop,0,0,0.0
2186,29.0,5.0,0.0,0.0,Southeast,desktop,0,0,0.0
2187,56.0,3.0,13.0,3.0,Northeast,mobile,1,1,30.29
2188,62.0,4.0,8.0,7.0,Northeast,mobile,1,0,0.0
2189,62.0,1.0,6.0,6.0,West,mobile,0,1,24.75
2190,32.0,5.0,14.0,5.0,nan,mobile,0,0,0.0
2191,50.0,5.0,11.0,10.0,Southeast,tablet,1,0,0.0
2192,55.0,2.0,9.0,7.0,Midwest,mobile,1,0,0.0
2193,63.0,3.0,6.0,6.0,Northeast,mobile,1,1,25.36
2194,62.0,5.0,6.0,9.0,West,mobile,0,0,0.0
2195,48.0,2.0,6.0,10.0,Northeast,desktop,0,0,0.0
2196,33.0,1.0,4.0,2.0,Northeast,desktop,0,0,0.0
2197,29.0,5.0,14.0,10.0,nan,mobile,1,1,27.02
2198,41.0,1.0,7.0,4.0,Southeast,mobile,0,0,0.0
2199,49.0,1.0,7.0,10.0,Midwest,tablet,0,1,23.01
2200,32.0,3.0,5.0,5.0,Midwest,mobile,0,0,0.0
2201,49.0,3.0,5.0,8.0,Northeast,mobile,1,0,0.0
2202,57.0,2.0,13.0,9.0,West,mobile,1,0,0.0
2203,45.0,5.0,11.0,4.0,nan,mobile,1,1,26.49
2204,56.0,1.0,10.0,5.0,Midwest,mobile,0,0,0.0
2205,35.0,5.0,9.0,4.0,Southeast,mobile,1,0,0.0
2206,60.0,4.0,3.0,2.0,West,desktop,1,0,0.0
2207,64.0,2.0,2.0,11.0,Southeast,desktop,0,0,0.0
2208,24.0,3.0,6.0,10.0,West,tablet,0,0,0.0
2209,33.0,1.0,9.0,0.0,nan,tablet,1,0,0.0
2210,53.0,5.0,0.0,0.0,nan,tablet,0,0,0.0
2211,54.0,4.0,0.0,9.0,West,mobile,0,0,0.0
2212,46.0,5.0,0.0,7.0,nan,mobile,0,1,23.5
2213,46.0,1.0,0.0,8.0,nan,mobile,0,0,0.0
2214,40.0,5.0,6.0,3.0,nan,tablet,1,0,0.0
2215,46.0,5.0,7.0,7.0,Midwest,desktop,0,0,0.0
2216,60.0,3.0,6.0,5.0,Southeast,desktop,0,0,0.0
2217,24.0,4.0,1.0,0.0,nan,mobile,1,0,0.0
2218,59.0,2.0,0.0,11.0,Northeast,tablet,0,0,0.0
2219,25.0,3.0,9.0,11.0,Midwest,mobile,1,1,25.35
2220,52.0,5.0,5.0,7.0,West,desktop,1,1,25.72
2221,36.0,5.0,1.0,1.0,Southeast,desktop,1,1,19.92
2222,29.0,2.0,4.0,8.0,Southeast,mobile,0,0,0.0
2223,22.0,3.0,3.0,2.0,Northeast,mobile,0,0,0.0
2224,33.0,2.0,4.0,7.0,Northeast,tablet,0,0,0.0
2225,22.0,2.0,2.0,2.0,nan,mobile,1,0,0.0
2226,28.0,4.0,5.0,8.0,Midwest,mobile,0,0,0.0
2227,38.0,3.0,2.0,5.0,Southeast,tablet,0,0,0.0
2228,33.0,4.0,8.0,5.0,Northeast,mobile,1,0,0.0
2229,41.0,5.0,6.0,11.0,Southeast,tablet,0,0,0.0
2230,55.0,1.0,10.0,0.0,Midwest,tablet,0,0,0.0
2231,22.0,3.0,11.0,10.0,Southeast,mobile,1,0,0.0
2232,36.0,1.0,5.0,10.0,Southeast,mobile,1,0,0.0
2233,38.0,1.0,13.0,11.0,nan,mobile,0,0,0.0
2234,34.0,1.0,14.0,6.0,Midwest,mobile,0,0,0.0
2235,45.0,2.0,6.0,0.0,Northeast,mobile,0,0,0.0
2236,32.0,1.0,8.0,10.0,West,tablet,0,0,0.0
2237,31.0,4.0,6.0,8.0,Northeast,tablet,0,0,0.0
2238,24.0,2.0,10.0,8.0,Southeast,mobile,1,0,0.0
2239,52.0,2.0,1.0,3.0,Southeast,mobile,0,0,0.0
2240,36.0,5.0,6.0,9.0,West,mobile,1,1,32.8
2241,56.0,4.0,7.0,1.0,Northeast,desktop,1,0,0.0
2242,26.0,4.0,14.0,7.0,Midwest,mobile,1,1,33.15
2243,31.0,4.0,12.0,8.0,Midwest,mobile,1,1,32.28
2244,46.0,2.0,8.0,11.0,Southeast,mobile,0,0,0.0
2245,58.0,4.0,8.0,10.0,Midwest,desktop,1,0,0.0
2246,29.0,1.0,11.0,9.0,Midwest,desktop,1,0,0.0
2247,34.0,3.0,0.0,8.0,nan,tablet,0,0,0.0
2248,33.0,5.0,7.0,5.0,West,mobile,1,0,0.0
2249,23.0,2.0,7.0,7.0,Southeast,mobile,0,0,0.0
2250,42.0,4.0,13.0,3.0,West,mobile,0,0,0.0
2251,50.0,1.0,10.0,9.0,Midwest,mobile,1,0,0.0
2252,38.0,3.0,11.0,4.0,Northeast,desktop,1,0,0.0
2253,51.0,1.0,1.0,10.0,Northeast,mobile,0,0,0.0
2254,35.0,5.0,12.0,2.0,Midwest,desktop,0,0,0.0
2255,45.0,3.0,10.0,1.0,Northeast,mobile,1,1,27.62
2256,63.0,5.0,0.0,2.0,West,mobile,0,0,0.0
2257,28.0,5.0,9.0,5.0,Northeast,mobile,1,0,0.0
2258,24.0,1.0,8.0,1.0,Southeast,tablet,0,0,0.0
2259,27.0,3.0,2.0,6.0,Midwest,mobile,1,1,27.57
2260,59.0,4.0,7.0,0.0,nan,desktop,0,0,0.0
2261,47.0,3.0,12.0,9.0,Northeast,tablet,1,1,23.28
2262,61.0,4.0,5.0,4.0,West,mobile,1,1,21.4
2263,38.0,3.0,3.0,9.0,Midwest,mobile,1,1,24.49
2264,63.0,5.0,4.0,9.0,Midwest,desktop,0,0,0.0
2265,38.0,4.0,10.0,10.0,Southeast,mobile,0,0,0.0
2266,59.0,3.0,12.0,0.0,Northeast,mobile,1,0,0.0
2267,45.0,5.0,11.0,6.0,West,mobile,1,0,0.0
2268,56.0,4.0,4.0,7.0,West,mobile,0,0,0.0
2269,56.0,2.0,6.0,2.0,Northeast,mobile,1,1,24.77
2270,32.0,2.0,8.0,11.0,Midwest,desktop,1,1,19.27
2271,55.0,1.0,10.0,10.0,Southeast,mobile,0,0,0.0
2272,29.0,3.0,7.0,5.0,Northeast,desktop,1,0,0.0
2273,43.0,3.0,9.0,11.0,Midwest,mobile,0,0,0.0
2274,47.0,3.0,7.0,3.0,Northeast,desktop,1,0,0.0
2275,24.0,4.0,0.0,11.0,Midwest,mobile,1,0,0.0
2276,45.0,2.0,14.0,7.0,Northeast,desktop,1,0,0.0
2277,31.0,2.0,4.0,0.0,Southeast,desktop,0,1,21.13
2278,52.0,4.0,13.0,8.0,Southeast,mobile,0,1,28.2
2279,42.0,4.0,7.0,9.0,Northeast,tablet,1,1,21.78
2280,27.0,3.0,8.0,3.0,West,desktop,1,0,0.0
2281,64.0,4.0,13.0,7.0,Midwest,desktop,1,1,24.86
2282,34.0,5.0,3.0,4.0,West,mobile,1,1,26.24
2283,45.0,3.0,1.0,11.0,West,mobile,1,1,25.61
2284,50.0,4.0,2.0,11.0,Southeast,mobile,1,0,0.0
2285,56.0,2.0,12.0,6.0,Midwest,mobile,0,0,0.0
2286,48.0,3.0,1.0,6.0,West,mobile,0,0,0.0
2287,50.0,2.0,9.0,0.0,Southeast,tablet,1,0,0.0
2288,36.0,4.0,6.0,11.0,Midwest,mobile,1,0,0.0
2289,35.0,2.0,1.0,7.0,Midwest,mobile,0,0,0.0
2290,28.0,5.0,2.0,6.0,Southeast,mobile,0,0,0.0
2291,64.0,5.0,12.0,4.0,Midwest,mobile,1,1,32.33
2292,58.0,2.0,6.0,1.0,Southeast,tablet,0,0,0.0
2293,31.0,1.0,8.0,2.0,Northeast,mobile,0,0,0.0
2294,57.0,4.0,5.0,9.0,West,desktop,0,0,0.0
2295,51.0,5.0,7.0,3.0,nan,mobile,0,1,20.58
2296,28.0,5.0,0.0,10.0,West,mobile,1,0,0.0
2297,32.0,2.0,14.0,11.0,West,desktop,1,1,25.58
2298,54.0,1.0,11.0,0.0,Northeast,mobile,1,0,0.0
2299,63.0,1.0,9.0,9.0,Midwest,desktop,0,0,0.0
2300,28.0,3.0,14.0,2.0,nan,tablet,0,0,0.0
2301,62.0,2.0,14.0,6.0,nan,mobile,0,1,22.88
2302,41.0,1.0,6.0,5.0,West,mobile,0,0,0.0
2303,61.0,1.0,14.0,4.0,West,mobile,0,1,28.65
2304,42.0,2.0,4.0,11.0,Midwest,desktop,1,1,26.39
2305,34.0,1.0,12.0,2.0,Midwest,mobile,0,0,0.0
2306,39.0,5.0,0.0,10.0,Midwest,mobile,0,0,0.0
2307,43.0,5.0,5.0,10.0,Midwest,tablet,0,0,0.0
2308,36.0,1.0,0.0,7.0,Midwest,desktop,1,1,17.44
2309,33.0,3.0,12.0,8.0,Midwest,mobile,1,1,28.28
2310,42.0,1.0,9.0,9.0,nan,desktop,1,0,0.0
2311,34.0,1.0,0.0,8.0,Northeast,mobile,0,1,16.61
2312,52.0,2.0,8.0,1.0,Northeast,mobile,1,0,0.0
2313,34.0,5.0,3.0,4.0,Northeast,mobile,1,0,0.0
2314,36.0,4.0,11.0,6.0,West,mobile,1,0,0.0
2315,56.0,4.0,2.0,5.0,nan,desktop,0,0,0.0
2316,46.0,1.0,8.0,9.0,West,tablet,0,1,25.0
2317,57.0,2.0,10.0,11.0,Midwest,mobile,0,0,0.0
2318,37.0,3.0,2.0,2.0,Midwest,desktop,1,0,0.0
2319,55.0,2.0,0.0,9.0,Northeast,mobile,0,0,0.0
2320,63.0,4.0,12.0,1.0,Midwest,mobile,0,0,0.0
2321,22.0,3.0,1.0,11.0,West,desktop,0,0,0.0
2322,51.0,3.0,13.0,7.0,West,mobile,1,0,0.0
2323,61.0,3.0,3.0,11.0,West,mobile,0,0,0.0
2324,58.0,5.0,11.0,11.0,West,mobile,0,0,0.0
2325,39.0,3.0,9.0,0.0,Southeast,mobile,1,1,27.3
2326,40.0,4.0,14.0,11.0,Northeast,mobile,1,1,32.55
2327,35.0,3.0,6.0,11.0,Midwest,desktop,1,0,0.0
2328,33.0,1.0,13.0,5.0,nan,desktop,0,0,0.0
2329,56.0,3.0,7.0,5.0,nan,desktop,0,0,0.0
2330,25.0,5.0,7.0,5.0,nan,desktop,0,0,0.0
2331,40.0,4.0,12.0,6.0,West,mobile,0,0,0.0
2332,57.0,3.0,12.0,7.0,nan,mobile,1,0,0.0
2333,52.0,5.0,0.0,0.0,Midwest,mobile,0,0,0.0
2334,52.0,5.0,10.0,0.0,Midwest,tablet,1,0,0.0
2335,42.0,5.0,13.0,0.0,West,desktop,1,0,0.0
2336,57.0,5.0,7.0,6.0,Midwest,mobile,1,0,0.0
2337,37.0,2.0,9.0,6.0,West,desktop,0,0,0.0
2338,51.0,1.0,6.0,7.0,Southeast,mobile,0,1,21.39
2339,23.0,3.0,13.0,2.0,nan,mobile,1,1,27.42
2340,23.0,2.0,10.0,1.0,nan,desktop,0,0,0.0
2341,33.0,1.0,11.0,3.0,West,mobile,0,1,24.17
2342,40.0,4.0,1.0,9.0,Northeast,tablet,0,0,0.0
2343,35.0,1.0,2.0,5.0,Southeast,mobile,1,0,0.0
2344,36.0,1.0,10.0,6.0,nan,desktop,0,0,0.0
2345,25.0,1.0,1.0,1.0,West,mobile,0,0,0.0
2346,40.0,3.0,6.0,10.0,Southeast,tablet,0,0,0.0
2347,26.0,4.0,13.0,2.0,Midwest,desktop,1,1,26.46
2348,50.0,5.0,5.0,6.0,Northeast,mobile,1,0,0.0
2349,56.0,4.0,0.0,11.0,West,mobile,0,0,0.0
2350,46.0,3.0,7.0,3.0,Midwest,mobile,0,0,0.0
2351,35.0,2.0,2.0,5.0,Midwest,mobile,0,0,0.0
2352,49.0,2.0,14.0,4.0,Northeast,mobile,1,1,28.58
2353,58.0,4.0,11.0,3.0,Northeast,desktop,1,0,0.0
2354,31.0,1.0,14.0,11.0,nan,desktop,0,0,0.0
2355,30.0,1.0,6.0,8.0,West,mobile,0,0,0.0
2356,43.0,4.0,14.0,5.0,Southeast,mobile,1,0,0.0
2357,40.0,5.0,11.0,7.0,Northeast,tablet,1,0,0.0
2358,32.0,5.0,9.0,6.0,West,mobile,1,0,0.0
2359,35.0,4.0,5.0,11.0,nan,mobile,1,0,0.0
2360,43.0,5.0,12.0,9.0,Midwest,mobile,1,1,30.65
2361,61.0,4.0,14.0,3.0,West,mobile,1,1,32.7
2362,34.0,1.0,2.0,9.0,nan,mobile,0,0,0.0
2363,28.0,2.0,11.0,4.0,Midwest,desktop,1,0,0.0
2364,31.0,1.0,7.0,11.0,West,mobile,1,1,22.16
2365,47.0,2.0,5.0,0.0,Southeast,mobile,1,1,20.25
2366,62.0,5.0,4.0,8.0,Northeast,desktop,0,0,0.0
2367,61.0,5.0,3.0,7.0,nan,mobile,0,0,0.0
2368,33.0,5.0,2.0,3.0,nan,desktop,1,0,0.0
2369,35.0,3.0,3.0,7.0,Northeast,mobile,0,0,0.0
2370,48.0,2.0,10.0,1.0,West,mobile,0,0,0.0
2371,32.0,2.0,4.0,1.0,West,mobile,0,0,0.0
2372,48.0,1.0,0.0,5.0,nan,tablet,0,0,0.0
2373,59.0,5.0,2.0,10.0,West,mobile,0,0,0.0
2374,46.0,3.0,12.0,1.0,West,tablet,1,1,26.61
2375,53.0,1.0,5.0,3.0,West,desktop,0,0,0.0
2376,52.0,2.0,14.0,10.0,Southeast,tablet,0,1,23.91
2377,29.0,3.0,4.0,5.0,Northeast,mobile,1,0,0.0
2378,48.0,4.0,4.0,11.0,nan,mobile,0,0,0.0
2379,32.0,5.0,7.0,2.0,nan,mobile,1,0,0.0
2380,58.0,2.0,1.0,6.0,Northeast,mobile,1,0,0.0
2381,53.0,4.0,2.0,4.0,West,mobile,0,0,0.0
2382,23.0,5.0,11.0,0.0,Northeast,mobile,0,1,29.74
2383,34.0,4.0,3.0,10.0,West,desktop,1,1,21.89
2384,25.0,2.0,12.0,3.0,Northeast,desktop,0,0,0.0
2385,38.0,2.0,4.0,0.0,nan,tablet,0,1,15.71
2386,45.0,1.0,11.0,4.0,West,tablet,0,0,0.0
2387,62.0,3.0,3.0,6.0,West,mobile,1,0,0.0
2388,39.0,2.0,10.0,4.0,Northeast,tablet,1,1,24.24
2389,41.0,3.0,3.0,3.0,Southeast,mobile,0,0,0.0
2390,31.0,1.0,11.0,8.0,Midwest,desktop,1,0,0.0
2391,47.0,5.0,4.0,8.0,Northeast,desktop,0,1,23.41
2392,37.0,4.0,12.0,11.0,Southeast,mobile,1,0,0.0
2393,52.0,2.0,7.0,1.0,nan,desktop,0,0,0.0
2394,49.0,1.0,0.0,0.0,Midwest,mobile,0,0,0.0
2395,26.0,2.0,10.0,10.0,Southeast,mobile,1,0,0.0
2396,58.0,1.0,14.0,11.0,nan,desktop,1,1,26.55
2397,35.0,1.0,3.0,7.0,West,mobile,0,0,0.0
2398,29.0,4.0,11.0,11.0,Midwest,mobile,1,0,0.0
2399,49.0,1.0,4.0,7.0,West,desktop,0,1,19.59
2400,34.0,3.0,8.0,10.0,Northeast,mobile,0,0,0.0
2401,43.0,4.0,2.0,5.0,Northeast,mobile,0,0,0.0
2402,28.0,3.0,5.0,5.0,Southeast,mobile,0,0,0.0
2403,56.0,1.0,10.0,6.0,Southeast,desktop,1,0,0.0
2404,64.0,2.0,14.0,4.0,nan,mobile,1,1,24.2
2405,37.0,1.0,4.0,4.0,nan,desktop,0,0,0.0
2406,22.0,5.0,1.0,5.0,Northeast,desktop,0,0,0.0
2407,52.0,4.0,10.0,7.0,nan,mobile,0,0,0.0
2408,28.0,5.0,11.0,7.0,West,tablet,1,0,0.0
2409,42.0,1.0,5.0,0.0,Northeast,desktop,0,0,0.0
2410,38.0,2.0,2.0,3.0,Midwest,mobile,0,0,0.0
2411,27.0,2.0,3.0,3.0,Midwest,tablet,0,0,0.0
2412,30.0,4.0,8.0,4.0,Northeast,mobile,1,0,0.0
2413,59.0,1.0,1.0,7.0,Southeast,mobile,0,0,0.0
2414,51.0,5.0,6.0,11.0,Northeast,mobile,1,1,26.69
2415,34.0,3.0,4.0,8.0,Midwest,desktop,0,0,0.0
2416,22.0,5.0,1.0,0.0,Southeast,mobile,0,0,0.0
2417,29.0,2.0,0.0,8.0,Midwest,mobile,0,1,21.63
2418,44.0,5.0,2.0,2.0,Midwest,desktop,0,0,0.0
2419,53.0,5.0,11.0,8.0,Midwest,mobile,1,0,0.0
2420,30.0,3.0,5.0,0.0,Northeast,mobile,1,1,24.36
2421,51.0,5.0,4.0,4.0,Northeast,desktop,0,0,0.0
2422,49.0,2.0,4.0,7.0,Midwest,mobile,0,0,0.0
2423,24.0,4.0,0.0,2.0,Southeast,tablet,0,0,0.0
2424,27.0,5.0,3.0,6.0,Northeast,desktop,0,0,0.0
2425,29.0,1.0,12.0,5.0,Southeast,mobile,0,1,25.05
2426,30.0,3.0,7.0,0.0,nan,mobile,0,1,19.16
2427,22.0,1.0,10.0,4.0,West,mobile,0,0,0.0
2428,57.0,3.0,8.0,5.0,West,desktop,0,0,0.0
2429,58.0,2.0,0.0,6.0,West,tablet,0,0,0.0
2430,60.0,1.0,10.0,2.0,West,desktop,0,1,20.19
2431,59.0,5.0,7.0,9.0,Midwest,desktop,1,0,0.0
2432,37.0,2.0,4.0,7.0,nan,mobile,0,1,19.49
2433,38.0,4.0,1.0,9.0,Southeast,mobile,1,0,0.0
2434,47.0,1.0,9.0,9.0,Southeast,desktop,0,0,0.0
2435,62.0,2.0,8.0,9.0,Southeast,mobile,1,0,0.0
2436,51.0,1.0,9.0,1.0,Southeast,tablet,0,0,0.0
2437,47.0,4.0,8.0,4.0,West,mobile,0,1,20.33
2438,54.0,2.0,10.0,9.0,Northeast,desktop,1,0,0.0
2439,58.0,5.0,11.0,4.0,Midwest,mobile,1,0,0.0
2440,45.0,3.0,14.0,5.0,West,desktop,1,0,0.0
2441,55.0,1.0,14.0,4.0,nan,mobile,0,0,0.0
2442,46.0,4.0,13.0,6.0,Southeast,mobile,1,1,29.61
2443,54.0,5.0,14.0,0.0,Midwest,mobile,0,1,26.21
2444,55.0,4.0,12.0,5.0,West,desktop,1,1,28.01
2445,52.0,4.0,5.0,7.0,Northeast,mobile,0,1,28.88
2446,45.0,5.0,10.0,8.0,Midwest,tablet,0,0,0.0
2447,60.0,1.0,8.0,7.0,Northeast,desktop,0,0,0.0
2448,45.0,2.0,4.0,8.0,Northeast,mobile,1,0,0.0
2449,37.0,4.0,0.0,0.0,Midwest,desktop,0,0,0.0
2450,34.0,4.0,2.0,7.0,West,tablet,0,0,0.0
2451,36.0,1.0,14.0,7.0,Southeast,mobile,1,0,0.0
2452,58.0,1.0,10.0,2.0,Midwest,tablet,0,0,0.0
2453,63.0,3.0,13.0,4.0,Midwest,desktop,0,0,0.0
2454,40.0,2.0,8.0,4.0,Midwest,desktop,0,0,0.0
2455,35.0,1.0,2.0,0.0,West,desktop,0,0,0.0
2456,45.0,3.0,8.0,9.0,nan,mobile,0,0,0.0
2457,38.0,2.0,13.0,6.0,Midwest,desktop,1,0,0.0
2458,49.0,5.0,10.0,3.0,West,desktop,1,0,0.0
2459,24.0,5.0,4.0,11.0,Southeast,desktop,1,1,21.73
2460,45.0,1.0,9.0,11.0,Southeast,desktop,1,1,26.05
2461,31.0,5.0,9.0,0.0,Northeast,desktop,1,0,0.0
2462,41.0,2.0,3.0,3.0,Midwest,mobile,0,0,0.0
2463,48.0,1.0,7.0,11.0,West,mobile,0,0,0.0
2464,42.0,1.0,13.0,6.0,West,tablet,0,0,0.0
2465,63.0,2.0,8.0,4.0,nan,desktop,0,0,0.0
2466,26.0,3.0,13.0,7.0,Northeast,desktop,0,0,0.0
2467,39.0,5.0,10.0,9.0,West,mobile,1,0,0.0
2468,57.0,2.0,1.0,2.0,Midwest,mobile,0,0,0.0
2469,36.0,4.0,8.0,2.0,Southeast,mobile,1,0,0.0
2470,25.0,1.0,8.0,5.0,Midwest,tablet,1,1,21.77
2471,48.0,5.0,9.0,2.0,West,mobile,1,0,0.0
2472,64.0,3.0,13.0,3.0,nan,tablet,1,0,0.0
2473,61.0,3.0,5.0,1.0,West,desktop,1,0,0.0
2474,63.0,3.0,10.0,2.0,West,tablet,0,0,0.0
2475,39.0,4.0,12.0,7.0,nan,mobile,0,0,0.0
2476,59.0,4.0,7.0,5.0,West,tablet,0,0,0.0
2477,22.0,2.0,0.0,7.0,Southeast,mobile,0,0,0.0
2478,25.0,5.0,13.0,3.0,West,mobile,1,0,0.0
2479,54.0,1.0,3.0,8.0,Northeast,desktop,1,0,0.0
2480,23.0,5.0,11.0,7.0,Northeast,tablet,0,0,0.0
2481,47.0,4.0,11.0,0.0,nan,desktop,1,1,29.21
2482,48.0,1.0,9.0,8.0,Northeast,desktop,0,0,0.0
2483,30.0,3.0,11.0,7.0,West,tablet,1,0,0.0
2484,29.0,2.0,6.0,8.0,West,tablet,0,0,0.0
2485,29.0,1.0,1.0,7.0,West,desktop,0,0,0.0
2486,62.0,5.0,11.0,2.0,Midwest,desktop,1,0,0.0
2487,30.0,5.0,8.0,9.0,West,mobile,1,0,0.0
2488,50.0,3.0,13.0,4.0,nan,mobile,0,1,23.74
2489,58.0,1.0,4.0,2.0,West,mobile,0,0,0.0
2490,58.0,2.0,2.0,11.0,Southeast,mobile,0,0,0.0
2491,33.0,4.0,2.0,6.0,nan,desktop,1,0,0.0
2492,64.0,3.0,10.0,10.0,Midwest,tablet,1,1,29.94
2493,37.0,3.0,1.0,4.0,Northeast,mobile,0,0,0.0
2494,62.0,5.0,10.0,11.0,nan,desktop,1,0,0.0
2495,33.0,1.0,3.0,11.0,Midwest,desktop,0,0,0.0
2496,26.0,5.0,2.0,7.0,Southeast,desktop,1,0,0.0
2497,46.0,5.0,5.0,3.0,West,mobile,0,0,0.0
2498,64.0,2.0,12.0,6.0,nan,desktop,1,0,0.0
2499,52.0,5.0,0.0,7.0,West,desktop,0,0,0.0
2500,25.0,2.0,12.0,6.0,Southeast,desktop,0,0,0.0
2501,56.0,4.0,13.0,3.0,West,tablet,1,0,0.0
2502,55.0,4.0,2.0,8.0,Southeast,mobile,0,0,0.0
2503,63.0,5.0,5.0,8.0,Midwest,mobile,1,0,0.0
2504,54.0,1.0,10.0,0.0,Northeast,desktop,0,0,0.0
2505,39.0,3.0,6.0,7.0,Southeast,mobile,0,0,0.0
2506,31.0,5.0,3.0,1.0,nan,mobile,1,0,0.0
2507,63.0,1.0,7.0,11.0,Midwest,mobile,0,0,0.0
2508,38.0,1.0,3.0,3.0,West,desktop,0,0,0.0
2509,45.0,1.0,0.0,7.0,Midwest,mobile,0,0,0.0
2510,49.0,3.0,1.0,7.0,Northeast,mobile,0,0,0.0
2511,64.0,3.0,13.0,9.0,West,desktop,0,1,26.6
2512,43.0,4.0,10.0,3.0,Midwest,mobile,1,1,28.31
2513,59.0,3.0,12.0,9.0,Southeast,mobile,1,1,26.63
2514,52.0,5.0,13.0,1.0,Northeast,tablet,1,1,27.09
2515,30.0,1.0,2.0,0.0,Midwest,mobile,0,0,0.0
2516,27.0,4.0,8.0,1.0,nan,tablet,1,0,0.0
2517,49.0,3.0,5.0,0.0,Southeast,tablet,0,0,0.0
2518,39.0,3.0,3.0,10.0,Midwest,mobile,0,0,0.0
2519,23.0,3.0,5.0,0.0,Northeast,desktop,1,0,0.0
2520,52.0,4.0,2.0,8.0,West,mobile,0,1,27.06
2521,62.0,4.0,8.0,6.0,West,mobile,0,0,0.0
2522,22.0,5.0,2.0,5.0,Southeast,desktop,1,0,0.0
2523,62.0,2.0,1.0,2.0,Midwest,mobile,0,0,0.0
2524,49.0,1.0,3.0,1.0,Northeast,tablet,1,0,0.0
2525,63.0,1.0,9.0,5.0,nan,desktop,0,1,19.3
2526,45.0,4.0,8.0,7.0,Midwest,desktop,0,0,0.0
2527,37.0,1.0,12.0,7.0,Northeast,desktop,1,0,0.0
2528,61.0,4.0,14.0,7.0,West,mobile,1,0,0.0
2529,47.0,1.0,3.0,4.0,West,mobile,0,0,0.0
2530,63.0,5.0,14.0,0.0,Northeast,desktop,0,0,0.0
2531,33.0,5.0,4.0,9.0,Midwest,desktop,1,0,0.0
2532,51.0,2.0,1.0,3.0,Midwest,desktop,0,0,0.0
2533,47.0,5.0,12.0,7.0,Southeast,tablet,0,0,0.0
2534,45.0,5.0,3.0,9.0,nan,desktop,1,1,21.96
2535,57.0,5.0,4.0,11.0,West,mobile,0,0,0.0
2536,44.0,4.0,10.0,10.0,nan,mobile,1,0,0.0
2537,56.0,2.0,12.0,10.0,Midwest,desktop,0,0,0.0
2538,41.0,2.0,10.0,3.0,West,desktop,0,0,0.0
2539,29.0,2.0,2.0,7.0,Southeast,mobile,0,0,0.0
2540,55.0,5.0,3.0,5.0,Southeast,mobile,0,0,0.0
2541,49.0,4.0,7.0,5.0,Midwest,tablet,0,0,0.0
2542,36.0,1.0,14.0,9.0,Midwest,mobile,1,1,27.81
2543,22.0,1.0,2.0,11.0,Northeast,mobile,0,0,0.0
2544,32.0,5.0,8.0,7.0,Midwest,desktop,0,1,29.88
2545,40.0,3.0,14.0,1.0,Northeast,tablet,1,0,0.0
2546,40.0,3.0,7.0,4.0,Northeast,mobile,1,0,0.0
2547,53.0,5.0,3.0,2.0,Southeast,desktop,0,0,0.0
2548,36.0,3.0,12.0,11.0,West,mobile,1,0,0.0
2549,25.0,3.0,2.0,11.0,Northeast,mobile,1,0,0.0
2550,57.0,5.0,5.0,6.0,Southeast,mobile,1,0,0.0
2551,37.0,2.0,2.0,2.0,West,tablet,0,0,0.0
2552,33.0,5.0,10.0,7.0,Northeast,mobile,1,0,0.0
2553,54.0,1.0,14.0,11.0,Northeast,mobile,0,0,0.0
2554,39.0,5.0,13.0,6.0,Northeast,desktop,1,0,0.0
2555,43.0,1.0,1.0,2.0,nan,tablet,0,0,0.0
2556,33.0,3.0,14.0,1.0,Northeast,mobile,1,0,0.0
2557,60.0,2.0,8.0,7.0,West,tablet,0,0,0.0
2558,45.0,4.0,0.0,6.0,Northeast,tablet,0,0,0.0
2559,35.0,3.0,1.0,4.0,West,mobile,1,0,0.0
2560,35.0,4.0,1.0,3.0,West,mobile,0,0,0.0
2561,40.0,3.0,6.0,9.0,nan,mobile,1,0,0.0
2562,48.0,2.0,10.0,0.0,nan,desktop,1,0,0.0
2563,32.0,4.0,6.0,8.0,nan,mobile,0,0,0.0
2564,56.0,2.0,0.0,1.0,Northeast,desktop,0,0,0.0
2565,37.0,2.0,4.0,11.0,Midwest,tablet,1,1,20.76
2566,54.0,5.0,9.0,11.0,West,mobile,0,1,26.46
2567,61.0,5.0,7.0,1.0,Northeast,mobile,1,1,29.44
2568,34.0,3.0,12.0,9.0,Northeast,mobile,1,0,0.0
2569,43.0,5.0,11.0,7.0,Midwest,desktop,1,1,34.42
2570,46.0,2.0,1.0,0.0,West,desktop,0,0,0.0
2571,54.0,1.0,10.0,3.0,West,mobile,0,0,0.0
2572,38.0,5.0,0.0,7.0,West,desktop,0,0,0.0
2573,53.0,5.0,0.0,1.0,Southeast,mobile,0,0,0.0
2574,49.0,3.0,7.0,7.0,West,mobile,0,1,23.32
2575,36.0,5.0,14.0,3.0,Northeast,desktop,1,1,29.96
2576,59.0,5.0,14.0,5.0,nan,desktop,1,1,31.73
2577,23.0,2.0,11.0,1.0,Midwest,mobile,1,1,30.51
2578,58.0,1.0,8.0,1.0,West,desktop,0,0,0.0
2579,37.0,4.0,11.0,11.0,nan,mobile,1,1,25.62
2580,60.0,5.0,14.0,11.0,Midwest,mobile,1,0,0.0
2581,32.0,3.0,14.0,9.0,Southeast,mobile,1,0,0.0
2582,39.0,3.0,10.0,6.0,Southeast,mobile,0,0,0.0
2583,26.0,2.0,2.0,11.0,Northeast,desktop,0,0,0.0
2584,56.0,2.0,4.0,8.0,West,mobile,0,1,26.16
2585,52.0,4.0,5.0,6.0,nan,mobile,1,0,0.0
2586,38.0,2.0,3.0,10.0,nan,tablet,0,0,0.0
2587,47.0,3.0,14.0,10.0,nan,mobile,1,1,28.81
2588,26.0,4.0,9.0,11.0,Northeast,mobile,1,0,0.0
2589,49.0,2.0,6.0,11.0,Northeast,mobile,0,0,0.0
2590,47.0,2.0,4.0,1.0,Southeast,mobile,0,1,18.83
2591,59.0,4.0,12.0,11.0,West,desktop,1,0,0.0
2592,47.0,4.0,3.0,4.0,West,desktop,1,0,0.0
2593,35.0,4.0,10.0,7.0,West,mobile,0,0,0.0
2594,54.0,3.0,5.0,6.0,Northeast,mobile,0,0,0.0
2595,54.0,1.0,0.0,3.0,West,desktop,0,0,0.0
2596,58.0,4.0,7.0,6.0,Southeast,desktop,0,0,0.0
2597,50.0,1.0,1.0,6.0,Southeast,mobile,0,0,0.0
2598,60.0,2.0,13.0,10.0,West,mobile,0,0,0.0
2599,48.0,4.0,3.0,11.0,nan,mobile,1,0,0.0
2600,52.0,2.0,14.0,5.0,Midwest,desktop,0,0,0.0
2601,61.0,5.0,9.0,0.0,Northeast,mobile,1,0,0.0
2602,48.0,4.0,10.0,9.0,Southeast,desktop,1,0,0.0
2603,47.0,5.0,1.0,10.0,nan,mobile,0,0,0.0
2604,22.0,3.0,3.0,5.0,West,tablet,1,0,0.0
2605,31.0,3.0,0.0,3.0,West,desktop,0,0,0.0
2606,26.0,1.0,6.0,4.0,Midwest,mobile,0,0,0.0
2607,34.0,5.0,4.0,4.0,Midwest,mobile,1,1,26.27
2608,28.0,4.0,1.0,3.0,Midwest,tablet,0,0,0.0
2609,48.0,5.0,4.0,4.0,West,mobile,1,0,0.0
2610,33.0,2.0,8.0,3.0,nan,mobile,0,0,0.0
2611,32.0,2.0,8.0,1.0,Midwest,desktop,1,0,0.0
2612,60.0,2.0,9.0,7.0,nan,tablet,1,0,0.0
2613,40.0,3.0,12.0,4.0,West,mobile,1,0,0.0
2614,53.0,5.0,5.0,0.0,West,mobile,0,0,0.0
2615,24.0,2.0,13.0,7.0,nan,desktop,0,0,0.0
2616,49.0,2.0,3.0,3.0,Northeast,mobile,0,1,20.99
2617,59.0,1.0,7.0,1.0,Northeast,tablet,0,0,0.0
2618,27.0,3.0,14.0,8.0,Northeast,tablet,0,0,0.0
2619,29.0,1.0,0.0,8.0,Midwest,tablet,1,0,0.0
2620,50.0,1.0,0.0,1.0,nan,mobile,0,0,0.0
2621,48.0,2.0,8.0,9.0,Northeast,tablet,1,1,27.25
2622,53.0,3.0,10.0,6.0,Midwest,desktop,0,0,0.0
2623,33.0,3.0,2.0,1.0,West,mobile,0,0,0.0
2624,35.0,5.0,10.0,5.0,West,desktop,0,0,0.0
2625,25.0,5.0,0.0,11.0,Southeast,tablet,1,0,0.0
2626,32.0,3.0,8.0,0.0,Southeast,mobile,0,1,21.25
2627,49.0,5.0,3.0,5.0,Northeast,desktop,0,0,0.0
2628,51.0,5.0,2.0,0.0,Northeast,mobile,1,0,0.0
2629,46.0,1.0,14.0,2.0,Northeast,desktop,0,0,0.0
2630,27.0,3.0,12.0,7.0,Midwest,mobile,1,0,0.0
2631,59.0,2.0,5.0,7.0,West,mobile,0,0,0.0
2632,47.0,1.0,9.0,6.0,West,mobile,0,0,0.0
2633,23.0,4.0,14.0,6.0,West,desktop,1,0,0.0
2634,63.0,3.0,10.0,8.0,Northeast,mobile,0,1,26.75
2635,47.0,4.0,10.0,5.0,Midwest,mobile,0,0,0.0
2636,23.0,2.0,10.0,7.0,Northeast,tablet,0,0,0.0
2637,39.0,5.0,7.0,10.0,West,desktop,1,0,0.0
2638,29.0,3.0,1.0,5.0,West,desktop,0,1,20.86
2639,22.0,2.0,0.0,1.0,West,mobile,0,0,0.0
2640,44.0,2.0,6.0,5.0,Southeast,mobile,0,0,0.0
2641,22.0,2.0,8.0,8.0,Southeast,mobile,1,0,0.0
2642,25.0,1.0,11.0,3.0,Midwest,tablet,0,0,0.0
2643,43.0,5.0,0.0,4.0,nan,desktop,0,0,0.0
2644,52.0,2.0,5.0,0.0,West,mobile,0,0,0.0
2645,37.0,4.0,5.0,11.0,Northeast,tablet,1,0,0.0
2646,25.0,3.0,10.0,0.0,West,mobile,1,0,0.0
2647,52.0,1.0,8.0,10.0,Northeast,mobile,0,1,18.12
2648,30.0,5.0,5.0,6.0,Southeast,mobile,1,1,32.87
2649,32.0,5.0,10.0,8.0,Southeast,mobile,1,0,0.0
2650,45.0,4.0,12.0,6.0,West,desktop,1,1,29.54
2651,30.0,2.0,9.0,1.0,West,mobile,0,0,0.0
2652,57.0,1.0,12.0,0.0,Southeast,mobile,0,0,0.0
2653,56.0,4.0,8.0,3.0,West,tablet,1,0,0.0
2654,37.0,4.0,12.0,5.0,Midwest,desktop,0,0,0.0
2655,53.0,5.0,10.0,11.0,West,tablet,1,0,0.0
2656,24.0,1.0,9.0,11.0,Northeast,mobile,0,0,0.0
2657,57.0,5.0,7.0,1.0,Midwest,tablet,1,0,0.0
2658,36.0,1.0,7.0,2.0,nan,desktop,1,0,0.0
2659,63.0,1.0,10.0,11.0,Southeast,mobile,0,0,0.0
2660,25.0,4.0,12.0,9.0,West,tablet,1,1,31.23
2661,30.0,4.0,10.0,4.0,West,mobile,1,0,0.0
2662,30.0,2.0,5.0,6.0,nan,tablet,0,0,0.0
2663,48.0,4.0,0.0,0.0,Southeast,desktop,0,0,0.0
2664,42.0,2.0,14.0,9.0,nan,mobile,1,0,0.0
2665,23.0,1.0,3.0,9.0,Southeast,tablet,1,0,0.0
2666,59.0,2.0,12.0,3.0,Midwest,mobile,0,0,0.0
2667,36.0,5.0,1.0,0.0,Midwest,desktop,0,0,0.0
2668,60.0,3.0,4.0,11.0,West,mobile,1,0,0.0
2669,37.0,4.0,0.0,5.0,Southeast,mobile,0,0,0.0
2670,52.0,4.0,5.0,4.0,Southeast,mobile,1,0,0.0
2671,63.0,4.0,1.0,0.0,nan,mobile,1,0,0.0
2672,58.0,4.0,13.0,7.0,West,mobile,1,0,0.0
2673,51.0,1.0,6.0,11.0,Midwest,desktop,0,1,19.2
2674,44.0,1.0,3.0,8.0,Northeast,tablet,0,0,0.0
2675,56.0,1.0,4.0,11.0,nan,desktop,0,0,0.0
2676,63.0,1.0,1.0,7.0,West,desktop,0,0,0.0
2677,43.0,4.0,3.0,8.0,nan,mobile,1,0,0.0
2678,57.0,3.0,1.0,6.0,Southeast,mobile,1,1,21.68
2679,22.0,2.0,0.0,9.0,Northeast,desktop,0,0,0.0
2680,50.0,5.0,12.0,8.0,West,tablet,0,0,0.0
2681,63.0,3.0,10.0,7.0,West,mobile,1,0,0.0
2682,32.0,4.0,5.0,8.0,nan,mobile,1,0,0.0
2683,56.0,4.0,3.0,10.0,Northeast,desktop,1,0,0.0
2684,54.0,1.0,3.0,8.0,Midwest,desktop,0,0,0.0
2685,28.0,2.0,5.0,5.0,Northeast,mobile,1,0,0.0
2686,59.0,2.0,4.0,8.0,Midwest,mobile,1,1,17.98
2687,47.0,4.0,12.0,10.0,nan,mobile,1,1,22.7
2688,42.0,2.0,8.0,8.0,West,mobile,0,0,0.0
2689,33.0,3.0,1.0,6.0,Southeast,mobile,0,0,0.0
2690,37.0,5.0,6.0,10.0,West,desktop,0,1,26.93
2691,43.0,2.0,2.0,4.0,Midwest,tablet,0,0,0.0
2692,37.0,5.0,2.0,10.0,Midwest,desktop,1,0,0.0
2693,41.0,2.0,9.0,6.0,Northeast,mobile,1,0,0.0
2694,54.0,1.0,7.0,0.0,West,mobile,0,1,19.63
2695,30.0,1.0,2.0,0.0,West,tablet,1,0,0.0
2696,62.0,3.0,9.0,11.0,Northeast,mobile,0,1,17.47
2697,37.0,1.0,6.0,3.0,Northeast,tablet,0,0,0.0
2698,39.0,2.0,5.0,9.0,Midwest,mobile,1,0,0.0
2699,40.0,2.0,0.0,7.0,Midwest,mobile,0,0,0.0
2700,26.0,2.0,9.0,7.0,Northeast,mobile,1,0,0.0
2701,45.0,1.0,4.0,6.0,West,desktop,1,0,0.0
2702,23.0,3.0,10.0,7.0,West,mobile,1,0,0.0
2703,57.0,2.0,4.0,9.0,Southeast,tablet,0,0,0.0
2704,57.0,4.0,9.0,4.0,West,mobile,0,1,22.36
2705,35.0,3.0,9.0,7.0,Midwest,mobile,1,1,24.59
2706,35.0,3.0,2.0,5.0,Southeast,mobile,0,0,0.0
2707,32.0,4.0,1.0,8.0,West,desktop,0,0,0.0
2708,57.0,3.0,6.0,4.0,Midwest,tablet,0,0,0.0
2709,63.0,1.0,4.0,2.0,Midwest,tablet,0,0,0.0
2710,26.0,4.0,13.0,11.0,Northeast,mobile,0,0,0.0
2711,27.0,5.0,1.0,11.0,West,desktop,0,0,0.0
2712,23.0,3.0,2.0,7.0,Southeast,tablet,1,1,28.07
2713,40.0,4.0,7.0,7.0,Southeast,desktop,1,0,0.0
2714,35.0,4.0,13.0,1.0,West,mobile,1,0,0.0
2715,39.0,1.0,6.0,8.0,Northeast,tablet,0,0,0.0
2716,35.0,1.0,6.0,9.0,nan,mobile,0,0,0.0
2717,45.0,4.0,13.0,1.0,Southeast,mobile,1,0,0.0
2718,64.0,2.0,9.0,8.0,Southeast,mobile,0,1,26.13
2719,63.0,2.0,13.0,1.0,West,tablet,0,0,0.0
2720,32.0,3.0,4.0,7.0,Southeast,tablet,0,0,0.0
2721,58.0,3.0,2.0,9.0,Southeast,tablet,0,0,0.0
2722,53.0,5.0,10.0,3.0,Northeast,mobile,1,0,0.0
2723,61.0,5.0,3.0,10.0,Southeast,mobile,0,0,0.0
2724,61.0,1.0,2.0,7.0,nan,mobile,0,0,0.0
2725,26.0,3.0,9.0,11.0,Northeast,mobile,1,0,0.0
2726,55.0,4.0,11.0,9.0,nan,mobile,1,1,29.01
2727,54.0,2.0,13.0,7.0,Midwest,mobile,0,1,27.32
2728,63.0,3.0,2.0,2.0,West,tablet,0,0,0.0
2729,54.0,4.0,13.0,11.0,West,mobile,1,0,0.0
2730,29.0,4.0,2.0,6.0,Northeast,mobile,1,0,0.0
2731,36.0,5.0,10.0,5.0,nan,mobile,1,0,0.0
2732,51.0,1.0,0.0,2.0,West,desktop,0,0,0.0
2733,35.0,3.0,7.0,6.0,West,desktop,0,0,0.0
2734,44.0,3.0,12.0,6.0,Midwest,mobile,1,0,0.0
2735,47.0,5.0,2.0,0.0,Midwest,desktop,0,0,0.0
2736,59.0,3.0,12.0,7.0,Midwest,mobile,0,0,0.0
2737,28.0,1.0,1.0,0.0,Northeast,desktop,0,0,0.0
2738,53.0,2.0,5.0,9.0,Northeast,desktop,1,0,0.0
2739,61.0,5.0,2.0,6.0,West,tablet,1,0,0.0
2740,55.0,1.0,0.0,5.0,Midwest,mobile,0,0,0.0
2741,22.0,5.0,4.0,4.0,Northeast,mobile,0,0,0.0
2742,38.0,3.0,13.0,11.0,nan,mobile,1,0,0.0
2743,44.0,2.0,13.0,8.0,Northeast,mobile,1,0,0.0
2744,51.0,2.0,2.0,10.0,nan,mobile,0,0,0.0
2745,56.0,2.0,8.0,9.0,West,mobile,1,0,0.0
2746,59.0,5.0,2.0,9.0,West,mobile,1,0,0.0
2747,57.0,5.0,13.0,10.0,Midwest,mobile,1,1,24.14
2748,30.0,4.0,3.0,6.0,Midwest,tablet,1,0,0.0
2749,50.0,1.0,13.0,3.0,Northeast,mobile,0,1,26.44
2750,23.0,1.0,3.0,2.0,nan,mobile,0,0,0.0
2751,27.0,5.0,2.0,3.0,Southeast,mobile,0,0,0.0
2752,35.0,2.0,13.0,7.0,Midwest,desktop,1,0,0.0
2753,49.0,1.0,2.0,5.0,Northeast,desktop,1,0,0.0
2754,59.0,2.0,9.0,8.0,Northeast,mobile,0,0,0.0
2755,53.0,4.0,9.0,6.0,nan,mobile,1,0,0.0
2756,41.0,4.0,5.0,5.0,Midwest,mobile,0,0,0.0
2757,25.0,2.0,10.0,2.0,Southeast,desktop,1,0,0.0
2758,33.0,3.0,11.0,11.0,Southeast,mobile,0,0,0.0
2759,50.0,5.0,9.0,6.0,nan,desktop,1,0,0.0
2760,61.0,2.0,11.0,1.0,West,mobile,0,0,0.0
2761,27.0,1.0,4.0,4.0,Midwest,mobile,0,0,0.0
2762,23.0,2.0,3.0,10.0,nan,desktop,1,0,0.0
2763,44.0,5.0,7.0,3.0,Midwest,mobile,1,0,0.0
2764,56.0,3.0,2.0,10.0,nan,mobile,0,0,0.0
2765,31.0,4.0,1.0,3.0,Northeast,mobile,0,0,0.0
2766,56.0,2.0,2.0,7.0,Midwest,mobile,1,0,0.0
2767,64.0,5.0,0.0,6.0,Midwest,mobile,1,0,0.0
2768,44.0,1.0,5.0,10.0,Northeast,mobile,0,0,0.0
2769,52.0,1.0,4.0,3.0,West,desktop,1,0,0.0
2770,33.0,5.0,0.0,2.0,West,mobile,0,0,0.0
2771,52.0,4.0,10.0,2.0,Southeast,desktop,1,0,0.0
2772,40.0,5.0,6.0,4.0,Southeast,mobile,1,0,0.0
2773,56.0,3.0,4.0,3.0,nan,desktop,1,0,0.0
2774,37.0,4.0,3.0,2.0,Midwest,mobile,1,1,22.12
2775,46.0,3.0,7.0,6.0,West,mobile,1,0,0.0
2776,28.0,1.0,11.0,3.0,West,desktop,0,1,21.56
2777,50.0,2.0,0.0,1.0,Southeast,mobile,0,0,0.0
2778,47.0,5.0,4.0,1.0,West,desktop,1,0,0.0
2779,37.0,5.0,6.0,1.0,nan,mobile,1,0,0.0
2780,30.0,3.0,9.0,1.0,nan,desktop,1,0,0.0
2781,62.0,5.0,12.0,11.0,Northeast,tablet,1,1,28.86
2782,64.0,2.0,10.0,0.0,Northeast,mobile,1,0,0.0
2783,43.0,2.0,9.0,11.0,Northeast,mobile,1,1,25.57
2784,46.0,4.0,11.0,8.0,Southeast,tablet,0,0,0.0
2785,49.0,1.0,9.0,3.0,Southeast,mobile,1,0,0.0
2786,27.0,1.0,7.0,3.0,Midwest,mobile,1,0,0.0
2787,32.0,2.0,10.0,1.0,Southeast,mobile,1,0,0.0
2788,48.0,1.0,5.0,7.0,West,mobile,0,0,0.0
2789,48.0,3.0,13.0,0.0,nan,desktop,0,0,0.0
2790,38.0,4.0,3.0,8.0,Northeast,mobile,1,0,0.0
2791,43.0,4.0,9.0,5.0,Northeast,tablet,1,1,30.48
2792,29.0,1.0,0.0,8.0,Northeast,mobile,0,0,0.0
2793,53.0,5.0,10.0,11.0,nan,desktop,1,0,0.0
2794,34.0,3.0,2.0,11.0,Midwest,mobile,0,0,0.0
2795,64.0,2.0,8.0,2.0,Southeast,desktop,0,0,0.0
2796,33.0,3.0,3.0,8.0,Southeast,mobile,0,0,0.0
2797,23.0,1.0,0.0,6.0,West,tablet,0,0,0.0
2798,47.0,5.0,9.0,7.0,West,desktop,1,0,0.0
2799,28.0,3.0,10.0,0.0,Midwest,mobile,1,1,24.06
2800,33.0,2.0,11.0,1.0,Southeast,mobile,0,0,0.0
2801,44.0,4.0,11.0,2.0,nan,mobile,0,0,0.0
2802,24.0,2.0,6.0,0.0,West,mobile,0,0,0.0
2803,31.0,4.0,13.0,1.0,Northeast,desktop,1,0,0.0
2804,57.0,3.0,12.0,8.0,Midwest,tablet,0,0,0.0
2805,33.0,5.0,0.0,3.0,Northeast,desktop,1,0,0.0
2806,34.0,3.0,5.0,10.0,Midwest,desktop,0,0,0.0
2807,40.0,4.0,10.0,9.0,nan,mobile,0,0,0.0
2808,35.0,3.0,9.0,7.0,Northeast,mobile,1,0,0.0
2809,62.0,5.0,12.0,4.0,Southeast,mobile,1,0,0.0
2810,40.0,5.0,8.0,11.0,Midwest,mobile,0,0,0.0
2811,31.0,3.0,6.0,7.0,Southeast,desktop,0,0,0.0
2812,56.0,4.0,2.0,10.0,Northeast,mobile,0,0,0.0
2813,22.0,2.0,14.0,3.0,Southeast,desktop,0,1,32.4
2814,48.0,5.0,6.0,11.0,Southeast,mobile,0,0,0.0
2815,42.0,4.0,12.0,3.0,Southeast,desktop,1,0,0.0
2816,25.0,2.0,14.0,8.0,nan,desktop,1,1,22.64
2817,32.0,5.0,10.0,11.0,nan,mobile,0,0,0.0
2818,41.0,4.0,2.0,11.0,West,desktop,1,0,0.0
2819,23.0,1.0,7.0,4.0,Northeast,desktop,0,0,0.0
2820,54.0,5.0,6.0,7.0,Northeast,desktop,0,0,0.0
2821,56.0,2.0,9.0,8.0,West,desktop,1,0,0.0
2822,23.0,1.0,4.0,5.0,West,mobile,0,1,19.31
2823,38.0,2.0,2.0,6.0,Northeast,desktop,1,0,0.0
2824,23.0,3.0,11.0,0.0,nan,mobile,1,0,0.0
2825,29.0,1.0,13.0,1.0,West,desktop,0,0,0.0
2826,52.0,3.0,0.0,11.0,Northeast,mobile,0,0,0.0
2827,35.0,3.0,3.0,0.0,nan,mobile,1,0,0.0
2828,43.0,3.0,6.0,4.0,West,mobile,0,0,0.0
2829,33.0,3.0,10.0,9.0,nan,mobile,1,0,0.0
2830,29.0,3.0,3.0,1.0,nan,mobile,0,0,0.0
2831,58.0,1.0,8.0,10.0,Northeast,desktop,0,0,0.0
2832,50.0,5.0,4.0,8.0,Midwest,mobile,1,0,0.0
2833,59.0,4.0,5.0,5.0,Northeast,mobile,1,0,0.0
2834,25.0,2.0,6.0,3.0,Southeast,mobile,1,0,0.0
2835,31.0,1.0,5.0,1.0,Southeast,mobile,0,0,0.0
2836,41.0,5.0,4.0,6.0,Midwest,mobile,1,1,26.63
2837,64.0,3.0,2.0,9.0,West,mobile,0,0,0.0
2838,57.0,5.0,8.0,11.0,Northeast,mobile,1,1,27.18
2839,44.0,3.0,11.0,3.0,Midwest,desktop,1,0,0.0
2840,29.0,2.0,4.0,7.0,nan,mobile,0,0,0.0
2841,63.0,2.0,4.0,0.0,Midwest,mobile,0,0,0.0
2842,47.0,1.0,13.0,0.0,Southeast,mobile,0,0,0.0
2843,55.0,3.0,4.0,2.0,Midwest,mobile,1,0,0.0
2844,37.0,4.0,6.0,0.0,Northeast,mobile,0,0,0.0
2845,54.0,1.0,5.0,3.0,Midwest,mobile,0,0,0.0
2846,60.0,1.0,2.0,6.0,Midwest,desktop,0,0,0.0
2847,40.0,1.0,5.0,1.0,Southeast,desktop,0,0,0.0
2848,49.0,3.0,4.0,0.0,Southeast,mobile,0,0,0.0
2849,55.0,3.0,4.0,4.0,Northeast,desktop,0,0,0.0
2850,37.0,3.0,11.0,0.0,nan,mobile,1,1,25.55
2851,50.0,5.0,13.0,7.0,Northeast,mobile,0,0,0.0
2852,43.0,5.0,1.0,3.0,nan,desktop,1,0,0.0
2853,46.0,5.0,2.0,9.0,nan,desktop,1,0,0.0
2854,44.0,2.0,5.0,0.0,Midwest,mobile,0,0,0.0
2855,31.0,3.0,8.0,4.0,nan,mobile,0,0,0.0
2856,64.0,4.0,14.0,10.0,Midwest,desktop,0,1,27.76
2857,35.0,2.0,12.0,4.0,Northeast,mobile,0,1,23.61
2858,54.0,5.0,0.0,4.0,Southeast,desktop,0,0,0.0
2859,55.0,1.0,10.0,0.0,nan,mobile,1,0,0.0
2860,52.0,3.0,14.0,5.0,West,desktop,0,0,0.0
2861,30.0,4.0,2.0,8.0,nan,tablet,0,1,19.44
2862,64.0,1.0,5.0,9.0,Midwest,tablet,0,0,0.0
2863,48.0,5.0,3.0,1.0,Southeast,mobile,0,0,0.0
2864,28.0,1.0,3.0,3.0,Southeast,mobile,0,0,0.0
2865,48.0,2.0,5.0,0.0,West,mobile,0,0,0.0
2866,42.0,2.0,12.0,3.0,Northeast,mobile,1,1,27.22
2867,51.0,4.0,1.0,10.0,West,desktop,1,0,0.0
2868,63.0,2.0,7.0,3.0,nan,desktop,1,0,0.0
2869,32.0,3.0,13.0,5.0,West,desktop,1,0,0.0
2870,58.0,2.0,1.0,11.0,Midwest,tablet,0,0,0.0
2871,58.0,2.0,11.0,11.0,Southeast,desktop,1,0,0.0
2872,30.0,3.0,10.0,2.0,Midwest,tablet,1,0,0.0
2873,34.0,2.0,3.0,5.0,Midwest,desktop,0,0,0.0
2874,40.0,3.0,11.0,8.0,Southeast,mobile,0,0,0.0
2875,34.0,3.0,3.0,11.0,Northeast,mobile,0,0,0.0
2876,30.0,2.0,6.0,7.0,Southeast,tablet,0,0,0.0
2877,53.0,3.0,13.0,9.0,Northeast,mobile,1,1,24.44
2878,52.0,3.0,10.0,5.0,Northeast,mobile,0,0,0.0
2879,54.0,3.0,7.0,1.0,nan,desktop,0,0,0.0
2880,48.0,4.0,1.0,9.0,West,mobile,1,0,0.0
2881,30.0,2.0,1.0,4.0,nan,mobile,0,0,0.0
2882,46.0,3.0,0.0,2.0,West,mobile,0,0,0.0
2883,45.0,3.0,0.0,6.0,West,desktop,1,0,0.0
2884,60.0,4.0,3.0,0.0,Midwest,desktop,0,0,0.0
2885,59.0,4.0,7.0,8.0,West,tablet,1,0,0.0
2886,26.0,2.0,14.0,7.0,Northeast,desktop,0,0,0.0
2887,45.0,2.0,12.0,5.0,West,desktop,0,0,0.0
2888,62.0,2.0,2.0,3.0,West,desktop,0,0,0.0
2889,52.0,2.0,12.0,5.0,Midwest,mobile,1,1,19.45
2890,42.0,3.0,13.0,10.0,West,tablet,1,1,26.29
2891,50.0,2.0,8.0,3.0,West,tablet,0,1,21.44
2892,23.0,5.0,4.0,6.0,Midwest,mobile,0,0,0.0
2893,43.0,5.0,5.0,6.0,Southeast,desktop,1,1,24.93
2894,61.0,4.0,7.0,2.0,Southeast,mobile,0,0,0.0
2895,41.0,4.0,3.0,6.0,nan,desktop,0,0,0.0
2896,62.0,2.0,10.0,3.0,nan,mobile,1,1,21.23
2897,56.0,3.0,9.0,10.0,West,tablet,1,1,25.47
2898,62.0,1.0,2.0,7.0,West,tablet,0,0,0.0
2899,28.0,1.0,0.0,6.0,West,desktop,1,0,0.0
2900,57.0,3.0,2.0,11.0,West,mobile,1,0,0.0
2901,31.0,1.0,5.0,4.0,Southeast,mobile,1,0,0.0
2902,33.0,5.0,3.0,4.0,Southeast,mobile,1,0,0.0
2903,27.0,4.0,8.0,2.0,nan,tablet,1,0,0.0
2904,34.0,4.0,7.0,0.0,nan,mobile,0,0,0.0
2905,49.0,5.0,5.0,9.0,Southeast,mobile,1,0,0.0
2906,36.0,3.0,5.0,8.0,Southeast,mobile,0,0,0.0
2907,23.0,5.0,10.0,8.0,nan,tablet,1,0,0.0
2908,31.0,1.0,1.0,6.0,Midwest,tablet,1,0,0.0
2909,27.0,5.0,5.0,7.0,West,tablet,1,0,0.0
2910,61.0,1.0,4.0,9.0,Northeast,mobile,0,0,0.0
2911,54.0,1.0,11.0,0.0,Midwest,tablet,0,0,0.0
2912,44.0,4.0,12.0,6.0,Midwest,tablet,0,0,0.0
2913,58.0,4.0,12.0,10.0,Southeast,tablet,1,1,31.72
2914,33.0,2.0,7.0,4.0,Southeast,mobile,1,0,0.0
2915,61.0,1.0,13.0,6.0,nan,mobile,0,0,0.0
2916,55.0,2.0,14.0,5.0,Northeast,desktop,0,0,0.0
2917,32.0,3.0,13.0,10.0,West,mobile,1,1,27.37
2918,48.0,2.0,4.0,9.0,Midwest,mobile,0,0,0.0
2919,63.0,5.0,5.0,9.0,Southeast,mobile,0,0,0.0
2920,38.0,5.0,3.0,4.0,nan,tablet,0,0,0.0
2921,31.0,3.0,9.0,11.0,West,mobile,1,0,0.0
2922,61.0,2.0,6.0,5.0,West,mobile,1,0,0.0
2923,35.0,1.0,9.0,8.0,Midwest,desktop,1,0,0.0
2924,45.0,1.0,1.0,3.0,nan,mobile,0,1,18.84
2925,26.0,1.0,2.0,2.0,nan,mobile,0,0,0.0
2926,49.0,2.0,4.0,0.0,West,mobile,1,0,0.0
2927,64.0,5.0,14.0,3.0,Midwest,desktop,1,0,0.0
2928,23.0,4.0,5.0,2.0,nan,mobile,1,1,25.16
2929,34.0,1.0,4.0,11.0,Northeast,desktop,0,1,20.2
2930,49.0,3.0,9.0,9.0,West,desktop,1,0,0.0
2931,47.0,2.0,14.0,11.0,Southeast,mobile,1,1,27.61
2932,39.0,4.0,2.0,10.0,Midwest,mobile,0,0,0.0
2933,35.0,3.0,5.0,6.0,Northeast,mobile,1,0,0.0
2934,54.0,4.0,13.0,8.0,Midwest,mobile,0,0,0.0
2935,42.0,1.0,14.0,2.0,Southeast,mobile,1,0,0.0
2936,23.0,2.0,13.0,5.0,Southeast,mobile,0,1,24.61
2937,28.0,2.0,5.0,9.0,Midwest,desktop,1,1,23.2
2938,38.0,5.0,7.0,8.0,nan,mobile,1,1,27.44
2939,49.0,4.0,13.0,11.0,Southeast,mobile,1,0,0.0
2940,24.0,1.0,6.0,1.0,Southeast,tablet,0,0,0.0
2941,64.0,1.0,13.0,5.0,Southeast,desktop,0,0,0.0
2942,62.0,4.0,10.0,1.0,Midwest,mobile,1,0,0.0
2943,24.0,2.0,2.0,1.0,Southeast,mobile,0,0,0.0
2944,40.0,3.0,3.0,2.0,Northeast,tablet,1,0,0.0
2945,37.0,2.0,8.0,8.0,West,tablet,1,0,0.0
2946,27.0,2.0,8.0,7.0,Northeast,mobile,1,1,23.28
2947,44.0,1.0,13.0,5.0,Midwest,tablet,0,0,0.0
2948,53.0,3.0,4.0,5.0,Northeast,desktop,0,0,0.0
2949,44.0,4.0,10.0,10.0,West,mobile,1,0,0.0
2950,59.0,3.0,13.0,2.0,Northeast,desktop,0,1,27.76
2951,49.0,1.0,10.0,4.0,West,mobile,0,0,0.0
2952,55.0,2.0,7.0,6.0,Northeast,desktop,1,0,0.0
2953,58.0,4.0,14.0,4.0,West,tablet,1,1,27.68
2954,58.0,4.0,7.0,10.0,Northeast,mobile,1,1,25.75
2955,46.0,5.0,6.0,4.0,Southeast,desktop,1,0,0.0
2956,58.0,3.0,11.0,6.0,West,desktop,0,0,0.0
2957,38.0,5.0,2.0,7.0,West,desktop,0,0,0.0
2958,64.0,4.0,11.0,6.0,Southeast,desktop,1,0,0.0
2959,50.0,5.0,3.0,2.0,Midwest,mobile,1,0,0.0
2960,37.0,1.0,3.0,4.0,Southeast,tablet,0,0,0.0
2961,24.0,2.0,1.0,11.0,Northeast,desktop,0,1,24.87
2962,36.0,2.0,9.0,0.0,Midwest,mobile,0,0,0.0
2963,42.0,1.0,1.0,10.0,nan,desktop,0,0,0.0
2964,26.0,3.0,12.0,2.0,Midwest,mobile,1,1,28.56
2965,46.0,1.0,0.0,7.0,Southeast,mobile,0,0,0.0
2966,58.0,4.0,6.0,3.0,Midwest,mobile,0,0,0.0
2967,35.0,2.0,6.0,1.0,West,tablet,0,0,0.0
2968,62.0,2.0,1.0,5.0,Northeast,desktop,0,0,0.0
2969,39.0,2.0,13.0,5.0,Midwest,mobile,1,0,0.0
2970,34.0,2.0,13.0,11.0,Northeast,desktop,1,0,0.0
2971,57.0,3.0,14.0,2.0,West,tablet,1,1,26.91
2972,48.0,5.0,13.0,3.0,nan,desktop,1,0,0.0
2973,48.0,1.0,1.0,10.0,Southeast,tablet,0,0,0.0
2974,32.0,1.0,2.0,3.0,Southeast,tablet,0,0,0.0
2975,47.0,2.0,14.0,0.0,Southeast,desktop,1,0,0.0
2976,59.0,4.0,3.0,3.0,Southeast,desktop,0,1,24.02
2977,30.0,4.0,9.0,5.0,Midwest,tablet,1,0,0.0
2978,22.0,5.0,3.0,2.0,West,tablet,1,0,0.0
2979,54.0,4.0,11.0,1.0,Midwest,mobile,0,0,0.0
2980,51.0,2.0,12.0,5.0,Midwest,mobile,0,0,0.0
2981,30.0,4.0,1.0,0.0,Northeast,mobile,0,0,0.0
2982,45.0,3.0,14.0,8.0,Northeast,mobile,1,0,0.0
2983,27.0,4.0,5.0,4.0,nan,mobile,0,1,23.44
2984,34.0,3.0,5.0,8.0,West,desktop,1,0,0.0
2985,29.0,5.0,14.0,5.0,Northeast,mobile,1,0,0.0
2986,61.0,4.0,14.0,0.0,nan,mobile,0,0,0.0
2987,37.0,5.0,9.0,11.0,nan,mobile,0,0,0.0
2988,42.0,5.0,0.0,9.0,West,mobile,1,0,0.0
2989,32.0,3.0,5.0,0.0,Midwest,mobile,0,0,0.0
2990,44.0,2.0,5.0,4.0,Southeast,desktop,1,0,0.0
2991,45.0,2.0,13.0,7.0,nan,tablet,0,0,0.0
2992,25.0,2.0,1.0,0.0,Southeast,tablet,0,0,0.0
2993,55.0,1.0,13.0,2.0,Southeast,mobile,1,0,0.0
2994,39.0,2.0,14.0,11.0,Midwest,desktop,1,0,0.0
2995,42.0,5.0,3.0,8.0,nan,mobile,0,0,0.0
2996,28.0,1.0,2.0,10.0,nan,mobile,0,0,0.0
2997,24.0,5.0,14.0,10.0,West,mobile,1,1,25.99
2998,45.0,1.0,14.0,4.0,Southeast,mobile,0,0,0.0
2999,23.0,1.0,6.0,9.0,West,mobile,1,1,25.23
3000,46.0,5.0,11.0,8.0,nan,desktop,1,0,0.0
3001,54.0,3.0,14.0,7.0,West,desktop,1,0,0.0
3002,32.0,2.0,13.0,7.0,West,mobile,1,0,0.0
3003,34.0,1.0,4.0,2.0,Midwest,mobile,1,0,0.0
3004,62.0,1.0,7.0,11.0,West,desktop,0,1,22.53
3005,41.0,2.0,1.0,1.0,Midwest,desktop,0,0,0.0
3006,35.0,1.0,7.0,2.0,Southeast,mobile,0,0,0.0
3007,60.0,4.0,0.0,10.0,Midwest,desktop,0,0,0.0
3008,50.0,5.0,2.0,2.0,West,tablet,0,0,0.0
3009,47.0,2.0,5.0,0.0,Northeast,mobile,1,0,0.0
3010,64.0,1.0,1.0,8.0,Midwest,mobile,0,0,0.0
3011,47.0,5.0,4.0,3.0,nan,mobile,1,0,0.0
3012,56.0,4.0,9.0,0.0,Midwest,desktop,0,0,0.0
3013,52.0,2.0,14.0,2.0,Southeast,mobile,0,1,21.33
3014,54.0,4.0,4.0,9.0,West,desktop,1,1,26.64
3015,51.0,4.0,9.0,1.0,West,mobile,0,0,0.0
3016,24.0,4.0,7.0,2.0,Midwest,mobile,0,0,0.0
3017,29.0,1.0,9.0,7.0,Southeast,mobile,0,0,0.0
3018,44.0,2.0,1.0,9.0,nan,mobile,0,1,23.38
3019,52.0,3.0,10.0,6.0,Northeast,mobile,0,1,20.9
3020,54.0,4.0,8.0,1.0,West,tablet,0,0,0.0
3021,56.0,3.0,8.0,3.0,West,desktop,0,0,0.0
3022,50.0,2.0,1.0,8.0,Northeast,mobile,1,0,0.0
3023,23.0,2.0,14.0,5.0,Northeast,mobile,1,1,26.4
3024,46.0,3.0,2.0,0.0,Southeast,desktop,0,0,0.0
3025,52.0,1.0,0.0,10.0,Northeast,tablet,0,0,0.0
3026,61.0,5.0,2.0,1.0,nan,mobile,1,1,22.01
3027,48.0,4.0,10.0,8.0,nan,mobile,1,0,0.0
3028,46.0,4.0,2.0,0.0,nan,tablet,0,0,0.0
3029,28.0,4.0,14.0,4.0,nan,mobile,1,0,0.0
3030,58.0,3.0,9.0,7.0,Southeast,tablet,0,0,0.0
3031,39.0,3.0,4.0,2.0,West,mobile,0,0,0.0
3032,60.0,4.0,0.0,1.0,Midwest,tablet,0,0,0.0
3033,29.0,4.0,1.0,7.0,Northeast,mobile,1,0,0.0
3034,55.0,4.0,10.0,4.0,Midwest,desktop,0,0,0.0
3035,34.0,1.0,7.0,3.0,Northeast,mobile,1,1,22.34
3036,28.0,5.0,10.0,10.0,nan,desktop,1,0,0.0
3037,61.0,3.0,5.0,3.0,West,mobile,1,0,0.0
3038,55.0,4.0,2.0,3.0,West,desktop,1,0,0.0
3039,59.0,1.0,13.0,9.0,Northeast,mobile,1,1,23.53
3040,55.0,3.0,7.0,1.0,Northeast,mobile,0,0,0.0
3041,47.0,3.0,13.0,5.0,Southeast,mobile,1,0,0.0
3042,50.0,2.0,2.0,8.0,West,tablet,0,1,17.65
3043,24.0,5.0,9.0,0.0,Midwest,desktop,1,0,0.0
3044,37.0,3.0,4.0,1.0,West,mobile,0,0,0.0
3045,36.0,5.0,4.0,11.0,Northeast,tablet,1,1,24.51
3046,34.0,3.0,11.0,8.0,Midwest,desktop,1,0,0.0
3047,37.0,3.0,0.0,3.0,Midwest,mobile,1,0,0.0
3048,49.0,3.0,7.0,5.0,nan,tablet,1,0,0.0
3049,48.0,4.0,7.0,4.0,West,mobile,0,0,0.0
3050,53.0,4.0,14.0,11.0,Northeast,mobile,1,0,0.0
3051,40.0,5.0,0.0,8.0,Midwest,mobile,1,1,26.35
3052,61.0,2.0,14.0,2.0,West,tablet,1,0,0.0
3053,44.0,4.0,14.0,1.0,West,mobile,0,0,0.0
3054,36.0,5.0,3.0,5.0,Midwest,desktop,0,0,0.0
3055,60.0,5.0,9.0,9.0,West,desktop,1,0,0.0
3056,34.0,3.0,12.0,10.0,Midwest,desktop,1,0,0.0
3057,57.0,3.0,14.0,1.0,Northeast,mobile,0,0,0.0
3058,53.0,4.0,5.0,7.0,West,mobile,0,0,0.0
3059,62.0,3.0,4.0,5.0,nan,mobile,0,0,0.0
3060,64.0,1.0,5.0,2.0,Southeast,mobile,0,0,0.0
3061,27.0,4.0,4.0,6.0,West,mobile,1,0,0.0
3062,34.0,4.0,8.0,0.0,Midwest,mobile,1,1,29.29
3063,43.0,3.0,13.0,0.0,Midwest,mobile,0,0,0.0
3064,33.0,3.0,7.0,6.0,nan,mobile,1,0,0.0
3065,28.0,3.0,12.0,2.0,nan,mobile,1,1,28.67
3066,60.0,3.0,14.0,6.0,Northeast,mobile,1,1,28.77
3067,22.0,4.0,14.0,11.0,West,desktop,1,1,25.27
3068,33.0,1.0,13.0,2.0,Northeast,tablet,1,0,0.0
3069,58.0,2.0,5.0,8.0,Midwest,mobile,0,0,0.0
3070,39.0,5.0,6.0,9.0,West,mobile,1,0,0.0
3071,33.0,5.0,3.0,1.0,Southeast,mobile,0,0,0.0
3072,64.0,1.0,12.0,2.0,Southeast,mobile,0,0,0.0
3073,50.0,1.0,9.0,2.0,nan,mobile,1,0,0.0
3074,56.0,1.0,13.0,11.0,Midwest,mobile,1,0,0.0
3075,37.0,5.0,13.0,7.0,Northeast,mobile,1,0,0.0
3076,32.0,5.0,10.0,8.0,Midwest,tablet,1,0,0.0
3077,40.0,3.0,14.0,1.0,Midwest,mobile,1,0,0.0
3078,62.0,4.0,10.0,7.0,West,mobile,0,0,0.0
3079,47.0,4.0,2.0,6.0,Southeast,mobile,0,0,0.0
3080,58.0,5.0,8.0,7.0,Northeast,tablet,1,1,34.95
3081,62.0,5.0,10.0,5.0,West,desktop,0,0,0.0
3082,63.0,5.0,10.0,0.0,Southeast,mobile,1,0,0.0
3083,62.0,2.0,6.0,7.0,Northeast,mobile,1,0,0.0
3084,39.0,2.0,2.0,4.0,West,desktop,0,0,0.0
3085,62.0,1.0,6.0,3.0,nan,desktop,0,0,0.0
3086,50.0,5.0,3.0,10.0,nan,desktop,1,0,0.0
3087,60.0,3.0,11.0,2.0,West,mobile,1,0,0.0
3088,38.0,1.0,5.0,11.0,Southeast,desktop,0,1,23.99
3089,22.0,5.0,14.0,5.0,nan,desktop,1,1,28.72
3090,41.0,5.0,14.0,2.0,Northeast,desktop,0,0,0.0
3091,34.0,5.0,12.0,10.0,West,mobile,1,0,0.0
3092,50.0,4.0,4.0,10.0,nan,mobile,0,0,0.0
3093,48.0,5.0,5.0,11.0,nan,mobile,1,0,0.0
3094,39.0,5.0,1.0,4.0,Midwest,mobile,0,0,0.0
3095,50.0,3.0,1.0,11.0,nan,mobile,0,1,22.73
3096,40.0,3.0,6.0,8.0,Northeast,desktop,0,0,0.0
3097,53.0,2.0,4.0,4.0,Northeast,desktop,0,0,0.0
3098,45.0,4.0,5.0,10.0,West,mobile,0,0,0.0
3099,34.0,5.0,10.0,6.0,nan,desktop,1,0,0.0
3100,26.0,5.0,14.0,2.0,Northeast,tablet,1,0,0.0
3101,26.0,5.0,0.0,8.0,Southeast,mobile,1,0,0.0
3102,64.0,2.0,5.0,1.0,nan,desktop,1,0,0.0
3103,55.0,4.0,3.0,3.0,nan,desktop,0,0,0.0
3104,57.0,2.0,8.0,5.0,Midwest,mobile,0,0,0.0
3105,49.0,1.0,2.0,7.0,nan,mobile,0,0,0.0
3106,42.0,5.0,14.0,7.0,Midwest,mobile,0,1,22.66
3107,57.0,2.0,9.0,9.0,Southeast,desktop,0,1,20.92
3108,54.0,5.0,13.0,6.0,Midwest,tablet,1,0,0.0
3109,33.0,3.0,9.0,6.0,Southeast,desktop,1,0,0.0
3110,64.0,4.0,13.0,8.0,West,desktop,1,0,0.0
3111,26.0,3.0,5.0,6.0,Southeast,tablet,1,0,0.0
3112,44.0,3.0,11.0,11.0,Midwest,mobile,1,0,0.0
3113,26.0,5.0,5.0,4.0,West,mobile,0,0,0.0
3114,53.0,1.0,5.0,1.0,nan,mobile,0,0,0.0
3115,38.0,1.0,6.0,7.0,Northeast,mobile,1,1,25.97
3116,25.0,4.0,11.0,11.0,West,mobile,1,0,0.0
3117,56.0,5.0,11.0,2.0,nan,mobile,1,1,34.25
3118,63.0,5.0,8.0,1.0,West,desktop,1,0,0.0
3119,37.0,4.0,3.0,5.0,Southeast,tablet,1,0,0.0
3120,29.0,1.0,5.0,11.0,West,desktop,1,0,0.0
3121,35.0,1.0,8.0,3.0,West,tablet,0,0,0.0
3122,56.0,2.0,7.0,9.0,Northeast,tablet,0,0,0.0
3123,58.0,4.0,6.0,3.0,nan,desktop,0,0,0.0
3124,42.0,1.0,12.0,9.0,Southeast,mobile,0,0,0.0
3125,45.0,2.0,0.0,3.0,nan,mobile,1,0,0.0
3126,49.0,2.0,0.0,10.0,Midwest,mobile,0,1,16.42
3127,37.0,1.0,3.0,5.0,Northeast,mobile,0,0,0.0
3128,47.0,3.0,13.0,1.0,West,mobile,1,0,0.0
3129,24.0,2.0,2.0,11.0,Midwest,tablet,0,0,0.0
3130,39.0,1.0,10.0,7.0,West,tablet,1,0,0.0
3131,53.0,3.0,14.0,0.0,Southeast,desktop,1,0,0.0
3132,62.0,3.0,4.0,4.0,Northeast,desktop,0,0,0.0
3133,60.0,2.0,12.0,10.0,Northeast,tablet,0,0,0.0
3134,35.0,1.0,6.0,4.0,Midwest,tablet,0,0,0.0
3135,30.0,1.0,7.0,11.0,Northeast,desktop,0,0,0.0
3136,31.0,5.0,6.0,6.0,West,desktop,1,0,0.0
3137,31.0,5.0,4.0,1.0,Midwest,mobile,0,0,0.0
3138,60.0,4.0,6.0,7.0,Northeast,mobile,0,0,0.0
3139,23.0,2.0,2.0,0.0,West,mobile,0,0,0.0
3140,34.0,4.0,0.0,8.0,West,mobile,0,0,0.0
3141,49.0,5.0,4.0,0.0,Midwest,mobile,1,0,0.0
3142,26.0,5.0,2.0,7.0,West,desktop,1,0,0.0
3143,38.0,4.0,6.0,1.0,Midwest,desktop,0,0,0.0
3144,28.0,1.0,6.0,2.0,Northeast,mobile,0,0,0.0
3145,34.0,3.0,8.0,2.0,Midwest,mobile,1,0,0.0
3146,37.0,5.0,1.0,4.0,Southeast,mobile,0,0,0.0
3147,50.0,4.0,10.0,7.0,West,mobile,1,0,0.0
3148,59.0,1.0,2.0,10.0,West,mobile,0,0,0.0
3149,64.0,5.0,3.0,7.0,Midwest,mobile,0,0,0.0
3150,50.0,3.0,13.0,8.0,Midwest,desktop,1,0,0.0
3151,53.0,1.0,12.0,10.0,Southeast,mobile,0,0,0.0
3152,27.0,1.0,8.0,5.0,West,mobile,1,1,27.12
3153,49.0,3.0,3.0,1.0,West,mobile,0,0,0.0
3154,45.0,5.0,13.0,2.0,Southeast,desktop,1,0,0.0
3155,64.0,4.0,14.0,11.0,Southeast,desktop,1,0,0.0
3156,48.0,3.0,9.0,9.0,nan,mobile,1,0,0.0
3157,56.0,3.0,3.0,11.0,West,tablet,1,1,27.6
3158,56.0,2.0,5.0,2.0,Northeast,mobile,0,0,0.0
3159,27.0,1.0,0.0,1.0,Southeast,desktop,0,0,0.0
3160,46.0,3.0,12.0,10.0,nan,mobile,1,0,0.0
3161,60.0,1.0,14.0,11.0,West,tablet,0,0,0.0
3162,36.0,5.0,8.0,5.0,Northeast,mobile,1,0,0.0
3163,55.0,2.0,8.0,11.0,Midwest,mobile,0,0,0.0
3164,64.0,2.0,7.0,7.0,Northeast,desktop,0,0,0.0
3165,63.0,3.0,4.0,10.0,Midwest,desktop,0,0,0.0
3166,33.0,2.0,1.0,2.0,Northeast,desktop,0,0,0.0
3167,36.0,4.0,4.0,6.0,Southeast,mobile,0,0,0.0
3168,63.0,1.0,3.0,1.0,Northeast,mobile,0,0,0.0
3169,38.0,5.0,11.0,9.0,nan,mobile,1,0,0.0
3170,30.0,2.0,0.0,2.0,Northeast,desktop,1,0,0.0
3171,48.0,4.0,12.0,10.0,Midwest,mobile,1,0,0.0
3172,44.0,5.0,1.0,6.0,Northeast,tablet,1,0,0.0
3173,22.0,1.0,7.0,8.0,Northeast,mobile,1,0,0.0
3174,26.0,3.0,13.0,8.0,Northeast,mobile,1,1,26.05
3175,48.0,3.0,4.0,10.0,Northeast,desktop,0,0,0.0
3176,60.0,1.0,11.0,5.0,Midwest,mobile,0,0,0.0
3177,49.0,4.0,1.0,4.0,Midwest,desktop,1,1,21.07
3178,43.0,5.0,3.0,9.0,Southeast,tablet,0,0,0.0
3179,64.0,1.0,13.0,4.0,nan,mobile,0,1,24.19
3180,60.0,5.0,3.0,1.0,Midwest,mobile,0,0,0.0
3181,38.0,3.0,9.0,7.0,West,desktop,1,1,28.48
3182,57.0,5.0,7.0,11.0,Midwest,tablet,0,0,0.0
3183,60.0,2.0,2.0,7.0,Southeast,mobile,1,0,0.0
3184,30.0,1.0,4.0,7.0,Northeast,mobile,0,0,0.0
3185,48.0,4.0,8.0,3.0,Northeast,mobile,0,0,0.0
3186,24.0,3.0,8.0,3.0,West,mobile,1,0,0.0
3187,46.0,4.0,12.0,7.0,West,mobile,1,0,0.0
3188,61.0,5.0,3.0,6.0,Northeast,mobile,0,0,0.0
3189,60.0,5.0,7.0,11.0,nan,desktop,1,0,0.0
3190,46.0,1.0,6.0,5.0,nan,desktop,0,0,0.0
3191,47.0,1.0,2.0,8.0,Southeast,mobile,0,0,0.0
3192,58.0,2.0,13.0,9.0,Southeast,mobile,0,0,0.0
3193,22.0,1.0,4.0,8.0,nan,desktop,0,1,23.73
3194,51.0,5.0,6.0,3.0,nan,tablet,0,0,0.0
3195,35.0,3.0,9.0,9.0,Midwest,desktop,1,0,0.0
3196,55.0,1.0,13.0,7.0,West,mobile,0,0,0.0
3197,26.0,3.0,2.0,5.0,nan,tablet,0,0,0.0
3198,42.0,4.0,7.0,8.0,nan,tablet,1,1,25.68
3199,54.0,4.0,0.0,9.0,West,desktop,0,0,0.0
3200,53.0,5.0,6.0,11.0,Midwest,tablet,1,0,0.0
3201,53.0,4.0,14.0,8.0,Midwest,tablet,1,0,0.0
3202,61.0,4.0,7.0,1.0,West,desktop,0,0,0.0
3203,37.0,1.0,14.0,7.0,Southeast,mobile,1,0,0.0
3204,52.0,5.0,11.0,7.0,West,desktop,1,0,0.0
3205,56.0,4.0,4.0,0.0,Midwest,mobile,0,0,0.0
3206,62.0,4.0,14.0,4.0,Midwest,mobile,1,1,25.35
3207,31.0,5.0,10.0,1.0,West,mobile,1,0,0.0
3208,32.0,5.0,0.0,4.0,nan,desktop,0,1,19.26
3209,40.0,3.0,11.0,5.0,Southeast,mobile,1,0,0.0
3210,56.0,4.0,7.0,5.0,West,desktop,0,0,0.0
3211,59.0,5.0,14.0,9.0,Midwest,tablet,1,0,0.0
3212,44.0,1.0,10.0,4.0,Southeast,mobile,0,1,20.63
3213,53.0,1.0,1.0,4.0,West,desktop,0,0,0.0
3214,24.0,2.0,6.0,6.0,West,desktop,0,0,0.0
3215,54.0,4.0,11.0,1.0,West,desktop,0,1,24.18
3216,49.0,5.0,8.0,2.0,Midwest,tablet,1,0,0.0
3217,36.0,2.0,0.0,7.0,West,mobile,0,0,0.0
3218,48.0,2.0,0.0,10.0,Southeast,mobile,0,0,0.0
3219,62.0,1.0,4.0,7.0,Midwest,desktop,0,0,0.0
3220,64.0,2.0,4.0,10.0,West,mobile,0,0,0.0
3221,49.0,1.0,8.0,2.0,Midwest,tablet,0,0,0.0
3222,49.0,3.0,5.0,1.0,Northeast,desktop,0,0,0.0
3223,50.0,5.0,4.0,9.0,Southeast,mobile,1,0,0.0
3224,27.0,3.0,6.0,0.0,Southeast,mobile,0,0,0.0
3225,36.0,3.0,2.0,10.0,nan,mobile,1,0,0.0
3226,64.0,5.0,10.0,5.0,nan,tablet,1,0,0.0
3227,24.0,1.0,0.0,0.0,Southeast,mobile,0,1,18.16
3228,35.0,5.0,13.0,8.0,West,mobile,1,0,0.0
3229,60.0,2.0,11.0,11.0,Midwest,mobile,1,0,0.0
3230,51.0,1.0,0.0,7.0,Southeast,mobile,0,0,0.0
3231,38.0,3.0,9.0,9.0,West,desktop,0,0,0.0
3232,47.0,1.0,6.0,2.0,nan,mobile,0,1,20.79
3233,54.0,3.0,8.0,11.0,Southeast,mobile,1,0,0.0
3234,37.0,4.0,5.0,6.0,Northeast,desktop,0,0,0.0
3235,61.0,4.0,4.0,9.0,nan,mobile,1,0,0.0
3236,39.0,1.0,14.0,0.0,West,mobile,1,0,0.0
3237,59.0,4.0,2.0,4.0,Northeast,mobile,0,0,0.0
3238,50.0,2.0,10.0,1.0,Northeast,desktop,0,0,0.0
3239,24.0,1.0,7.0,11.0,West,tablet,1,1,22.89
3240,59.0,2.0,14.0,3.0,West,mobile,1,0,0.0
3241,26.0,3.0,7.0,6.0,Southeast,tablet,1,0,0.0
3242,62.0,2.0,7.0,8.0,West,mobile,1,0,0.0
3243,22.0,3.0,13.0,3.0,Northeast,tablet,1,0,0.0
3244,64.0,4.0,9.0,9.0,Midwest,mobile,0,0,0.0
3245,42.0,1.0,6.0,7.0,Southeast,mobile,1,0,0.0
3246,27.0,2.0,12.0,1.0,nan,desktop,1,1,29.94
3247,30.0,2.0,12.0,3.0,Southeast,mobile,1,1,30.06
3248,30.0,4.0,0.0,2.0,Southeast,mobile,0,0,0.0
3249,45.0,2.0,3.0,2.0,West,mobile,0,0,0.0
3250,30.0,4.0,13.0,2.0,Northeast,mobile,1,0,0.0
3251,56.0,4.0,13.0,7.0,West,mobile,1,0,0.0
3252,63.0,1.0,7.0,6.0,Northeast,tablet,0,1,18.15
3253,34.0,4.0,5.0,5.0,Northeast,mobile,1,1,27.76
3254,26.0,2.0,14.0,1.0,Midwest,mobile,0,0,0.0
3255,24.0,2.0,0.0,8.0,nan,desktop,0,0,0.0
3256,51.0,1.0,0.0,9.0,Northeast,mobile,0,1,17.76
3257,54.0,3.0,9.0,9.0,Southeast,desktop,0,0,0.0
3258,63.0,4.0,1.0,8.0,West,mobile,0,1,20.01
3259,27.0,1.0,2.0,7.0,nan,mobile,1,0,0.0
3260,46.0,1.0,1.0,8.0,Midwest,desktop,0,0,0.0
3261,30.0,1.0,13.0,4.0,Midwest,desktop,0,0,0.0
3262,22.0,5.0,0.0,3.0,Southeast,mobile,1,0,0.0
3263,40.0,2.0,13.0,6.0,Southeast,mobile,1,1,19.62
3264,24.0,5.0,2.0,6.0,Northeast,desktop,1,0,0.0
3265,28.0,1.0,13.0,1.0,Northeast,mobile,0,0,0.0
3266,52.0,3.0,4.0,3.0,West,mobile,1,0,0.0
3267,31.0,3.0,6.0,1.0,Midwest,mobile,1,0,0.0
3268,39.0,5.0,2.0,5.0,West,mobile,1,0,0.0
3269,62.0,2.0,4.0,9.0,West,mobile,0,0,0.0
3270,43.0,2.0,2.0,1.0,Northeast,mobile,1,0,0.0
3271,27.0,3.0,3.0,7.0,Midwest,mobile,1,0,0.0
3272,23.0,2.0,6.0,2.0,Midwest,mobile,1,0,0.0
3273,39.0,1.0,7.0,6.0,Northeast,mobile,0,0,0.0
3274,60.0,1.0,9.0,0.0,nan,desktop,0,0,0.0
3275,23.0,3.0,13.0,2.0,West,tablet,0,0,0.0
3276,60.0,4.0,0.0,7.0,nan,tablet,0,0,0.0
3277,42.0,1.0,4.0,11.0,Midwest,desktop,0,0,0.0
3278,47.0,3.0,8.0,9.0,West,mobile,0,0,0.0
3279,45.0,4.0,7.0,11.0,Northeast,desktop,1,1,28.18
3280,42.0,5.0,8.0,11.0,nan,mobile,0,0,0.0
3281,35.0,1.0,4.0,6.0,nan,mobile,0,0,0.0
3282,38.0,5.0,4.0,8.0,Northeast,mobile,1,0,0.0
3283,53.0,2.0,10.0,5.0,West,mobile,1,1,27.27
3284,30.0,3.0,2.0,10.0,Northeast,mobile,0,0,0.0
3285,56.0,1.0,1.0,2.0,West,desktop,0,0,0.0
3286,62.0,3.0,9.0,4.0,nan,mobile,0,0,0.0
3287,43.0,2.0,8.0,11.0,Northeast,mobile,0,0,0.0
3288,43.0,2.0,11.0,9.0,Midwest,mobile,0,0,0.0
3289,56.0,5.0,9.0,0.0,Northeast,mobile,1,0,0.0
3290,26.0,1.0,4.0,2.0,West,desktop,1,0,0.0
3291,55.0,2.0,7.0,9.0,Northeast,mobile,0,0,0.0
3292,56.0,2.0,7.0,6.0,nan,mobile,1,0,0.0
3293,36.0,4.0,1.0,9.0,Southeast,desktop,1,0,0.0
3294,63.0,3.0,1.0,4.0,Northeast,mobile,0,0,0.0
3295,43.0,3.0,14.0,9.0,nan,mobile,0,0,0.0
3296,34.0,1.0,11.0,8.0,West,tablet,1,0,0.0
3297,32.0,2.0,12.0,6.0,Midwest,mobile,1,0,0.0
3298,51.0,5.0,9.0,7.0,West,tablet,1,0,0.0
3299,61.0,3.0,12.0,0.0,nan,tablet,1,0,0.0
3300,64.0,5.0,6.0,9.0,West,tablet,1,0,0.0
3301,60.0,1.0,2.0,7.0,Southeast,mobile,0,1,19.19
3302,26.0,2.0,9.0,2.0,Southeast,desktop,0,0,0.0
3303,53.0,1.0,0.0,1.0,Midwest,mobile,0,0,0.0
3304,56.0,4.0,14.0,10.0,Midwest,mobile,1,0,0.0
3305,31.0,1.0,9.0,5.0,Southeast,mobile,0,0,0.0
3306,43.0,3.0,8.0,3.0,Northeast,mobile,1,0,0.0
3307,24.0,1.0,10.0,10.0,Midwest,desktop,0,0,0.0
3308,50.0,3.0,6.0,0.0,West,mobile,0,0,0.0
3309,47.0,1.0,9.0,10.0,Southeast,mobile,0,0,0.0
3310,29.0,4.0,6.0,4.0,Southeast,desktop,0,0,0.0
3311,29.0,3.0,3.0,9.0,Southeast,mobile,1,0,0.0
3312,31.0,4.0,2.0,0.0,West,mobile,0,0,0.0
3313,49.0,1.0,2.0,9.0,nan,desktop,0,0,0.0
3314,45.0,4.0,13.0,7.0,Northeast,desktop,1,1,29.14
3315,44.0,1.0,5.0,10.0,West,mobile,0,0,0.0
3316,32.0,1.0,8.0,2.0,West,mobile,1,1,24.11
3317,55.0,5.0,2.0,1.0,nan,mobile,1,0,0.0
3318,47.0,2.0,5.0,8.0,Northeast,mobile,1,0,0.0
3319,35.0,4.0,7.0,8.0,nan,desktop,1,1,28.05
3320,25.0,5.0,14.0,10.0,West,desktop,1,1,28.14
3321,58.0,1.0,13.0,9.0,nan,mobile,0,0,0.0
3322,55.0,5.0,8.0,7.0,West,desktop,0,0,0.0
3323,35.0,5.0,4.0,9.0,Southeast,mobile,0,0,0.0
3324,33.0,3.0,2.0,7.0,Midwest,mobile,1,0,0.0
3325,63.0,2.0,14.0,1.0,Northeast,tablet,1,1,25.32
3326,53.0,2.0,10.0,5.0,Northeast,mobile,1,0,0.0
3327,28.0,2.0,5.0,2.0,nan,mobile,0,0,0.0
3328,29.0,3.0,14.0,1.0,West,mobile,0,1,27.35
3329,44.0,1.0,10.0,1.0,Northeast,mobile,0,1,25.63
3330,56.0,3.0,12.0,5.0,Midwest,mobile,0,0,0.0
3331,24.0,3.0,3.0,6.0,Southeast,desktop,0,1,21.16
3332,22.0,4.0,5.0,4.0,Southeast,desktop,1,0,0.0
3333,48.0,1.0,6.0,11.0,nan,mobile,0,0,0.0
3334,29.0,2.0,12.0,4.0,nan,desktop,0,1,23.44
3335,45.0,1.0,12.0,5.0,Midwest,mobile,0,0,0.0
3336,36.0,5.0,7.0,7.0,West,mobile,1,0,0.0
3337,58.0,5.0,9.0,2.0,Northeast,tablet,0,0,0.0
3338,55.0,5.0,6.0,6.0,West,mobile,1,0,0.0
3339,27.0,5.0,5.0,2.0,Northeast,tablet,1,0,0.0
3340,23.0,5.0,8.0,10.0,Southeast,mobile,1,0,0.0
3341,40.0,2.0,13.0,5.0,Midwest,tablet,0,0,0.0
3342,53.0,5.0,1.0,9.0,Northeast,mobile,0,0,0.0
3343,42.0,1.0,4.0,5.0,Northeast,mobile,0,0,0.0
3344,32.0,1.0,3.0,8.0,Southeast,desktop,0,1,20.01
3345,23.0,2.0,8.0,1.0,Midwest,mobile,1,0,0.0
3346,64.0,2.0,8.0,10.0,Northeast,mobile,0,0,0.0
3347,60.0,4.0,13.0,3.0,Southeast,mobile,1,1,32.86
3348,34.0,4.0,1.0,5.0,Northeast,mobile,0,1,22.07
3349,43.0,1.0,10.0,9.0,Northeast,mobile,0,0,0.0
3350,28.0,3.0,6.0,11.0,Midwest,desktop,1,0,0.0
3351,38.0,1.0,0.0,6.0,Southeast,mobile,0,0,0.0
3352,51.0,5.0,12.0,4.0,West,mobile,0,0,0.0
3353,49.0,4.0,0.0,5.0,Southeast,desktop,1,0,0.0
3354,33.0,1.0,13.0,3.0,Northeast,tablet,0,0,0.0
3355,37.0,4.0,4.0,4.0,Southeast,mobile,0,0,0.0
3356,45.0,2.0,2.0,9.0,Northeast,mobile,0,0,0.0
3357,44.0,2.0,4.0,8.0,Northeast,mobile,0,0,0.0
3358,55.0,4.0,14.0,9.0,West,mobile,1,1,29.51
3359,43.0,2.0,12.0,3.0,Northeast,mobile,0,1,29.81
3360,56.0,3.0,7.0,4.0,West,mobile,0,0,0.0
3361,33.0,5.0,5.0,1.0,Southeast,tablet,0,0,0.0
3362,31.0,2.0,2.0,7.0,Southeast,mobile,0,1,21.31
3363,62.0,1.0,7.0,8.0,Northeast,mobile,0,0,0.0
3364,31.0,3.0,11.0,10.0,Southeast,mobile,1,0,0.0
3365,57.0,1.0,1.0,10.0,Midwest,tablet,0,0,0.0
3366,33.0,5.0,1.0,0.0,Midwest,desktop,0,0,0.0
3367,26.0,4.0,11.0,2.0,Southeast,desktop,0,0,0.0
3368,38.0,3.0,10.0,9.0,Northeast,mobile,1,0,0.0
3369,26.0,3.0,6.0,5.0,Southeast,desktop,0,0,0.0
3370,54.0,1.0,10.0,4.0,Northeast,tablet,0,0,0.0
3371,64.0,4.0,7.0,5.0,Midwest,mobile,0,0,0.0
3372,45.0,4.0,9.0,11.0,West,desktop,0,0,0.0
3373,63.0,5.0,2.0,11.0,West,tablet,1,1,27.17
3374,59.0,4.0,12.0,1.0,Northeast,mobile,1,0,0.0
3375,62.0,2.0,11.0,7.0,Southeast,mobile,0,0,0.0
3376,52.0,3.0,12.0,7.0,Midwest,desktop,0,0,0.0
3377,36.0,2.0,2.0,5.0,nan,mobile,0,0,0.0
3378,48.0,4.0,6.0,9.0,Northeast,mobile,1,1,27.11
3379,33.0,5.0,4.0,2.0,Northeast,mobile,1,0,0.0
3380,44.0,2.0,7.0,1.0,Midwest,tablet,0,0,0.0
3381,54.0,4.0,6.0,4.0,Midwest,desktop,0,0,0.0
3382,39.0,1.0,6.0,10.0,nan,mobile,0,0,0.0
3383,42.0,4.0,13.0,0.0,Midwest,mobile,1,1,29.35
3384,36.0,4.0,9.0,4.0,Northeast,desktop,1,0,0.0
3385,25.0,4.0,14.0,7.0,West,tablet,1,0,0.0
3386,29.0,2.0,7.0,0.0,Northeast,mobile,0,0,0.0
3387,29.0,4.0,11.0,3.0,West,desktop,1,0,0.0
3388,33.0,5.0,4.0,7.0,Midwest,mobile,1,0,0.0
3389,24.0,1.0,7.0,9.0,nan,desktop,1,0,0.0
3390,60.0,5.0,6.0,0.0,Northeast,desktop,0,0,0.0
3391,55.0,2.0,11.0,8.0,Midwest,desktop,0,0,0.0
3392,57.0,2.0,8.0,11.0,West,mobile,0,0,0.0
3393,45.0,1.0,4.0,5.0,Northeast,tablet,0,0,0.0
3394,22.0,1.0,12.0,6.0,Midwest,mobile,1,0,0.0
3395,28.0,3.0,11.0,9.0,West,tablet,1,0,0.0
3396,31.0,4.0,2.0,10.0,West,mobile,1,0,0.0
3397,53.0,4.0,5.0,3.0,Northeast,mobile,0,0,0.0
3398,56.0,4.0,8.0,8.0,Northeast,mobile,0,0,0.0
3399,51.0,4.0,13.0,8.0,Northeast,mobile,0,0,0.0
3400,47.0,1.0,14.0,11.0,Southeast,mobile,0,0,0.0
3401,37.0,3.0,3.0,5.0,Midwest,desktop,1,0,0.0
3402,25.0,3.0,6.0,6.0,Northeast,desktop,0,0,0.0
3403,32.0,1.0,2.0,4.0,Southeast,desktop,0,0,0.0
3404,56.0,2.0,1.0,3.0,Southeast,mobile,0,0,0.0
3405,48.0,2.0,5.0,4.0,West,desktop,0,0,0.0
3406,54.0,1.0,12.0,0.0,Southeast,mobile,1,0,0.0
3407,61.0,3.0,6.0,8.0,West,desktop,1,0,0.0
3408,34.0,3.0,3.0,3.0,West,desktop,1,0,0.0
3409,47.0,3.0,3.0,7.0,West,mobile,0,0,0.0
3410,53.0,1.0,10.0,10.0,Northeast,mobile,0,0,0.0
3411,54.0,5.0,8.0,5.0,West,tablet,0,0,0.0
3412,60.0,2.0,6.0,11.0,West,mobile,1,0,0.0
3413,61.0,4.0,5.0,0.0,Southeast,mobile,1,0,0.0
3414,49.0,3.0,14.0,0.0,nan,tablet,0,0,0.0
3415,58.0,1.0,2.0,4.0,West,mobile,0,0,0.0
3416,53.0,2.0,11.0,3.0,West,desktop,1,0,0.0
3417,35.0,4.0,14.0,9.0,Midwest,desktop,1,0,0.0
3418,24.0,2.0,12.0,2.0,Southeast,mobile,0,0,0.0
3419,61.0,2.0,8.0,9.0,Southeast,mobile,1,0,0.0
3420,46.0,4.0,9.0,6.0,West,desktop,0,0,0.0
3421,45.0,4.0,12.0,2.0,West,mobile,1,1,28.24
3422,54.0,5.0,2.0,5.0,Southeast,desktop,1,0,0.0
3423,27.0,3.0,12.0,7.0,West,tablet,1,1,27.56
3424,41.0,3.0,2.0,11.0,West,mobile,1,0,0.0
3425,53.0,4.0,2.0,0.0,Northeast,mobile,0,0,0.0
3426,39.0,3.0,0.0,4.0,West,desktop,0,0,0.0
3427,51.0,2.0,1.0,5.0,Southeast,desktop,0,0,0.0
3428,46.0,2.0,9.0,7.0,Southeast,mobile,1,0,0.0
3429,37.0,5.0,1.0,10.0,Southeast,mobile,1,1,25.24
3430,51.0,5.0,10.0,9.0,Southeast,tablet,1,0,0.0
3431,41.0,2.0,1.0,6.0,Midwest,desktop,0,0,0.0
3432,57.0,1.0,3.0,0.0,Southeast,desktop,0,0,0.0
3433,24.0,5.0,5.0,2.0,West,mobile,1,1,26.15
3434,57.0,1.0,12.0,9.0,nan,mobile,1,0,0.0
3435,54.0,2.0,2.0,5.0,West,desktop,0,1,20.86
3436,52.0,1.0,5.0,8.0,Midwest,mobile,0,0,0.0
3437,33.0,4.0,1.0,8.0,West,mobile,0,0,0.0
3438,64.0,1.0,3.0,10.0,nan,mobile,0,0,0.0
3439,50.0,2.0,8.0,3.0,Midwest,tablet,0,0,0.0
3440,45.0,4.0,11.0,11.0,Northeast,desktop,0,0,0.0
3441,32.0,1.0,7.0,8.0,Southeast,desktop,1,0,0.0
3442,41.0,5.0,9.0,6.0,Southeast,mobile,0,1,28.41
3443,41.0,4.0,5.0,1.0,nan,mobile,1,0,0.0
3444,36.0,4.0,2.0,8.0,West,desktop,0,1,21.0
3445,35.0,3.0,9.0,11.0,Midwest,tablet,0,1,21.39
3446,27.0,2.0,12.0,11.0,Southeast,desktop,0,0,0.0
3447,53.0,3.0,9.0,3.0,nan,mobile,1,0,0.0
3448,31.0,5.0,1.0,10.0,West,desktop,1,1,21.22
3449,42.0,3.0,14.0,11.0,Northeast,mobile,1,0,0.0
3450,35.0,2.0,2.0,6.0,Midwest,mobile,0,0,0.0
3451,64.0,2.0,8.0,0.0,Southeast,desktop,0,0,0.0
3452,43.0,3.0,11.0,1.0,nan,desktop,1,0,0.0
3453,34.0,5.0,14.0,8.0,Midwest,mobile,0,1,23.84
3454,64.0,3.0,8.0,4.0,Northeast,desktop,0,0,0.0
3455,57.0,4.0,13.0,6.0,Southeast,tablet,1,0,0.0
3456,55.0,3.0,6.0,10.0,Midwest,desktop,1,0,0.0
3457,28.0,3.0,1.0,7.0,Midwest,desktop,1,0,0.0
3458,60.0,1.0,2.0,0.0,Southeast,mobile,0,0,0.0
3459,29.0,2.0,13.0,5.0,West,tablet,0,1,26.6
3460,29.0,5.0,1.0,10.0,Southeast,desktop,1,0,0.0
3461,37.0,5.0,13.0,9.0,nan,tablet,1,0,0.0
3462,23.0,2.0,6.0,7.0,West,tablet,0,0,0.0
3463,23.0,3.0,14.0,5.0,Midwest,mobile,1,0,0.0
3464,22.0,4.0,14.0,9.0,Southeast,tablet,1,0,0.0
3465,35.0,5.0,1.0,6.0,Northeast,mobile,1,1,24.82
3466,43.0,1.0,9.0,4.0,Northeast,desktop,1,0,0.0
3467,26.0,2.0,0.0,1.0,West,desktop,0,0,0.0
3468,27.0,3.0,4.0,3.0,nan,tablet,1,0,0.0
3469,44.0,3.0,14.0,9.0,Midwest,desktop,1,0,0.0
3470,30.0,4.0,14.0,11.0,nan,desktop,1,0,0.0
3471,42.0,2.0,2.0,7.0,nan,tablet,0,0,0.0
3472,29.0,4.0,14.0,7.0,Midwest,tablet,1,0,0.0
3473,53.0,5.0,2.0,7.0,Southeast,desktop,1,1,25.62
3474,52.0,2.0,5.0,8.0,West,desktop,0,0,0.0
3475,62.0,3.0,7.0,7.0,Northeast,mobile,0,0,0.0
3476,62.0,4.0,3.0,11.0,nan,mobile,1,0,0.0
3477,53.0,5.0,0.0,10.0,Northeast,tablet,0,0,0.0
3478,27.0,4.0,2.0,5.0,Southeast,mobile,1,1,30.28
3479,45.0,3.0,0.0,3.0,Northeast,tablet,0,0,0.0
3480,26.0,1.0,8.0,0.0,Southeast,desktop,0,0,0.0
3481,51.0,1.0,9.0,7.0,Midwest,mobile,1,1,24.84
3482,36.0,1.0,4.0,2.0,Southeast,tablet,1,0,0.0
3483,42.0,3.0,12.0,2.0,West,mobile,0,0,0.0
3484,49.0,3.0,11.0,7.0,Southeast,mobile,1,0,0.0
3485,39.0,2.0,5.0,8.0,Midwest,mobile,1,0,0.0
3486,37.0,3.0,5.0,9.0,West,mobile,0,0,0.0
3487,41.0,4.0,5.0,4.0,nan,desktop,0,1,22.29
3488,33.0,1.0,9.0,6.0,nan,mobile,1,0,0.0
3489,31.0,2.0,12.0,5.0,Southeast,tablet,1,0,0.0
3490,26.0,4.0,3.0,7.0,Midwest,desktop,1,0,0.0
3491,24.0,2.0,4.0,4.0,Northeast,mobile,0,0,0.0
3492,41.0,3.0,7.0,8.0,Southeast,tablet,0,0,0.0
3493,49.0,4.0,3.0,2.0,Southeast,tablet,0,0,0.0
3494,23.0,2.0,9.0,0.0,nan,desktop,1,0,0.0
3495,42.0,1.0,1.0,5.0,West,tablet,0,0,0.0
3496,49.0,2.0,14.0,5.0,nan,mobile,0,0,0.0
3497,58.0,4.0,4.0,6.0,Southeast,mobile,0,0,0.0
3498,57.0,2.0,4.0,10.0,nan,mobile,1,1,25.82
3499,45.0,5.0,4.0,3.0,West,mobile,0,1,26.05
3500,63.0,1.0,11.0,0.0,Northeast,mobile,0,0,0.0
3501,60.0,3.0,2.0,3.0,Southeast,mobile,0,0,0.0
3502,35.0,5.0,9.0,8.0,West,mobile,0,0,0.0
3503,41.0,4.0,10.0,11.0,Southeast,mobile,1,0,0.0
3504,57.0,1.0,11.0,6.0,Southeast,desktop,1,0,0.0
3505,52.0,2.0,7.0,3.0,nan,mobile,0,0,0.0
3506,43.0,1.0,9.0,8.0,Midwest,mobile,0,1,19.7
3507,43.0,5.0,6.0,3.0,Southeast,mobile,1,1,26.59
3508,33.0,4.0,1.0,10.0,Southeast,mobile,1,0,0.0
3509,44.0,2.0,0.0,1.0,West,mobile,0,0,0.0
3510,26.0,3.0,3.0,10.0,West,mobile,1,1,22.91
3511,56.0,3.0,10.0,7.0,nan,desktop,0,0,0.0
3512,41.0,5.0,10.0,9.0,West,desktop,1,1,33.66
3513,39.0,1.0,8.0,7.0,nan,mobile,0,0,0.0
3514,59.0,3.0,11.0,5.0,Midwest,desktop,0,0,0.0
3515,64.0,4.0,12.0,8.0,Midwest,desktop,1,0,0.0
3516,62.0,5.0,9.0,2.0,West,mobile,0,1,24.62
3517,58.0,2.0,7.0,3.0,Northeast,desktop,0,0,0.0
3518,41.0,2.0,2.0,8.0,West,mobile,0,1,22.22
3519,54.0,4.0,1.0,0.0,Midwest,mobile,0,0,0.0
3520,55.0,3.0,1.0,9.0,Northeast,mobile,0,1,21.6
3521,50.0,5.0,1.0,1.0,Southeast,mobile,0,0,0.0
3522,31.0,2.0,11.0,1.0,West,mobile,0,0,0.0
3523,32.0,2.0,10.0,1.0,nan,desktop,1,0,0.0
3524,53.0,3.0,9.0,8.0,Midwest,desktop,1,1,30.07
3525,22.0,3.0,7.0,0.0,Midwest,mobile,1,0,0.0
3526,22.0,1.0,8.0,8.0,nan,mobile,0,0,0.0
3527,51.0,1.0,3.0,9.0,Northeast,tablet,0,0,0.0
3528,39.0,3.0,0.0,6.0,Northeast,mobile,0,0,0.0
3529,61.0,1.0,12.0,1.0,Southeast,mobile,0,0,0.0
3530,55.0,3.0,9.0,10.0,Northeast,desktop,1,1,24.57
3531,32.0,1.0,14.0,2.0,Midwest,tablet,1,0,0.0
3532,37.0,1.0,11.0,10.0,Southeast,desktop,0,1,27.6
3533,33.0,3.0,5.0,7.0,Northeast,desktop,0,0,0.0
3534,26.0,1.0,6.0,2.0,Northeast,tablet,0,0,0.0
3535,34.0,4.0,5.0,1.0,Southeast,mobile,1,1,23.22
3536,63.0,3.0,0.0,2.0,Midwest,desktop,1,0,0.0
3537,64.0,1.0,3.0,6.0,Northeast,mobile,0,1,18.89
3538,34.0,4.0,4.0,1.0,West,desktop,0,0,0.0
3539,44.0,2.0,13.0,5.0,West,desktop,1,1,28.75
3540,23.0,4.0,2.0,11.0,West,tablet,0,1,30.43
3541,29.0,5.0,0.0,11.0,Midwest,desktop,0,0,0.0
3542,39.0,4.0,9.0,1.0,Midwest,desktop,1,0,0.0
3543,40.0,2.0,4.0,7.0,West,mobile,1,0,0.0
3544,51.0,3.0,1.0,6.0,Southeast,mobile,1,1,23.76
3545,36.0,2.0,5.0,5.0,Northeast,mobile,0,0,0.0
3546,38.0,2.0,0.0,1.0,Midwest,mobile,0,0,0.0
3547,54.0,5.0,6.0,4.0,nan,desktop,1,0,0.0
3548,60.0,4.0,12.0,7.0,Midwest,mobile,0,0,0.0
3549,50.0,3.0,8.0,7.0,Southeast,mobile,1,0,0.0
3550,31.0,2.0,13.0,5.0,Northeast,desktop,1,1,30.13
3551,41.0,3.0,14.0,11.0,Northeast,mobile,1,0,0.0
3552,46.0,4.0,12.0,2.0,nan,desktop,0,1,25.9
3553,33.0,4.0,11.0,6.0,Southeast,desktop,1,0,0.0
3554,26.0,1.0,8.0,8.0,nan,mobile,1,0,0.0
3555,58.0,5.0,1.0,2.0,nan,mobile,0,0,0.0
3556,27.0,3.0,5.0,5.0,Midwest,desktop,0,0,0.0
3557,26.0,2.0,13.0,1.0,Midwest,mobile,1,0,0.0
3558,30.0,4.0,1.0,5.0,Southeast,mobile,0,0,0.0
3559,22.0,3.0,11.0,7.0,West,desktop,0,0,0.0
3560,31.0,2.0,5.0,11.0,Northeast,desktop,0,1,23.73
3561,26.0,5.0,13.0,0.0,Southeast,desktop,1,0,0.0
3562,50.0,5.0,2.0,3.0,Southeast,desktop,1,1,26.98
3563,60.0,5.0,6.0,3.0,Southeast,mobile,0,0,0.0
3564,58.0,1.0,12.0,11.0,Northeast,desktop,0,0,0.0
3565,46.0,5.0,6.0,10.0,Midwest,mobile,1,1,22.92
3566,59.0,2.0,12.0,10.0,Northeast,mobile,1,1,28.69
3567,39.0,2.0,5.0,10.0,West,mobile,1,0,0.0
3568,49.0,4.0,7.0,1.0,Midwest,mobile,0,0,0.0
3569,36.0,3.0,10.0,2.0,West,desktop,0,1,18.99
3570,39.0,5.0,4.0,4.0,Northeast,desktop,1,0,0.0
3571,27.0,4.0,12.0,8.0,Midwest,desktop,1,0,0.0
3572,33.0,1.0,10.0,3.0,Northeast,mobile,1,0,0.0
3573,25.0,1.0,13.0,9.0,Midwest,mobile,1,0,0.0
3574,34.0,1.0,9.0,8.0,Midwest,desktop,1,0,0.0
3575,51.0,2.0,12.0,8.0,West,mobile,1,1,30.14
3576,41.0,3.0,8.0,3.0,Northeast,mobile,1,0,0.0
3577,59.0,5.0,6.0,6.0,nan,mobile,1,0,0.0
3578,49.0,2.0,13.0,3.0,Midwest,mobile,0,0,0.0
3579,64.0,1.0,6.0,7.0,West,mobile,0,0,0.0
3580,45.0,3.0,4.0,8.0,Southeast,mobile,1,0,0.0
3581,50.0,3.0,12.0,5.0,West,tablet,0,1,23.65
3582,54.0,5.0,4.0,9.0,nan,desktop,0,1,22.4
3583,29.0,1.0,0.0,3.0,nan,mobile,0,0,0.0
3584,27.0,2.0,0.0,8.0,West,mobile,1,0,0.0
3585,41.0,4.0,10.0,2.0,Midwest,mobile,0,0,0.0
3586,26.0,1.0,3.0,5.0,Northeast,tablet,1,0,0.0
3587,63.0,3.0,5.0,10.0,Southeast,mobile,1,0,0.0
3588,64.0,4.0,7.0,8.0,West,tablet,0,1,21.7
3589,30.0,1.0,5.0,5.0,Southeast,tablet,0,0,0.0
3590,35.0,3.0,12.0,7.0,Southeast,mobile,1,0,0.0
3591,31.0,5.0,12.0,7.0,Southeast,tablet,1,0,0.0
3592,63.0,3.0,2.0,10.0,Southeast,mobile,0,0,0.0
3593,56.0,1.0,0.0,3.0,Midwest,mobile,0,0,0.0
3594,34.0,4.0,7.0,8.0,West,tablet,1,1,24.96
3595,53.0,1.0,12.0,11.0,Southeast,desktop,0,0,0.0
3596,24.0,5.0,4.0,7.0,Southeast,desktop,0,0,0.0
3597,28.0,5.0,5.0,8.0,West,mobile,1,0,0.0
3598,43.0,1.0,11.0,7.0,Northeast,mobile,0,0,0.0
3599,35.0,2.0,6.0,11.0,West,desktop,1,1,30.21
3600,30.0,5.0,9.0,3.0,Midwest,mobile,1,0,0.0
3601,44.0,4.0,13.0,11.0,Midwest,tablet,1,0,0.0
3602,60.0,3.0,0.0,7.0,nan,desktop,0,0,0.0
3603,44.0,4.0,0.0,7.0,Northeast,mobile,0,0,0.0
3604,40.0,5.0,2.0,11.0,West,desktop,0,0,0.0
3605,26.0,4.0,7.0,0.0,Midwest,mobile,1,0,0.0
3606,40.0,3.0,11.0,11.0,West,desktop,0,0,0.0
3607,58.0,2.0,1.0,11.0,Midwest,desktop,1,0,0.0
3608,38.0,5.0,10.0,1.0,Northeast,mobile,0,0,0.0
3609,58.0,3.0,1.0,7.0,Midwest,mobile,1,1,23.68
3610,26.0,5.0,1.0,4.0,nan,desktop,1,0,0.0
3611,48.0,5.0,13.0,2.0,Northeast,desktop,0,0,0.0
3612,48.0,2.0,4.0,2.0,nan,mobile,0,0,0.0
3613,34.0,4.0,6.0,0.0,West,mobile,0,0,0.0
3614,28.0,4.0,4.0,9.0,West,mobile,0,0,0.0
3615,52.0,2.0,5.0,3.0,West,desktop,1,0,0.0
3616,49.0,3.0,7.0,6.0,Northeast,mobile,0,1,29.02
3617,39.0,5.0,3.0,4.0,Southeast,mobile,1,1,25.7
3618,39.0,3.0,0.0,10.0,Midwest,mobile,0,0,0.0
3619,61.0,4.0,10.0,1.0,West,tablet,1,0,0.0
3620,58.0,1.0,7.0,1.0,Southeast,mobile,0,0,0.0
3621,38.0,2.0,8.0,8.0,nan,mobile,0,0,0.0
3622,44.0,1.0,2.0,7.0,Northeast,mobile,1,0,0.0
3623,39.0,2.0,10.0,6.0,Midwest,mobile,1,1,24.7
3624,60.0,2.0,11.0,5.0,West,desktop,0,0,0.0
3625,42.0,1.0,7.0,6.0,Midwest,mobile,1,0,0.0
3626,23.0,3.0,8.0,7.0,Northeast,desktop,0,0,0.0
3627,26.0,3.0,5.0,11.0,Midwest,desktop,0,0,0.0
3628,53.0,3.0,11.0,9.0,Northeast,tablet,1,1,29.01
3629,23.0,2.0,13.0,10.0,Midwest,mobile,1,0,0.0
3630,46.0,3.0,9.0,10.0,Southeast,mobile,0,0,0.0
3631,45.0,3.0,1.0,2.0,West,mobile,0,0,0.0
3632,29.0,1.0,13.0,0.0,Northeast,mobile,0,1,26.4
3633,50.0,3.0,8.0,6.0,Midwest,mobile,1,0,0.0
3634,26.0,5.0,14.0,10.0,nan,mobile,1,0,0.0
3635,61.0,4.0,10.0,4.0,West,mobile,1,0,0.0
3636,53.0,4.0,9.0,11.0,Northeast,desktop,1,1,22.58
3637,28.0,2.0,4.0,3.0,West,mobile,0,0,0.0
3638,38.0,5.0,9.0,9.0,Southeast,desktop,0,1,24.18
3639,60.0,3.0,3.0,1.0,Midwest,desktop,0,0,0.0
3640,25.0,5.0,5.0,2.0,Midwest,mobile,0,0,0.0
3641,34.0,1.0,9.0,10.0,Northeast,mobile,0,0,0.0
3642,51.0,5.0,14.0,3.0,West,mobile,1,0,0.0
3643,43.0,2.0,8.0,11.0,West,desktop,0,0,0.0
3644,34.0,4.0,12.0,1.0,West,desktop,1,0,0.0
3645,28.0,1.0,6.0,10.0,West,mobile,0,0,0.0
3646,34.0,3.0,3.0,11.0,Southeast,mobile,0,0,0.0
3647,41.0,4.0,1.0,11.0,Southeast,desktop,0,0,0.0
3648,25.0,4.0,3.0,4.0,Southeast,mobile,0,0,0.0
3649,47.0,2.0,1.0,5.0,Southeast,desktop,0,0,0.0
3650,40.0,2.0,11.0,10.0,Southeast,mobile,0,0,0.0
3651,33.0,2.0,1.0,1.0,Southeast,mobile,0,0,0.0
3652,61.0,5.0,5.0,9.0,nan,mobile,1,1,20.8
3653,58.0,2.0,13.0,1.0,Northeast,mobile,1,0,0.0
3654,58.0,4.0,12.0,4.0,West,desktop,1,0,0.0
3655,62.0,1.0,12.0,9.0,Southeast,tablet,1,0,0.0
3656,36.0,3.0,13.0,3.0,West,desktop,1,0,0.0
3657,37.0,4.0,7.0,1.0,Southeast,mobile,1,0,0.0
3658,35.0,3.0,1.0,5.0,nan,desktop,0,0,0.0
3659,32.0,5.0,3.0,7.0,Northeast,mobile,1,1,23.17
3660,59.0,4.0,7.0,4.0,Southeast,mobile,1,0,0.0
3661,36.0,2.0,2.0,7.0,nan,mobile,1,0,0.0
3662,53.0,4.0,13.0,6.0,Southeast,desktop,1,0,0.0
3663,63.0,2.0,6.0,8.0,Southeast,tablet,1,0,0.0
3664,30.0,1.0,8.0,0.0,Southeast,desktop,0,0,0.0
3665,35.0,5.0,1.0,2.0,Northeast,mobile,0,0,0.0
3666,60.0,3.0,2.0,7.0,Southeast,desktop,0,0,0.0
3667,39.0,3.0,11.0,4.0,Southeast,mobile,1,0,0.0
3668,61.0,5.0,11.0,10.0,Southeast,mobile,1,0,0.0
3669,46.0,4.0,9.0,3.0,Northeast,mobile,0,0,0.0
3670,36.0,4.0,3.0,2.0,Midwest,tablet,0,0,0.0
3671,41.0,5.0,6.0,0.0,West,mobile,0,1,21.0
3672,60.0,1.0,7.0,4.0,West,tablet,0,1,19.55
3673,23.0,1.0,3.0,0.0,Northeast,desktop,0,0,0.0
3674,50.0,3.0,14.0,10.0,West,desktop,1,0,0.0
3675,58.0,1.0,6.0,6.0,nan,mobile,0,1,22.25
3676,59.0,3.0,13.0,8.0,nan,mobile,0,0,0.0
3677,45.0,3.0,7.0,7.0,nan,mobile,0,0,0.0
3678,38.0,5.0,9.0,0.0,Northeast,desktop,1,0,0.0
3679,64.0,1.0,14.0,6.0,nan,mobile,1,0,0.0
3680,39.0,5.0,2.0,4.0,Southeast,mobile,0,0,0.0
3681,38.0,2.0,8.0,9.0,Northeast,desktop,1,0,0.0
3682,43.0,1.0,5.0,1.0,Southeast,mobile,0,0,0.0
3683,42.0,5.0,2.0,5.0,Southeast,desktop,1,0,0.0
3684,33.0,2.0,3.0,2.0,West,desktop,0,0,0.0
3685,39.0,2.0,2.0,4.0,nan,mobile,0,0,0.0
3686,45.0,1.0,10.0,9.0,West,mobile,0,1,22.87
3687,27.0,3.0,9.0,1.0,West,desktop,1,1,31.05
3688,43.0,1.0,11.0,1.0,Northeast,mobile,0,0,0.0
3689,53.0,4.0,12.0,9.0,West,desktop,1,1,28.61
3690,30.0,3.0,9.0,3.0,Southeast,desktop,1,0,0.0
3691,32.0,2.0,4.0,0.0,Southeast,desktop,0,0,0.0
3692,60.0,4.0,9.0,1.0,Midwest,mobile,1,0,0.0
3693,60.0,1.0,9.0,1.0,nan,mobile,0,1,20.15
3694,26.0,5.0,4.0,9.0,Northeast,desktop,1,0,0.0
3695,24.0,4.0,13.0,9.0,nan,desktop,0,0,0.0
3696,59.0,1.0,6.0,4.0,Midwest,mobile,0,0,0.0
3697,64.0,5.0,7.0,6.0,Northeast,mobile,1,0,0.0
3698,45.0,2.0,14.0,5.0,West,mobile,1,1,23.86
3699,58.0,5.0,6.0,4.0,West,desktop,1,0,0.0
3700,42.0,4.0,13.0,1.0,nan,desktop,1,1,30.96
3701,35.0,5.0,5.0,1.0,Southeast,desktop,0,0,0.0
3702,58.0,3.0,10.0,10.0,Northeast,mobile,0,1,22.77
3703,43.0,4.0,14.0,2.0,Midwest,desktop,1,1,27.38
3704,41.0,2.0,13.0,10.0,Southeast,mobile,0,0,0.0
3705,47.0,4.0,2.0,9.0,Midwest,mobile,0,0,0.0
3706,35.0,1.0,10.0,9.0,Midwest,mobile,0,0,0.0
3707,33.0,1.0,3.0,2.0,Southeast,desktop,0,0,0.0
3708,28.0,4.0,9.0,9.0,nan,desktop,1,0,0.0
3709,26.0,1.0,11.0,6.0,Northeast,desktop,0,0,0.0
3710,51.0,2.0,11.0,11.0,Northeast,mobile,0,0,0.0
3711,41.0,3.0,12.0,11.0,Southeast,mobile,0,0,0.0
3712,57.0,4.0,3.0,6.0,Midwest,mobile,0,0,0.0
3713,46.0,3.0,2.0,6.0,Midwest,desktop,0,0,0.0
3714,43.0,5.0,14.0,10.0,West,mobile,0,1,28.06
3715,63.0,4.0,9.0,6.0,Northeast,mobile,1,1,29.04
3716,34.0,2.0,6.0,10.0,nan,mobile,0,1,18.83
3717,58.0,4.0,6.0,10.0,Northeast,mobile,0,0,0.0
3718,62.0,4.0,0.0,5.0,West,mobile,0,0,0.0
3719,46.0,5.0,14.0,11.0,Midwest,mobile,1,0,0.0
3720,49.0,5.0,2.0,2.0,Southeast,mobile,0,0,0.0
3721,58.0,4.0,10.0,4.0,Southeast,mobile,0,0,0.0
3722,45.0,4.0,9.0,6.0,Midwest,tablet,1,1,29.53
3723,41.0,3.0,14.0,9.0,Northeast,mobile,1,1,33.33
3724,56.0,2.0,9.0,9.0,Southeast,mobile,1,0,0.0
3725,60.0,5.0,13.0,1.0,Midwest,desktop,1,1,29.24
3726,36.0,2.0,8.0,8.0,Midwest,mobile,0,0,0.0
3727,41.0,5.0,7.0,2.0,Midwest,mobile,0,0,0.0
3728,53.0,4.0,7.0,8.0,nan,desktop,1,0,0.0
3729,51.0,4.0,13.0,10.0,nan,desktop,1,1,31.04
3730,37.0,2.0,9.0,2.0,West,desktop,0,0,0.0
3731,53.0,4.0,13.0,4.0,nan,mobile,1,1,29.42
3732,33.0,5.0,10.0,1.0,Southeast,desktop,1,1,24.31
3733,27.0,3.0,8.0,1.0,Southeast,mobile,1,0,0.0
3734,32.0,5.0,3.0,3.0,Midwest,desktop,1,1,24.91
3735,63.0,3.0,9.0,2.0,West,desktop,0,0,0.0
3736,59.0,5.0,3.0,6.0,West,mobile,0,0,0.0
3737,27.0,3.0,11.0,2.0,West,desktop,1,0,0.0
3738,56.0,5.0,0.0,2.0,Northeast,desktop,0,0,0.0
3739,37.0,1.0,6.0,11.0,Northeast,desktop,1,1,21.9
3740,30.0,5.0,9.0,2.0,Southeast,desktop,1,0,0.0
3741,33.0,4.0,5.0,8.0,Midwest,desktop,0,0,0.0
3742,25.0,5.0,5.0,11.0,Southeast,desktop,1,0,0.0
3743,30.0,5.0,0.0,11.0,West,desktop,1,1,25.53
3744,28.0,3.0,14.0,9.0,West,mobile,1,0,0.0
3745,28.0,4.0,0.0,10.0,Southeast,mobile,0,0,0.0
3746,35.0,2.0,5.0,4.0,West,tablet,1,0,0.0
3747,60.0,5.0,13.0,11.0,Southeast,mobile,1,1,30.73
3748,48.0,1.0,8.0,1.0,Northeast,mobile,1,0,0.0
3749,29.0,1.0,7.0,4.0,West,desktop,0,0,0.0
3750,50.0,2.0,5.0,1.0,West,mobile,0,0,0.0
3751,62.0,3.0,0.0,7.0,West,mobile,0,0,0.0
3752,26.0,2.0,5.0,4.0,Northeast,tablet,0,0,0.0
3753,32.0,5.0,8.0,9.0,Midwest,mobile,1,1,26.12
3754,41.0,5.0,5.0,2.0,West,mobile,0,1,23.42
3755,28.0,2.0,7.0,3.0,Northeast,desktop,1,0,0.0
3756,44.0,5.0,9.0,0.0,nan,desktop,0,0,0.0
3757,48.0,2.0,6.0,2.0,Northeast,mobile,0,0,0.0
3758,33.0,3.0,5.0,9.0,Northeast,mobile,0,0,0.0
3759,32.0,5.0,12.0,2.0,West,desktop,1,0,0.0
3760,53.0,5.0,2.0,3.0,Midwest,mobile,1,0,0.0
3761,45.0,2.0,7.0,1.0,West,mobile,0,0,0.0
3762,47.0,4.0,2.0,10.0,Midwest,mobile,1,0,0.0
3763,24.0,5.0,2.0,5.0,West,tablet,0,0,0.0
3764,53.0,3.0,7.0,11.0,nan,desktop,0,1,29.02
3765,46.0,2.0,0.0,2.0,West,mobile,0,0,0.0
3766,52.0,5.0,6.0,5.0,Midwest,tablet,0,0,0.0
3767,36.0,2.0,4.0,8.0,Southeast,mobile,0,0,0.0
3768,60.0,5.0,13.0,3.0,West,mobile,1,0,0.0
3769,22.0,3.0,3.0,9.0,West,mobile,1,0,0.0
3770,50.0,4.0,0.0,7.0,West,desktop,0,1,24.95
3771,24.0,5.0,1.0,9.0,Northeast,mobile,1,0,0.0
3772,56.0,3.0,3.0,11.0,West,mobile,0,0,0.0
3773,57.0,2.0,0.0,9.0,Northeast,mobile,0,0,0.0
3774,43.0,2.0,10.0,9.0,Midwest,desktop,0,0,0.0
3775,45.0,1.0,0.0,5.0,West,mobile,0,0,0.0
3776,32.0,3.0,10.0,1.0,nan,mobile,1,0,0.0
3777,22.0,2.0,3.0,3.0,Northeast,mobile,0,0,0.0
3778,25.0,4.0,1.0,9.0,Southeast,mobile,1,1,22.87
3779,31.0,4.0,5.0,1.0,Northeast,mobile,0,1,22.52
3780,43.0,5.0,3.0,6.0,West,tablet,0,0,0.0
3781,30.0,1.0,7.0,9.0,Northeast,desktop,0,0,0.0
3782,56.0,4.0,3.0,5.0,Northeast,desktop,1,0,0.0
3783,52.0,2.0,13.0,7.0,Northeast,mobile,0,0,0.0
3784,47.0,4.0,14.0,2.0,West,mobile,1,1,30.27
3785,50.0,5.0,5.0,9.0,Northeast,mobile,0,1,24.35
3786,23.0,2.0,13.0,6.0,Midwest,mobile,0,0,0.0
3787,33.0,5.0,14.0,3.0,Northeast,mobile,1,0,0.0
3788,32.0,3.0,14.0,8.0,West,mobile,1,0,0.0
3789,22.0,4.0,4.0,9.0,Northeast,desktop,1,1,23.97
3790,40.0,4.0,2.0,4.0,Southeast,desktop,0,0,0.0
3791,38.0,4.0,9.0,8.0,nan,mobile,1,1,29.17
3792,39.0,5.0,10.0,11.0,Northeast,mobile,1,1,26.7
3793,50.0,1.0,7.0,9.0,Northeast,desktop,0,0,0.0
3794,51.0,3.0,7.0,2.0,West,tablet,1,0,0.0
3795,36.0,4.0,5.0,4.0,Northeast,tablet,1,0,0.0
3796,29.0,1.0,11.0,0.0,Southeast,mobile,0,1,24.74
3797,38.0,3.0,12.0,9.0,Northeast,mobile,0,1,21.23
3798,37.0,5.0,3.0,6.0,Midwest,mobile,1,0,0.0
3799,25.0,2.0,13.0,2.0,Southeast,tablet,0,0,0.0
3800,45.0,1.0,0.0,2.0,West,mobile,0,0,0.0
3801,38.0,2.0,10.0,0.0,Northeast,desktop,1,0,0.0
3802,64.0,3.0,1.0,7.0,nan,mobile,0,0,0.0
3803,27.0,1.0,2.0,3.0,Northeast,mobile,0,0,0.0
3804,61.0,3.0,7.0,5.0,Southeast,mobile,0,0,0.0
3805,36.0,4.0,3.0,2.0,Northeast,desktop,1,0,0.0
3806,38.0,5.0,14.0,4.0,West,mobile,1,1,31.31
3807,33.0,4.0,11.0,4.0,Southeast,mobile,1,0,0.0
3808,36.0,1.0,0.0,5.0,Northeast,mobile,0,0,0.0
3809,24.0,5.0,4.0,4.0,Midwest,tablet,1,0,0.0
3810,62.0,4.0,8.0,1.0,Southeast,tablet,0,0,0.0
3811,36.0,5.0,2.0,10.0,West,mobile,1,0,0.0
3812,59.0,2.0,2.0,3.0,Midwest,desktop,0,0,0.0
3813,55.0,1.0,0.0,0.0,Northeast,desktop,0,0,0.0
3814,52.0,3.0,1.0,5.0,nan,tablet,1,1,16.17
3815,38.0,2.0,14.0,3.0,Southeast,desktop,0,0,0.0
3816,48.0,3.0,9.0,9.0,Northeast,mobile,0,0,0.0
3817,37.0,5.0,4.0,4.0,Midwest,tablet,1,0,0.0
3818,53.0,2.0,5.0,10.0,West,mobile,0,1,21.04
3819,57.0,2.0,7.0,3.0,Midwest,mobile,1,1,23.49
3820,52.0,5.0,11.0,3.0,West,mobile,1,0,0.0
3821,39.0,5.0,4.0,1.0,Northeast,tablet,1,1,28.63
3822,57.0,4.0,5.0,1.0,Southeast,desktop,1,0,0.0
3823,22.0,1.0,7.0,3.0,West,desktop,1,0,0.0
3824,53.0,5.0,1.0,4.0,West,mobile,0,0,0.0
3825,58.0,1.0,3.0,3.0,Northeast,desktop,0,0,0.0
3826,49.0,5.0,10.0,4.0,West,mobile,1,0,0.0
3827,42.0,4.0,12.0,0.0,West,mobile,0,0,0.0
3828,62.0,3.0,9.0,5.0,Northeast,tablet,0,0,0.0
3829,23.0,1.0,13.0,1.0,Northeast,mobile,0,0,0.0
3830,62.0,1.0,13.0,7.0,Midwest,tablet,0,0,0.0
3831,33.0,1.0,9.0,2.0,Midwest,mobile,0,0,0.0
3832,39.0,2.0,10.0,5.0,Midwest,desktop,0,0,0.0
3833,33.0,3.0,4.0,5.0,nan,mobile,0,0,0.0
3834,64.0,2.0,0.0,3.0,Northeast,mobile,0,0,0.0
3835,38.0,4.0,4.0,1.0,West,mobile,0,0,0.0
3836,38.0,1.0,12.0,0.0,West,mobile,0,1,23.95
3837,48.0,4.0,11.0,11.0,Southeast,tablet,0,1,25.52
3838,32.0,1.0,8.0,9.0,West,desktop,0,0,0.0
3839,36.0,3.0,8.0,0.0,Midwest,tablet,0,0,0.0
3840,30.0,1.0,0.0,8.0,Southeast,mobile,0,0,0.0
3841,53.0,5.0,2.0,5.0,Midwest,desktop,1,0,0.0
3842,27.0,3.0,12.0,10.0,Northeast,mobile,1,1,23.69
3843,50.0,2.0,13.0,4.0,West,mobile,0,0,0.0
3844,37.0,1.0,11.0,2.0,Northeast,tablet,1,1,18.71
3845,26.0,2.0,3.0,9.0,Southeast,mobile,0,0,0.0
3846,63.0,2.0,14.0,10.0,Midwest,desktop,1,1,26.68
3847,36.0,1.0,7.0,0.0,Midwest,tablet,0,0,0.0
3848,35.0,3.0,7.0,10.0,Midwest,mobile,0,0,0.0
3849,25.0,1.0,6.0,4.0,West,tablet,0,0,0.0
3850,61.0,1.0,11.0,10.0,nan,mobile,0,0,0.0
3851,61.0,1.0,10.0,7.0,Midwest,desktop,0,0,0.0
3852,26.0,1.0,10.0,0.0,West,desktop,0,0,0.0
3853,34.0,5.0,0.0,11.0,Northeast,desktop,0,0,0.0
3854,28.0,4.0,7.0,4.0,West,tablet,1,0,0.0
3855,52.0,4.0,2.0,1.0,Southeast,tablet,0,0,0.0
3856,29.0,5.0,2.0,11.0,Midwest,mobile,1,1,27.33
3857,38.0,3.0,10.0,4.0,nan,desktop,1,0,0.0
3858,45.0,2.0,6.0,6.0,West,mobile,0,0,0.0
3859,63.0,3.0,13.0,5.0,Midwest,mobile,1,0,0.0
3860,64.0,3.0,2.0,9.0,Midwest,mobile,0,0,0.0
3861,40.0,1.0,14.0,3.0,Northeast,mobile,1,1,20.45
3862,30.0,2.0,4.0,3.0,West,mobile,0,0,0.0
3863,46.0,3.0,9.0,11.0,Midwest,mobile,0,0,0.0
3864,36.0,3.0,13.0,5.0,Midwest,mobile,1,0,0.0
3865,41.0,2.0,2.0,2.0,Southeast,tablet,0,0,0.0
3866,58.0,1.0,3.0,4.0,West,tablet,0,0,0.0
3867,40.0,2.0,4.0,4.0,Southeast,desktop,1,0,0.0
3868,44.0,3.0,12.0,9.0,Midwest,tablet,1,0,0.0
3869,45.0,2.0,13.0,1.0,Northeast,mobile,1,0,0.0
3870,36.0,3.0,0.0,1.0,West,mobile,0,0,0.0
3871,60.0,2.0,11.0,7.0,Northeast,mobile,1,0,0.0
3872,40.0,2.0,7.0,5.0,Midwest,mobile,0,0,0.0
3873,47.0,5.0,10.0,0.0,West,mobile,1,1,28.64
3874,53.0,5.0,11.0,10.0,Midwest,mobile,1,1,29.41
3875,57.0,4.0,9.0,0.0,West,mobile,0,0,0.0
3876,37.0,3.0,12.0,10.0,nan,mobile,1,0,0.0
3877,23.0,5.0,3.0,7.0,nan,mobile,1,1,26.24
3878,50.0,1.0,0.0,9.0,Northeast,desktop,0,0,0.0
3879,26.0,1.0,7.0,10.0,Midwest,tablet,0,1,22.06
3880,56.0,4.0,11.0,1.0,Southeast,desktop,1,0,0.0
3881,64.0,5.0,3.0,7.0,Northeast,mobile,0,0,0.0
3882,24.0,1.0,13.0,6.0,Southeast,mobile,1,0,0.0
3883,22.0,3.0,1.0,5.0,West,tablet,1,1,24.74
3884,54.0,1.0,2.0,3.0,nan,mobile,0,1,23.92
3885,52.0,5.0,13.0,7.0,West,mobile,1,1,30.79
3886,62.0,2.0,0.0,11.0,Northeast,mobile,1,1,19.67
3887,27.0,5.0,14.0,11.0,Southeast,mobile,1,1,26.09
3888,25.0,4.0,3.0,6.0,nan,mobile,0,0,0.0
3889,37.0,1.0,2.0,5.0,Midwest,mobile,0,0,0.0
3890,25.0,5.0,3.0,10.0,nan,mobile,1,0,0.0
3891,60.0,5.0,12.0,2.0,Southeast,desktop,1,0,0.0
3892,48.0,4.0,2.0,2.0,Southeast,desktop,0,0,0.0
3893,50.0,5.0,9.0,2.0,Midwest,tablet,0,0,0.0
3894,51.0,5.0,8.0,9.0,nan,mobile,1,0,0.0
3895,44.0,3.0,9.0,2.0,Southeast,desktop,0,0,0.0
3896,41.0,3.0,3.0,4.0,Midwest,mobile,1,0,0.0
3897,31.0,5.0,11.0,1.0,West,desktop,1,0,0.0
3898,62.0,1.0,10.0,5.0,Southeast,mobile,0,0,0.0
3899,45.0,3.0,9.0,5.0,Midwest,mobile,1,1,23.97
3900,27.0,3.0,7.0,9.0,nan,mobile,1,1,23.26
3901,29.0,1.0,7.0,0.0,Southeast,tablet,0,0,0.0
3902,27.0,4.0,6.0,2.0,Midwest,mobile,1,1,28.86
3903,60.0,4.0,13.0,8.0,Northeast,desktop,1,0,0.0
3904,22.0,1.0,13.0,1.0,nan,desktop,1,0,0.0
3905,61.0,5.0,3.0,4.0,West,mobile,1,0,0.0
3906,57.0,3.0,8.0,0.0,nan,desktop,0,0,0.0
3907,27.0,1.0,11.0,7.0,West,mobile,1,0,0.0
3908,25.0,1.0,3.0,6.0,West,desktop,0,0,0.0
3909,61.0,2.0,2.0,6.0,Northeast,mobile,0,0,0.0
3910,47.0,2.0,1.0,8.0,Midwest,desktop,0,0,0.0
3911,61.0,3.0,2.0,3.0,Northeast,mobile,0,0,0.0
3912,61.0,3.0,8.0,11.0,Midwest,tablet,0,0,0.0
3913,22.0,4.0,7.0,11.0,nan,mobile,0,0,0.0
3914,24.0,4.0,11.0,9.0,Southeast,tablet,0,1,20.32
3915,56.0,3.0,12.0,10.0,Southeast,mobile,0,0,0.0
3916,27.0,2.0,10.0,7.0,Southeast,mobile,1,1,24.08
3917,57.0,4.0,6.0,11.0,Midwest,desktop,1,0,0.0
3918,59.0,1.0,12.0,6.0,nan,tablet,0,0,0.0
3919,42.0,5.0,13.0,9.0,Midwest,mobile,0,0,0.0
3920,33.0,3.0,11.0,5.0,West,mobile,0,0,0.0
3921,64.0,4.0,9.0,8.0,Southeast,mobile,0,0,0.0
3922,40.0,1.0,7.0,5.0,Southeast,desktop,1,0,0.0
3923,32.0,1.0,4.0,4.0,Southeast,mobile,0,0,0.0
3924,46.0,1.0,3.0,9.0,Northeast,desktop,0,0,0.0
3925,36.0,2.0,13.0,1.0,West,mobile,0,0,0.0
3926,52.0,4.0,12.0,4.0,West,mobile,0,0,0.0
3927,64.0,5.0,13.0,11.0,Northeast,desktop,1,0,0.0
3928,29.0,4.0,6.0,3.0,Midwest,mobile,1,0,0.0
3929,32.0,3.0,11.0,6.0,West,mobile,1,1,30.82
3930,59.0,3.0,2.0,10.0,nan,tablet,1,0,0.0
3931,58.0,1.0,13.0,11.0,Northeast,mobile,0,1,25.15
3932,55.0,1.0,13.0,10.0,Northeast,mobile,0,0,0.0
3933,28.0,5.0,9.0,2.0,Southeast,mobile,1,0,0.0
3934,25.0,5.0,3.0,8.0,Southeast,mobile,0,0,0.0
3935,34.0,5.0,11.0,9.0,Northeast,mobile,1,0,0.0
3936,26.0,5.0,2.0,7.0,nan,mobile,0,0,0.0
3937,42.0,4.0,0.0,9.0,nan,mobile,0,0,0.0
3938,52.0,5.0,2.0,4.0,West,desktop,0,0,0.0
3939,52.0,1.0,6.0,9.0,West,mobile,1,0,0.0
3940,42.0,1.0,3.0,9.0,Midwest,desktop,0,0,0.0
3941,37.0,5.0,10.0,10.0,West,mobile,1,1,26.51
3942,41.0,1.0,4.0,9.0,nan,mobile,0,0,0.0
3943,52.0,2.0,11.0,6.0,nan,mobile,1,0,0.0
3944,31.0,3.0,8.0,6.0,Southeast,mobile,1,0,0.0
3945,22.0,3.0,9.0,7.0,West,mobile,0,0,0.0
3946,52.0,2.0,3.0,4.0,Northeast,tablet,0,0,0.0
3947,49.0,5.0,9.0,11.0,Northeast,mobile,0,1,28.23
3948,26.0,2.0,12.0,1.0,Southeast,desktop,0,0,0.0
3949,47.0,4.0,8.0,11.0,Midwest,desktop,1,0,0.0
3950,38.0,4.0,6.0,6.0,Southeast,mobile,0,0,0.0
3951,61.0,1.0,8.0,3.0,nan,mobile,0,0,0.0
3952,53.0,5.0,7.0,6.0,Midwest,tablet,1,0,0.0
3953,42.0,2.0,0.0,1.0,Midwest,mobile,0,0,0.0
3954,64.0,4.0,10.0,7.0,West,mobile,1,1,31.17
3955,52.0,4.0,7.0,11.0,West,mobile,0,0,0.0
3956,31.0,1.0,0.0,0.0,West,mobile,0,0,0.0
3957,48.0,5.0,13.0,5.0,Southeast,mobile,0,0,0.0
3958,49.0,1.0,4.0,7.0,Southeast,tablet,0,1,18.62
3959,56.0,3.0,11.0,7.0,Southeast,mobile,1,0,0.0
3960,24.0,2.0,10.0,9.0,West,desktop,0,0,0.0
3961,60.0,2.0,8.0,8.0,Southeast,mobile,0,0,0.0
3962,33.0,1.0,5.0,7.0,Northeast,mobile,0,0,0.0
3963,43.0,1.0,13.0,11.0,Midwest,desktop,0,0,0.0
3964,26.0,1.0,1.0,5.0,Northeast,desktop,1,0,0.0
3965,29.0,4.0,2.0,2.0,Midwest,tablet,1,0,0.0
3966,57.0,1.0,7.0,11.0,Midwest,mobile,0,0,0.0
3967,54.0,3.0,0.0,8.0,Southeast,mobile,0,0,0.0
3968,39.0,2.0,3.0,7.0,nan,desktop,1,1,25.16
3969,25.0,1.0,1.0,4.0,Midwest,mobile,0,0,0.0
3970,60.0,1.0,13.0,9.0,Midwest,mobile,1,0,0.0
3971,29.0,5.0,0.0,1.0,West,mobile,1,1,20.87
3972,23.0,5.0,1.0,2.0,West,mobile,1,0,0.0
3973,32.0,4.0,12.0,10.0,Northeast,mobile,0,0,0.0
3974,52.0,3.0,1.0,2.0,Midwest,mobile,0,0,0.0
3975,34.0,2.0,4.0,0.0,nan,mobile,0,1,22.41
3976,44.0,5.0,8.0,11.0,nan,mobile,1,0,0.0
3977,27.0,3.0,1.0,4.0,Northeast,tablet,0,0,0.0
3978,51.0,4.0,3.0,11.0,Southeast,desktop,0,0,0.0
3979,63.0,4.0,13.0,0.0,Southeast,mobile,0,1,23.87
3980,63.0,3.0,12.0,1.0,nan,desktop,1,0,0.0
3981,60.0,2.0,9.0,6.0,nan,desktop,1,0,0.0
3982,63.0,3.0,2.0,11.0,Midwest,mobile,1,0,0.0
3983,58.0,5.0,14.0,5.0,West,desktop,1,0,0.0
3984,57.0,4.0,7.0,8.0,Northeast,tablet,0,0,0.0
3985,54.0,4.0,5.0,0.0,West,mobile,1,0,0.0
3986,31.0,2.0,11.0,3.0,Northeast,tablet,1,0,0.0
3987,29.0,2.0,10.0,6.0,Northeast,mobile,0,0,0.0
3988,54.0,3.0,0.0,2.0,Southeast,mobile,0,0,0.0
3989,34.0,1.0,9.0,2.0,nan,mobile,0,0,0.0
3990,63.0,1.0,14.0,7.0,Northeast,mobile,0,0,0.0
3991,50.0,3.0,10.0,2.0,Southeast,mobile,0,0,0.0
3992,36.0,4.0,11.0,1.0,West,tablet,0,0,0.0
3993,44.0,2.0,10.0,2.0,Southeast,desktop,1,0,0.0
3994,37.0,2.0,5.0,8.0,Northeast,tablet,0,0,0.0
3995,31.0,4.0,3.0,7.0,Midwest,desktop,1,0,0.0
3996,42.0,1.0,7.0,9.0,Northeast,desktop,0,0,0.0
3997,47.0,1.0,4.0,0.0,Southeast,mobile,0,1,23.85
3998,51.0,4.0,2.0,6.0,nan,tablet,0,0,0.0
3999,37.0,3.0,9.0,11.0,Midwest,desktop,0,0,0.0
4000,32.0,1.0,5.0,9.0,West,desktop,0,0,0.0
4001,28.0,4.0,10.0,7.0,Northeast,desktop,1,1,24.71
4002,28.0,5.0,4.0,8.0,West,desktop,0,0,0.0
4003,46.0,2.0,3.0,0.0,Northeast,mobile,0,0,0.0
4004,34.0,4.0,4.0,6.0,nan,mobile,1,0,0.0
4005,48.0,4.0,0.0,1.0,West,tablet,0,1,20.16
4006,49.0,4.0,11.0,5.0,West,mobile,0,0,0.0
4007,57.0,3.0,10.0,3.0,Southeast,mobile,1,0,0.0
4008,23.0,1.0,12.0,7.0,Midwest,desktop,0,0,0.0
4009,60.0,1.0,10.0,9.0,Northeast,mobile,0,0,0.0
4010,61.0,3.0,5.0,11.0,Southeast,desktop,0,0,0.0
4011,41.0,3.0,13.0,11.0,Northeast,desktop,1,0,0.0
4012,45.0,1.0,1.0,1.0,Northeast,tablet,0,0,0.0
4013,61.0,2.0,9.0,0.0,Northeast,desktop,1,0,0.0
4014,26.0,2.0,0.0,2.0,West,desktop,0,0,0.0
4015,63.0,5.0,11.0,9.0,Southeast,mobile,1,0,0.0
4016,53.0,4.0,14.0,7.0,nan,mobile,1,1,29.39
4017,52.0,5.0,9.0,7.0,Midwest,mobile,1,1,27.94
4018,34.0,2.0,1.0,11.0,Midwest,desktop,0,0,0.0
4019,64.0,5.0,1.0,5.0,Midwest,desktop,0,0,0.0
4020,54.0,4.0,9.0,5.0,Midwest,mobile,0,0,0.0
4021,62.0,1.0,7.0,8.0,Northeast,desktop,0,0,0.0
4022,59.0,3.0,1.0,4.0,Midwest,mobile,0,0,0.0
4023,50.0,2.0,9.0,2.0,Northeast,desktop,1,0,0.0
4024,43.0,5.0,11.0,11.0,Midwest,desktop,1,0,0.0
4025,38.0,3.0,9.0,11.0,Southeast,mobile,0,0,0.0
4026,29.0,3.0,5.0,3.0,Northeast,desktop,0,0,0.0
4027,23.0,5.0,14.0,1.0,West,mobile,1,0,0.0
4028,42.0,2.0,4.0,3.0,West,mobile,1,1,26.4
4029,47.0,4.0,14.0,4.0,Northeast,desktop,0,1,31.21
4030,46.0,5.0,0.0,5.0,Midwest,mobile,1,0,0.0
4031,42.0,3.0,1.0,11.0,nan,mobile,0,0,0.0
4032,37.0,3.0,14.0,6.0,nan,desktop,1,0,0.0
4033,39.0,2.0,1.0,9.0,Southeast,desktop,0,0,0.0
4034,55.0,2.0,7.0,0.0,Southeast,desktop,0,0,0.0
4035,62.0,5.0,10.0,1.0,Northeast,mobile,1,0,0.0
4036,33.0,3.0,2.0,4.0,Midwest,mobile,1,0,0.0
4037,49.0,2.0,2.0,1.0,West,mobile,1,0,0.0
4038,58.0,3.0,1.0,6.0,Southeast,tablet,1,1,22.78
4039,39.0,1.0,10.0,2.0,West,desktop,0,0,0.0
4040,40.0,2.0,10.0,1.0,West,mobile,1,1,30.25
4041,45.0,5.0,11.0,1.0,Northeast,mobile,1,0,0.0
4042,47.0,4.0,3.0,5.0,Northeast,mobile,1,1,27.36
4043,61.0,5.0,13.0,3.0,Northeast,mobile,1,0,0.0
4044,24.0,5.0,7.0,3.0,Midwest,desktop,1,0,0.0
4045,57.0,1.0,3.0,3.0,Southeast,mobile,0,0,0.0
4046,31.0,3.0,2.0,1.0,Southeast,mobile,0,0,0.0
4047,37.0,1.0,6.0,1.0,nan,mobile,0,0,0.0
4048,40.0,1.0,5.0,10.0,Southeast,desktop,0,0,0.0
4049,43.0,2.0,12.0,1.0,Southeast,mobile,1,0,0.0
4050,53.0,1.0,11.0,4.0,West,desktop,0,0,0.0
4051,29.0,5.0,9.0,2.0,nan,mobile,1,1,25.91
4052,63.0,3.0,0.0,5.0,West,mobile,0,0,0.0
4053,57.0,5.0,7.0,8.0,West,tablet,1,1,27.41
4054,25.0,2.0,3.0,6.0,Southeast,mobile,1,0,0.0
4055,46.0,3.0,8.0,9.0,Northeast,mobile,0,1,25.17
4056,62.0,2.0,13.0,1.0,nan,mobile,1,1,26.85
4057,23.0,3.0,13.0,7.0,nan,mobile,1,0,0.0
4058,35.0,3.0,9.0,6.0,Southeast,mobile,0,1,21.39
4059,41.0,1.0,3.0,0.0,West,desktop,0,0,0.0
4060,64.0,4.0,13.0,2.0,Southeast,mobile,0,0,0.0
4061,45.0,2.0,9.0,6.0,Northeast,tablet,0,0,0.0
4062,23.0,1.0,0.0,7.0,West,desktop,0,0,0.0
4063,49.0,5.0,0.0,2.0,Midwest,tablet,1,0,0.0
4064,43.0,4.0,13.0,1.0,Northeast,desktop,1,0,0.0
4065,47.0,1.0,1.0,1.0,Midwest,mobile,0,0,0.0
4066,55.0,1.0,11.0,9.0,Midwest,desktop,1,0,0.0
4067,26.0,1.0,0.0,1.0,Southeast,desktop,0,0,0.0
4068,37.0,3.0,1.0,10.0,Northeast,desktop,0,0,0.0
4069,27.0,4.0,0.0,1.0,nan,mobile,0,0,0.0
4070,63.0,4.0,6.0,11.0,nan,mobile,0,1,22.25
4071,61.0,1.0,12.0,7.0,nan,desktop,1,0,0.0
4072,61.0,2.0,5.0,10.0,West,mobile,0,0,0.0
4073,33.0,1.0,4.0,5.0,nan,tablet,0,0,0.0
4074,36.0,5.0,12.0,7.0,nan,mobile,1,0,0.0
4075,42.0,1.0,8.0,4.0,Midwest,desktop,0,1,16.31
4076,22.0,4.0,9.0,1.0,Midwest,desktop,1,0,0.0
4077,59.0,2.0,11.0,8.0,West,mobile,0,0,0.0
4078,29.0,5.0,11.0,1.0,Southeast,desktop,1,0,0.0
4079,51.0,2.0,2.0,5.0,Northeast,tablet,0,0,0.0
4080,23.0,2.0,13.0,0.0,nan,tablet,1,0,0.0
4081,27.0,3.0,9.0,6.0,Midwest,mobile,0,1,19.22
4082,51.0,5.0,4.0,10.0,Northeast,mobile,1,1,25.65
4083,24.0,3.0,9.0,2.0,nan,mobile,0,0,0.0
4084,28.0,3.0,1.0,9.0,West,mobile,0,0,0.0
4085,30.0,2.0,12.0,3.0,West,mobile,1,0,0.0
4086,42.0,2.0,6.0,2.0,nan,mobile,0,1,21.0
4087,31.0,5.0,0.0,10.0,West,mobile,1,0,0.0
4088,30.0,4.0,14.0,2.0,Northeast,mobile,1,1,23.74
4089,30.0,5.0,6.0,6.0,West,tablet,0,0,0.0
4090,59.0,5.0,10.0,1.0,Northeast,desktop,1,0,0.0
4091,57.0,3.0,11.0,1.0,West,mobile,0,0,0.0
4092,34.0,5.0,0.0,11.0,Southeast,mobile,1,0,0.0
4093,49.0,1.0,5.0,5.0,Southeast,mobile,1,0,0.0
4094,52.0,2.0,14.0,3.0,West,desktop,0,1,25.87
4095,32.0,3.0,8.0,10.0,Northeast,mobile,1,1,27.12
4096,47.0,1.0,8.0,10.0,nan,desktop,0,0,0.0
4097,24.0,1.0,14.0,2.0,Northeast,mobile,0,0,0.0
4098,38.0,3.0,5.0,9.0,Northeast,desktop,1,0,0.0
4099,47.0,1.0,6.0,3.0,Northeast,mobile,0,0,0.0
4100,54.0,5.0,7.0,9.0,West,mobile,1,1,28.75
4101,37.0,3.0,13.0,3.0,Midwest,mobile,0,0,0.0
4102,26.0,5.0,8.0,7.0,Midwest,mobile,1,0,0.0
4103,52.0,4.0,9.0,11.0,West,mobile,0,0,0.0
4104,52.0,2.0,13.0,2.0,Midwest,mobile,0,0,0.0
4105,26.0,4.0,2.0,2.0,nan,desktop,0,0,0.0
4106,29.0,1.0,5.0,2.0,Northeast,mobile,0,1,16.74
4107,33.0,3.0,9.0,5.0,Northeast,desktop,0,0,0.0
4108,25.0,4.0,9.0,11.0,West,mobile,1,1,27.57
4109,55.0,3.0,2.0,10.0,nan,mobile,0,0,0.0
4110,63.0,2.0,1.0,6.0,West,mobile,0,0,0.0
4111,58.0,5.0,6.0,5.0,Southeast,mobile,1,1,26.39
4112,29.0,2.0,6.0,8.0,West,desktop,1,0,0.0
4113,33.0,2.0,4.0,10.0,Southeast,tablet,1,0,0.0
4114,33.0,4.0,13.0,6.0,Midwest,mobile,1,1,28.32
4115,41.0,2.0,3.0,6.0,West,desktop,0,1,16.49
4116,22.0,2.0,11.0,4.0,Midwest,mobile,0,0,0.0
4117,31.0,1.0,13.0,11.0,West,desktop,1,0,0.0
4118,51.0,4.0,13.0,8.0,West,mobile,1,0,0.0
4119,50.0,1.0,13.0,7.0,nan,desktop,0,0,0.0
4120,54.0,5.0,1.0,10.0,Southeast,mobile,1,0,0.0
4121,40.0,1.0,11.0,7.0,West,mobile,0,0,0.0
4122,22.0,1.0,6.0,2.0,West,desktop,0,0,0.0
4123,64.0,5.0,14.0,8.0,Midwest,mobile,1,0,0.0
4124,44.0,3.0,7.0,1.0,Midwest,mobile,1,0,0.0
4125,61.0,4.0,2.0,2.0,nan,desktop,1,0,0.0
4126,58.0,4.0,1.0,0.0,Southeast,desktop,1,0,0.0
4127,27.0,2.0,10.0,1.0,Northeast,desktop,0,0,0.0
4128,55.0,3.0,7.0,10.0,Midwest,tablet,0,0,0.0
4129,49.0,3.0,4.0,0.0,nan,mobile,0,0,0.0
4130,56.0,5.0,5.0,8.0,nan,desktop,0,1,21.57
4131,52.0,5.0,11.0,10.0,nan,mobile,1,0,0.0
4132,24.0,1.0,0.0,8.0,West,mobile,0,1,15.0
4133,26.0,4.0,2.0,2.0,Northeast,desktop,0,0,0.0
4134,34.0,5.0,1.0,0.0,West,mobile,1,0,0.0
4135,30.0,3.0,7.0,5.0,West,tablet,0,0,0.0
4136,44.0,3.0,7.0,4.0,Midwest,mobile,1,0,0.0
4137,64.0,4.0,11.0,9.0,West,mobile,1,0,0.0
4138,43.0,2.0,1.0,0.0,nan,mobile,0,0,0.0
4139,36.0,2.0,7.0,9.0,nan,desktop,0,0,0.0
4140,54.0,4.0,5.0,8.0,Northeast,mobile,1,0,0.0
4141,42.0,5.0,11.0,3.0,Northeast,mobile,1,0,0.0
4142,61.0,4.0,14.0,4.0,Northeast,desktop,0,0,0.0
4143,40.0,4.0,2.0,8.0,Southeast,mobile,0,0,0.0
4144,52.0,1.0,6.0,11.0,West,desktop,0,1,19.87
4145,25.0,1.0,7.0,4.0,Midwest,desktop,0,1,25.08
4146,42.0,5.0,8.0,8.0,Midwest,tablet,1,0,0.0
4147,40.0,4.0,3.0,7.0,West,mobile,1,0,0.0
4148,47.0,1.0,6.0,1.0,Southeast,desktop,0,0,0.0
4149,54.0,2.0,10.0,9.0,nan,desktop,1,0,0.0
4150,22.0,2.0,1.0,2.0,Southeast,mobile,1,0,0.0
4151,35.0,4.0,11.0,1.0,Southeast,tablet,1,0,0.0
4152,41.0,3.0,12.0,1.0,nan,desktop,1,1,29.83
4153,49.0,1.0,14.0,4.0,West,mobile,0,0,0.0
4154,26.0,4.0,11.0,2.0,Northeast,tablet,1,0,0.0
4155,52.0,1.0,3.0,5.0,Northeast,mobile,0,0,0.0
4156,53.0,4.0,6.0,11.0,West,mobile,0,0,0.0
4157,45.0,5.0,12.0,0.0,West,mobile,1,0,0.0
4158,55.0,4.0,2.0,11.0,nan,mobile,0,1,18.89
4159,44.0,5.0,11.0,3.0,Northeast,mobile,1,0,0.0
4160,64.0,3.0,10.0,3.0,nan,tablet,0,1,26.46
4161,24.0,2.0,1.0,0.0,Southeast,tablet,0,0,0.0
4162,41.0,3.0,4.0,2.0,Southeast,desktop,1,0,0.0
4163,53.0,4.0,4.0,11.0,West,mobile,0,1,22.43
4164,25.0,3.0,7.0,3.0,nan,desktop,0,1,22.82
4165,50.0,1.0,11.0,9.0,Midwest,mobile,1,0,0.0
4166,27.0,2.0,3.0,6.0,Northeast,tablet,0,0,0.0
4167,47.0,3.0,0.0,0.0,West,mobile,0,0,0.0
4168,61.0,2.0,6.0,5.0,Midwest,mobile,0,0,0.0
4169,32.0,5.0,14.0,1.0,nan,mobile,1,0,0.0
4170,30.0,5.0,13.0,5.0,Midwest,desktop,1,0,0.0
4171,48.0,4.0,6.0,5.0,West,desktop,0,0,0.0
4172,37.0,2.0,4.0,0.0,nan,mobile,1,0,0.0
4173,56.0,1.0,5.0,7.0,Southeast,mobile,0,1,19.76
4174,27.0,4.0,5.0,3.0,Northeast,desktop,1,0,0.0
4175,55.0,5.0,4.0,9.0,West,desktop,0,0,0.0
4176,57.0,4.0,7.0,5.0,West,mobile,0,0,0.0
4177,54.0,1.0,8.0,10.0,nan,desktop,0,0,0.0
4178,34.0,2.0,4.0,2.0,Southeast,desktop,0,0,0.0
4179,53.0,3.0,10.0,7.0,Midwest,mobile,0,0,0.0
4180,38.0,1.0,14.0,7.0,Northeast,mobile,1,0,0.0
4181,40.0,3.0,11.0,0.0,West,mobile,0,0,0.0
4182,53.0,1.0,1.0,1.0,Northeast,desktop,0,0,0.0
4183,61.0,3.0,6.0,3.0,Midwest,tablet,0,0,0.0
4184,47.0,3.0,1.0,4.0,Midwest,mobile,0,0,0.0
4185,63.0,4.0,5.0,10.0,Midwest,desktop,1,0,0.0
4186,47.0,2.0,9.0,9.0,Northeast,mobile,1,0,0.0
4187,57.0,3.0,14.0,2.0,West,mobile,0,0,0.0
4188,24.0,2.0,9.0,7.0,Midwest,desktop,1,1,27.09
4189,30.0,3.0,3.0,0.0,Southeast,desktop,1,0,0.0
4190,31.0,5.0,4.0,10.0,West,mobile,1,0,0.0
4191,35.0,1.0,7.0,8.0,nan,desktop,0,0,0.0
4192,33.0,3.0,1.0,3.0,nan,desktop,0,0,0.0
4193,52.0,5.0,3.0,8.0,nan,mobile,0,0,0.0
4194,64.0,2.0,1.0,0.0,West,mobile,0,0,0.0
4195,29.0,3.0,14.0,3.0,West,tablet,0,0,0.0
4196,31.0,1.0,3.0,6.0,West,tablet,0,0,0.0
4197,61.0,1.0,7.0,7.0,Midwest,tablet,0,0,0.0
4198,38.0,3.0,5.0,2.0,Northeast,desktop,0,0,0.0
4199,52.0,3.0,10.0,6.0,West,mobile,0,0,0.0
4200,30.0,2.0,8.0,1.0,West,desktop,1,0,0.0
4201,60.0,3.0,4.0,1.0,West,desktop,0,0,0.0
4202,42.0,1.0,9.0,0.0,nan,tablet,0,0,0.0
4203,59.0,3.0,12.0,9.0,Southeast,desktop,1,1,31.51
4204,22.0,5.0,10.0,7.0,nan,mobile,1,0,0.0
4205,45.0,4.0,3.0,2.0,Northeast,mobile,1,1,26.98
4206,56.0,3.0,0.0,4.0,Southeast,desktop,0,0,0.0
4207,28.0,5.0,10.0,9.0,Midwest,desktop,0,0,0.0
4208,59.0,5.0,8.0,3.0,nan,tablet,1,0,0.0
4209,55.0,1.0,1.0,3.0,nan,mobile,0,0,0.0
4210,43.0,4.0,0.0,4.0,Midwest,mobile,1,0,0.0
4211,61.0,4.0,2.0,2.0,Midwest,desktop,0,0,0.0
4212,58.0,1.0,9.0,9.0,Midwest,mobile,0,0,0.0
4213,29.0,3.0,3.0,10.0,nan,mobile,0,0,0.0
4214,22.0,4.0,4.0,2.0,nan,mobile,0,0,0.0
4215,32.0,4.0,14.0,11.0,Southeast,mobile,1,0,0.0
4216,40.0,1.0,9.0,6.0,Northeast,mobile,0,0,0.0
4217,51.0,2.0,1.0,7.0,Northeast,mobile,0,0,0.0
4218,29.0,1.0,7.0,11.0,nan,tablet,0,0,0.0
4219,34.0,3.0,5.0,10.0,West,mobile,0,0,0.0
4220,38.0,1.0,12.0,0.0,Northeast,desktop,0,0,0.0
4221,44.0,4.0,8.0,1.0,West,mobile,1,1,29.28
4222,40.0,5.0,1.0,7.0,Midwest,tablet,1,0,0.0
4223,40.0,4.0,4.0,7.0,Midwest,mobile,1,0,0.0
4224,51.0,3.0,8.0,8.0,Midwest,mobile,0,0,0.0
4225,50.0,4.0,4.0,2.0,West,desktop,0,0,0.0
4226,56.0,4.0,4.0,5.0,Southeast,desktop,0,0,0.0
4227,62.0,4.0,14.0,5.0,nan,mobile,1,1,34.72
4228,62.0,4.0,0.0,9.0,nan,mobile,0,0,0.0
4229,58.0,5.0,4.0,7.0,Northeast,mobile,1,0,0.0
4230,34.0,1.0,8.0,8.0,West,mobile,0,0,0.0
4231,51.0,3.0,11.0,4.0,Midwest,mobile,0,0,0.0
4232,51.0,4.0,11.0,8.0,Midwest,mobile,1,1,24.45
4233,51.0,5.0,3.0,1.0,Northeast,mobile,0,1,21.13
4234,58.0,1.0,9.0,1.0,Midwest,desktop,0,0,0.0
4235,55.0,2.0,10.0,5.0,West,mobile,1,0,0.0
4236,39.0,1.0,0.0,6.0,Northeast,mobile,1,1,24.91
4237,31.0,2.0,8.0,3.0,Midwest,mobile,0,0,0.0
4238,46.0,2.0,9.0,2.0,West,desktop,0,0,0.0
4239,47.0,2.0,2.0,6.0,Northeast,mobile,0,0,0.0
4240,51.0,1.0,10.0,0.0,nan,mobile,0,1,24.13
4241,24.0,3.0,6.0,2.0,West,mobile,0,0,0.0
4242,25.0,4.0,1.0,5.0,West,desktop,0,0,0.0
4243,53.0,2.0,6.0,6.0,Midwest,desktop,0,0,0.0
4244,48.0,4.0,5.0,1.0,Northeast,desktop,1,1,22.31
4245,53.0,2.0,11.0,9.0,nan,desktop,1,0,0.0
4246,45.0,4.0,4.0,0.0,Northeast,mobile,0,0,0.0
4247,57.0,3.0,11.0,5.0,West,desktop,0,0,0.0
4248,35.0,5.0,11.0,11.0,Northeast,tablet,1,0,0.0
4249,44.0,4.0,9.0,10.0,West,mobile,1,0,0.0
4250,64.0,2.0,5.0,10.0,Midwest,tablet,0,0,0.0
4251,63.0,3.0,1.0,8.0,Midwest,mobile,0,0,0.0
4252,25.0,3.0,3.0,2.0,nan,mobile,0,0,0.0
4253,27.0,1.0,4.0,7.0,nan,desktop,0,0,0.0
4254,62.0,2.0,7.0,1.0,Northeast,mobile,0,0,0.0
4255,46.0,2.0,14.0,11.0,nan,tablet,1,1,29.64
4256,49.0,1.0,11.0,4.0,Northeast,mobile,1,0,0.0
4257,22.0,2.0,13.0,0.0,West,desktop,1,1,26.72
4258,24.0,5.0,5.0,1.0,West,mobile,0,0,0.0
4259,51.0,5.0,0.0,1.0,Southeast,mobile,1,0,0.0
4260,29.0,3.0,13.0,4.0,West,desktop,1,1,24.28
4261,55.0,4.0,14.0,2.0,West,mobile,0,0,0.0
4262,55.0,4.0,9.0,8.0,Midwest,desktop,0,0,0.0
4263,63.0,4.0,7.0,8.0,nan,tablet,1,0,0.0
4264,30.0,2.0,1.0,2.0,West,mobile,1,0,0.0
4265,38.0,3.0,11.0,1.0,West,desktop,1,0,0.0
4266,24.0,5.0,14.0,9.0,Northeast,desktop,1,1,26.76
4267,45.0,1.0,7.0,0.0,Northeast,desktop,0,0,0.0
4268,45.0,3.0,10.0,11.0,Midwest,mobile,0,0,0.0
4269,26.0,1.0,1.0,3.0,West,desktop,1,0,0.0
4270,64.0,1.0,3.0,0.0,West,desktop,0,1,22.56
4271,46.0,4.0,9.0,8.0,Midwest,mobile,0,0,0.0
4272,38.0,2.0,4.0,6.0,West,desktop,0,0,0.0
4273,56.0,3.0,1.0,10.0,nan,desktop,0,1,23.15
4274,41.0,3.0,7.0,0.0,Midwest,desktop,0,1,17.99
4275,53.0,3.0,10.0,4.0,Northeast,mobile,0,1,20.02
4276,55.0,2.0,0.0,6.0,West,mobile,0,1,15.46
4277,57.0,3.0,5.0,3.0,Southeast,desktop,0,0,0.0
4278,47.0,1.0,13.0,0.0,Southeast,mobile,0,0,0.0
4279,34.0,2.0,0.0,1.0,nan,mobile,0,0,0.0
4280,33.0,2.0,1.0,5.0,nan,mobile,0,0,0.0
4281,64.0,3.0,13.0,6.0,West,mobile,0,0,0.0
4282,45.0,1.0,2.0,5.0,Southeast,desktop,0,0,0.0
4283,45.0,5.0,8.0,7.0,Southeast,desktop,1,1,27.87
4284,41.0,2.0,8.0,11.0,Northeast,desktop,1,1,23.57
4285,46.0,5.0,9.0,0.0,Northeast,mobile,0,0,0.0
4286,22.0,4.0,11.0,2.0,Northeast,desktop,1,0,0.0
4287,48.0,2.0,9.0,6.0,West,desktop,0,0,0.0
4288,26.0,3.0,14.0,1.0,Northeast,mobile,1,1,24.54
4289,45.0,2.0,9.0,4.0,Northeast,desktop,1,0,0.0
4290,48.0,2.0,1.0,0.0,nan,mobile,1,0,0.0
4291,62.0,5.0,8.0,0.0,West,desktop,1,0,0.0
4292,28.0,5.0,0.0,1.0,West,desktop,0,0,0.0
4293,59.0,3.0,5.0,1.0,Midwest,mobile,0,0,0.0
4294,55.0,1.0,10.0,7.0,nan,mobile,0,0,0.0
4295,54.0,3.0,14.0,7.0,West,desktop,1,0,0.0
4296,43.0,4.0,4.0,11.0,Northeast,mobile,0,0,0.0
4297,58.0,3.0,1.0,10.0,Midwest,desktop,0,0,0.0
4298,25.0,4.0,1.0,7.0,Midwest,mobile,0,0,0.0
4299,42.0,1.0,6.0,11.0,nan,tablet,1,0,0.0
4300,62.0,3.0,0.0,7.0,Midwest,mobile,0,0,0.0
4301,47.0,3.0,4.0,11.0,West,mobile,1,0,0.0
4302,58.0,2.0,14.0,7.0,West,mobile,0,0,0.0
4303,46.0,5.0,5.0,10.0,Northeast,desktop,0,0,0.0
4304,49.0,3.0,11.0,2.0,nan,desktop,0,0,0.0
4305,52.0,2.0,2.0,11.0,Midwest,tablet,1,0,0.0
4306,54.0,3.0,5.0,11.0,West,mobile,0,0,0.0
4307,40.0,4.0,7.0,0.0,West,desktop,1,0,0.0
4308,50.0,1.0,8.0,11.0,Midwest,mobile,1,0,0.0
4309,36.0,5.0,8.0,4.0,Southeast,mobile,0,0,0.0
4310,22.0,2.0,13.0,1.0,Northeast,tablet,0,0,0.0
4311,26.0,1.0,14.0,8.0,West,mobile,1,0,0.0
4312,48.0,3.0,13.0,2.0,Northeast,mobile,1,0,0.0
4313,47.0,5.0,11.0,8.0,Southeast,desktop,1,1,28.79
4314,32.0,2.0,8.0,6.0,Midwest,desktop,1,0,0.0
4315,41.0,3.0,10.0,7.0,Northeast,mobile,1,0,0.0
4316,62.0,1.0,14.0,11.0,Midwest,desktop,1,1,26.35
4317,56.0,3.0,9.0,8.0,Southeast,tablet,1,0,0.0
4318,39.0,2.0,11.0,6.0,Southeast,mobile,0,0,0.0
4319,45.0,1.0,9.0,3.0,West,tablet,0,1,25.0
4320,52.0,3.0,8.0,4.0,Southeast,mobile,1,0,0.0
4321,52.0,3.0,6.0,1.0,Northeast,desktop,0,0,0.0
4322,28.0,4.0,5.0,4.0,Northeast,tablet,0,0,0.0
4323,34.0,5.0,5.0,0.0,Northeast,mobile,1,0,0.0
4324,42.0,4.0,14.0,4.0,Northeast,desktop,1,1,28.24
4325,60.0,5.0,2.0,0.0,West,desktop,1,0,0.0
4326,26.0,3.0,2.0,11.0,Midwest,mobile,1,0,0.0
4327,53.0,5.0,6.0,3.0,Northeast,tablet,1,0,0.0
4328,39.0,1.0,8.0,9.0,Midwest,mobile,1,0,0.0
4329,39.0,4.0,1.0,1.0,West,mobile,1,0,0.0
4330,46.0,2.0,1.0,9.0,Midwest,mobile,0,0,0.0
4331,30.0,5.0,4.0,0.0,nan,desktop,0,0,0.0
4332,49.0,4.0,2.0,0.0,Northeast,desktop,0,0,0.0
4333,43.0,1.0,12.0,3.0,West,desktop,1,0,0.0
4334,39.0,2.0,0.0,3.0,Midwest,mobile,0,0,0.0
4335,28.0,1.0,12.0,9.0,Midwest,desktop,1,0,0.0
4336,28.0,4.0,4.0,9.0,Midwest,desktop,1,0,0.0
4337,30.0,2.0,9.0,6.0,Midwest,mobile,0,0,0.0
4338,50.0,4.0,11.0,1.0,nan,mobile,1,0,0.0
4339,38.0,1.0,5.0,9.0,Southeast,mobile,0,0,0.0
4340,22.0,3.0,2.0,3.0,West,desktop,1,0,0.0
4341,59.0,2.0,11.0,8.0,Southeast,mobile,1,0,0.0
4342,56.0,2.0,12.0,9.0,Southeast,desktop,1,0,0.0
4343,52.0,3.0,7.0,2.0,Midwest,tablet,1,0,0.0
4344,51.0,1.0,14.0,6.0,West,mobile,1,0,0.0
4345,50.0,2.0,11.0,8.0,nan,tablet,0,0,0.0
4346,55.0,4.0,7.0,6.0,West,mobile,1,0,0.0
4347,61.0,2.0,11.0,4.0,West,mobile,1,1,26.8
4348,63.0,2.0,11.0,3.0,Midwest,mobile,1,0,0.0
4349,34.0,3.0,10.0,8.0,Southeast,desktop,0,0,0.0
4350,36.0,2.0,10.0,1.0,West,desktop,1,0,0.0
4351,29.0,5.0,12.0,6.0,Southeast,mobile,1,0,0.0
4352,44.0,1.0,6.0,10.0,nan,tablet,0,0,0.0
4353,39.0,3.0,7.0,2.0,nan,mobile,1,0,0.0
4354,49.0,4.0,4.0,2.0,Northeast,desktop,0,1,17.92
4355,48.0,2.0,5.0,6.0,Northeast,tablet,1,1,28.17
4356,47.0,5.0,10.0,6.0,Midwest,mobile,1,0,0.0
4357,22.0,5.0,12.0,1.0,Southeast,tablet,1,1,28.14
4358,49.0,3.0,3.0,7.0,Southeast,desktop,0,1,23.5
4359,28.0,4.0,14.0,0.0,Midwest,mobile,1,0,0.0
4360,62.0,2.0,5.0,5.0,West,mobile,0,0,0.0
4361,23.0,5.0,10.0,0.0,Northeast,desktop,1,0,0.0
4362,42.0,3.0,2.0,9.0,nan,tablet,0,1,18.36
4363,38.0,4.0,11.0,11.0,West,tablet,0,1,23.93
4364,59.0,2.0,8.0,0.0,West,mobile,0,0,0.0
4365,22.0,3.0,9.0,7.0,Northeast,desktop,1,0,0.0
4366,49.0,2.0,2.0,4.0,Northeast,tablet,0,0,0.0
4367,57.0,2.0,8.0,1.0,Southeast,mobile,0,0,0.0
4368,55.0,5.0,12.0,8.0,nan,mobile,0,0,0.0
4369,34.0,2.0,4.0,10.0,West,desktop,0,0,0.0
4370,36.0,5.0,7.0,0.0,Southeast,mobile,1,0,0.0
4371,31.0,1.0,8.0,1.0,Midwest,mobile,0,0,0.0
4372,36.0,4.0,10.0,11.0,Midwest,mobile,1,1,22.28
4373,40.0,5.0,10.0,0.0,Southeast,desktop,1,1,30.32
4374,62.0,1.0,6.0,4.0,nan,tablet,0,0,0.0
4375,60.0,1.0,6.0,10.0,West,mobile,0,0,0.0
4376,57.0,2.0,11.0,7.0,Midwest,mobile,1,0,0.0
4377,39.0,2.0,0.0,2.0,Northeast,mobile,0,0,0.0
4378,43.0,1.0,13.0,0.0,Northeast,desktop,0,0,0.0
4379,43.0,3.0,5.0,6.0,Midwest,desktop,0,0,0.0
4380,41.0,3.0,7.0,6.0,West,desktop,0,0,0.0
4381,30.0,5.0,2.0,6.0,West,desktop,0,0,0.0
4382,32.0,2.0,5.0,2.0,West,desktop,0,0,0.0
4383,46.0,4.0,7.0,11.0,West,desktop,0,0,0.0
4384,30.0,3.0,10.0,4.0,West,desktop,0,0,0.0
4385,25.0,4.0,12.0,10.0,West,desktop,1,0,0.0
4386,31.0,5.0,14.0,11.0,nan,mobile,1,0,0.0
4387,61.0,3.0,13.0,2.0,Southeast,mobile,1,0,0.0
4388,62.0,5.0,2.0,8.0,Northeast,desktop,0,0,0.0
4389,24.0,3.0,7.0,5.0,West,desktop,1,1,26.77
4390,33.0,2.0,11.0,7.0,Southeast,mobile,0,0,0.0
4391,56.0,5.0,10.0,6.0,Southeast,mobile,1,0,0.0
4392,41.0,4.0,0.0,11.0,Midwest,mobile,1,0,0.0
4393,31.0,3.0,12.0,7.0,Midwest,tablet,1,0,0.0
4394,51.0,5.0,14.0,2.0,Northeast,mobile,0,0,0.0
4395,50.0,4.0,14.0,10.0,West,mobile,1,1,32.04
4396,49.0,5.0,11.0,0.0,Southeast,tablet,1,0,0.0
4397,38.0,1.0,9.0,8.0,Northeast,mobile,1,0,0.0
4398,55.0,4.0,14.0,9.0,nan,tablet,1,1,30.08
4399,32.0,3.0,0.0,6.0,Southeast,mobile,1,0,0.0
4400,38.0,1.0,1.0,0.0,Midwest,tablet,0,0,0.0
4401,60.0,2.0,9.0,4.0,Northeast,tablet,1,0,0.0
4402,36.0,4.0,0.0,9.0,nan,mobile,0,0,0.0
4403,27.0,1.0,4.0,10.0,Northeast,mobile,0,0,0.0
4404,43.0,3.0,6.0,6.0,Northeast,mobile,1,0,0.0
4405,51.0,4.0,12.0,5.0,Midwest,mobile,1,0,0.0
4406,49.0,2.0,0.0,2.0,Northeast,desktop,1,0,0.0
4407,33.0,5.0,12.0,5.0,Northeast,mobile,1,1,26.69
4408,64.0,5.0,0.0,7.0,Southeast,mobile,1,0,0.0
4409,53.0,4.0,11.0,11.0,Midwest,desktop,0,0,0.0
4410,47.0,4.0,1.0,5.0,nan,desktop,1,0,0.0
4411,53.0,2.0,11.0,0.0,Midwest,mobile,0,0,0.0
4412,55.0,5.0,0.0,2.0,West,mobile,0,0,0.0
4413,46.0,3.0,13.0,5.0,nan,desktop,0,0,0.0
4414,61.0,1.0,1.0,9.0,West,mobile,0,0,0.0
4415,34.0,2.0,6.0,7.0,nan,desktop,0,0,0.0
4416,22.0,4.0,5.0,3.0,West,desktop,0,0,0.0
4417,47.0,3.0,6.0,11.0,Northeast,mobile,1,1,25.85
4418,32.0,3.0,7.0,2.0,Northeast,desktop,0,0,0.0
4419,57.0,4.0,11.0,0.0,Southeast,mobile,1,1,29.05
4420,22.0,2.0,1.0,8.0,West,mobile,0,0,0.0
4421,55.0,2.0,0.0,0.0,Midwest,mobile,0,0,0.0
4422,60.0,5.0,9.0,5.0,Midwest,tablet,0,0,0.0
4423,61.0,3.0,0.0,1.0,West,mobile,0,0,0.0
4424,38.0,4.0,9.0,4.0,Northeast,mobile,1,0,0.0
4425,57.0,4.0,1.0,4.0,nan,mobile,1,0,0.0
4426,46.0,3.0,4.0,6.0,Midwest,desktop,0,0,0.0
4427,22.0,3.0,8.0,11.0,Midwest,mobile,0,0,0.0
4428,42.0,5.0,4.0,7.0,Southeast,desktop,0,1,28.6
4429,52.0,3.0,7.0,1.0,Northeast,mobile,1,0,0.0
4430,54.0,4.0,14.0,1.0,Midwest,desktop,1,0,0.0
4431,38.0,2.0,6.0,4.0,West,tablet,1,0,0.0
4432,37.0,3.0,4.0,10.0,West,mobile,0,0,0.0
4433,49.0,3.0,2.0,5.0,West,mobile,0,0,0.0
4434,22.0,1.0,13.0,4.0,Southeast,mobile,0,0,0.0
4435,58.0,5.0,14.0,3.0,West,mobile,0,1,23.97
4436,37.0,4.0,3.0,2.0,Midwest,tablet,0,1,25.19
4437,47.0,1.0,1.0,5.0,Northeast,tablet,0,0,0.0
4438,42.0,3.0,2.0,1.0,Midwest,mobile,0,0,0.0
4439,39.0,5.0,11.0,5.0,Northeast,desktop,1,0,0.0
4440,39.0,3.0,12.0,10.0,West,desktop,1,0,0.0
4441,55.0,2.0,0.0,1.0,nan,desktop,1,0,0.0
4442,33.0,1.0,9.0,0.0,nan,mobile,0,0,0.0
4443,62.0,3.0,7.0,2.0,Southeast,desktop,0,0,0.0
4444,26.0,5.0,11.0,8.0,West,mobile,1,1,24.06
4445,40.0,2.0,11.0,0.0,West,desktop,0,0,0.0
4446,23.0,5.0,8.0,0.0,West,mobile,1,0,0.0
4447,38.0,3.0,6.0,1.0,Northeast,tablet,1,1,26.74
4448,61.0,4.0,14.0,10.0,Midwest,mobile,1,1,33.77
4449,46.0,5.0,4.0,0.0,Midwest,mobile,0,1,26.67
4450,24.0,4.0,0.0,10.0,West,mobile,0,0,0.0
4451,51.0,4.0,11.0,7.0,West,mobile,0,1,27.53
4452,39.0,1.0,2.0,3.0,West,mobile,0,0,0.0
4453,27.0,4.0,11.0,10.0,Northeast,desktop,1,0,0.0
4454,25.0,3.0,1.0,0.0,Midwest,mobile,0,0,0.0
4455,40.0,2.0,14.0,2.0,nan,mobile,1,0,0.0
4456,26.0,4.0,10.0,0.0,Northeast,desktop,1,0,0.0
4457,49.0,5.0,14.0,3.0,nan,desktop,1,0,0.0
4458,49.0,4.0,4.0,11.0,Northeast,desktop,0,0,0.0
4459,59.0,5.0,6.0,6.0,nan,desktop,0,0,0.0
4460,61.0,3.0,11.0,7.0,nan,desktop,0,0,0.0
4461,62.0,5.0,12.0,2.0,nan,mobile,1,0,0.0
4462,36.0,2.0,1.0,11.0,Southeast,mobile,1,0,0.0
4463,32.0,1.0,7.0,11.0,nan,tablet,0,0,0.0
4464,54.0,4.0,3.0,5.0,Southeast,desktop,1,0,0.0
4465,40.0,2.0,5.0,5.0,Northeast,tablet,0,0,0.0
4466,55.0,1.0,0.0,9.0,Midwest,tablet,0,0,0.0
4467,57.0,3.0,7.0,5.0,West,mobile,1,0,0.0
4468,49.0,1.0,14.0,11.0,Northeast,desktop,1,1,25.19
4469,42.0,3.0,12.0,3.0,Midwest,desktop,1,0,0.0
4470,59.0,3.0,10.0,3.0,West,desktop,0,0,0.0
4471,43.0,2.0,0.0,2.0,West,mobile,0,0,0.0
4472,30.0,3.0,1.0,1.0,Southeast,desktop,0,0,0.0
4473,26.0,3.0,10.0,10.0,Northeast,mobile,0,0,0.0
4474,25.0,2.0,9.0,3.0,Northeast,desktop,1,0,0.0
4475,26.0,1.0,1.0,6.0,West,desktop,0,0,0.0
4476,41.0,4.0,6.0,6.0,West,mobile,0,0,0.0
4477,47.0,1.0,14.0,1.0,Southeast,mobile,1,0,0.0
4478,44.0,5.0,13.0,8.0,Midwest,mobile,1,0,0.0
4479,37.0,5.0,10.0,1.0,Southeast,desktop,0,0,0.0
4480,37.0,1.0,2.0,11.0,Northeast,mobile,1,1,20.1
4481,44.0,2.0,3.0,5.0,Northeast,mobile,0,0,0.0
4482,61.0,3.0,0.0,9.0,Midwest,desktop,1,1,29.72
4483,53.0,3.0,2.0,6.0,nan,mobile,1,0,0.0
4484,27.0,5.0,2.0,1.0,Midwest,mobile,0,0,0.0
4485,33.0,1.0,13.0,9.0,Midwest,desktop,1,0,0.0
4486,62.0,5.0,14.0,11.0,West,desktop,1,1,32.62
4487,59.0,4.0,11.0,6.0,Midwest,desktop,0,0,0.0
4488,40.0,3.0,13.0,10.0,Northeast,desktop,0,1,23.03
4489,33.0,2.0,8.0,3.0,Southeast,desktop,1,0,0.0
4490,57.0,4.0,1.0,2.0,Northeast,desktop,1,1,23.01
4491,57.0,1.0,11.0,8.0,nan,mobile,0,0,0.0
4492,38.0,1.0,7.0,10.0,nan,mobile,0,0,0.0
4493,25.0,5.0,1.0,3.0,Southeast,mobile,1,0,0.0
4494,43.0,5.0,10.0,2.0,Midwest,desktop,1,0,0.0
4495,48.0,3.0,3.0,2.0,Northeast,mobile,1,0,0.0
4496,51.0,5.0,0.0,6.0,Southeast,desktop,1,0,0.0
4497,60.0,2.0,1.0,8.0,Northeast,mobile,1,0,0.0
4498,42.0,2.0,0.0,9.0,Northeast,desktop,1,0,0.0
4499,61.0,1.0,6.0,1.0,West,tablet,0,0,0.0
4500,59.0,2.0,0.0,1.0,Midwest,mobile,0,0,0.0
4501,23.0,2.0,8.0,8.0,West,mobile,0,0,0.0
4502,45.0,1.0,10.0,8.0,nan,mobile,1,0,0.0
4503,28.0,5.0,10.0,4.0,nan,tablet,1,0,0.0
4504,22.0,3.0,14.0,6.0,Northeast,mobile,1,0,0.0
4505,23.0,5.0,14.0,2.0,Midwest,desktop,0,0,0.0
4506,56.0,2.0,1.0,6.0,nan,mobile,0,0,0.0
4507,59.0,5.0,5.0,3.0,nan,tablet,0,0,0.0
4508,43.0,3.0,2.0,7.0,West,mobile,0,0,0.0
4509,64.0,2.0,4.0,11.0,Southeast,mobile,0,0,0.0
4510,50.0,3.0,7.0,0.0,Midwest,tablet,0,0,0.0
4511,24.0,2.0,12.0,10.0,Southeast,tablet,0,0,0.0
4512,35.0,5.0,6.0,1.0,Southeast,mobile,0,0,0.0
4513,50.0,2.0,3.0,2.0,Southeast,desktop,0,0,0.0
4514,52.0,5.0,3.0,2.0,West,mobile,0,0,0.0
4515,52.0,4.0,11.0,0.0,West,tablet,0,0,0.0
4516,53.0,3.0,3.0,1.0,Midwest,desktop,0,0,0.0
4517,48.0,3.0,10.0,9.0,nan,tablet,1,1,28.62
4518,64.0,4.0,2.0,5.0,West,desktop,1,0,0.0
4519,47.0,1.0,14.0,5.0,Midwest,desktop,1,0,0.0
4520,37.0,3.0,3.0,7.0,West,mobile,0,0,0.0
4521,30.0,4.0,14.0,2.0,Southeast,tablet,1,1,26.59
4522,31.0,4.0,12.0,1.0,Midwest,mobile,1,0,0.0
4523,40.0,5.0,8.0,4.0,Northeast,tablet,0,1,26.56
4524,42.0,4.0,6.0,8.0,nan,mobile,1,1,25.05
4525,26.0,3.0,4.0,1.0,Southeast,desktop,1,1,29.41
4526,51.0,5.0,13.0,10.0,Northeast,desktop,1,1,27.56
4527,38.0,1.0,14.0,0.0,West,mobile,1,0,0.0
4528,42.0,1.0,12.0,1.0,nan,mobile,0,0,0.0
4529,51.0,1.0,12.0,3.0,West,desktop,1,0,0.0
4530,59.0,4.0,7.0,2.0,Southeast,mobile,1,0,0.0
4531,46.0,2.0,7.0,5.0,nan,desktop,0,0,0.0
4532,63.0,2.0,12.0,4.0,Southeast,mobile,1,0,0.0
4533,52.0,1.0,8.0,6.0,Southeast,mobile,0,0,0.0
4534,64.0,4.0,2.0,7.0,Northeast,mobile,0,0,0.0
4535,39.0,3.0,0.0,2.0,Northeast,mobile,0,0,0.0
4536,27.0,5.0,9.0,1.0,Midwest,mobile,1,0,0.0
4537,32.0,4.0,13.0,0.0,West,mobile,1,0,0.0
4538,32.0,3.0,14.0,4.0,West,mobile,1,1,27.74
4539,36.0,1.0,5.0,9.0,Midwest,desktop,1,1,22.13
4540,34.0,5.0,9.0,11.0,West,mobile,1,1,26.87
4541,43.0,2.0,9.0,9.0,nan,tablet,0,0,0.0
4542,61.0,5.0,7.0,6.0,Southeast,mobile,1,1,31.62
4543,26.0,1.0,9.0,6.0,Midwest,desktop,1,0,0.0
4544,55.0,4.0,9.0,2.0,nan,mobile,0,0,0.0
4545,46.0,4.0,1.0,3.0,Southeast,desktop,0,0,0.0
4546,27.0,1.0,2.0,7.0,Northeast,desktop,1,1,27.75
4547,56.0,4.0,3.0,0.0,Southeast,mobile,0,0,0.0
4548,40.0,1.0,4.0,4.0,West,mobile,0,0,0.0
4549,50.0,3.0,10.0,7.0,Northeast,tablet,1,0,0.0
4550,61.0,5.0,3.0,10.0,Northeast,mobile,0,0,0.0
4551,28.0,2.0,10.0,10.0,Midwest,mobile,1,0,0.0
4552,30.0,4.0,1.0,11.0,Southeast,desktop,1,0,0.0
4553,29.0,1.0,8.0,7.0,nan,mobile,1,1,20.1
4554,45.0,3.0,10.0,2.0,Midwest,desktop,1,0,0.0
4555,64.0,3.0,11.0,2.0,nan,mobile,0,0,0.0
4556,51.0,1.0,9.0,11.0,Midwest,mobile,0,0,0.0
4557,47.0,5.0,11.0,8.0,Midwest,mobile,1,0,0.0
4558,24.0,1.0,13.0,9.0,Midwest,mobile,0,0,0.0
4559,36.0,1.0,8.0,6.0,Northeast,mobile,0,0,0.0
4560,40.0,4.0,10.0,1.0,Northeast,desktop,0,0,0.0
4561,43.0,5.0,3.0,7.0,Southeast,mobile,0,0,0.0
4562,61.0,2.0,12.0,9.0,Northeast,tablet,1,1,28.77
4563,37.0,4.0,3.0,2.0,West,mobile,0,0,0.0
4564,22.0,2.0,2.0,2.0,West,mobile,1,0,0.0
4565,40.0,4.0,1.0,5.0,Southeast,mobile,1,0,0.0
4566,49.0,5.0,0.0,0.0,Northeast,mobile,0,0,0.0
4567,38.0,3.0,12.0,1.0,Northeast,mobile,1,0,0.0
4568,59.0,2.0,5.0,9.0,Midwest,mobile,1,0,0.0
4569,56.0,2.0,2.0,10.0,Midwest,desktop,0,0,0.0
4570,40.0,3.0,1.0,4.0,nan,desktop,1,0,0.0
4571,61.0,1.0,8.0,0.0,nan,desktop,0,0,0.0
4572,33.0,1.0,11.0,11.0,nan,mobile,0,0,0.0
4573,61.0,4.0,1.0,10.0,West,mobile,0,0,0.0
4574,53.0,3.0,6.0,5.0,West,mobile,0,0,0.0
4575,28.0,3.0,6.0,11.0,West,desktop,1,1,26.7
4576,37.0,4.0,14.0,7.0,Southeast,desktop,1,0,0.0
4577,50.0,3.0,0.0,8.0,West,tablet,0,0,0.0
4578,36.0,2.0,1.0,8.0,Midwest,mobile,0,1,19.17
4579,56.0,1.0,3.0,3.0,Midwest,tablet,1,0,0.0
4580,33.0,3.0,14.0,10.0,Midwest,desktop,1,0,0.0
4581,61.0,3.0,0.0,1.0,Southeast,mobile,0,0,0.0
4582,63.0,3.0,10.0,2.0,West,mobile,0,1,21.44
4583,26.0,1.0,6.0,1.0,Northeast,desktop,0,0,0.0
4584,54.0,5.0,12.0,2.0,Southeast,desktop,1,0,0.0
4585,50.0,5.0,3.0,9.0,West,tablet,1,0,0.0
4586,27.0,2.0,7.0,10.0,nan,mobile,1,0,0.0
4587,50.0,1.0,7.0,1.0,nan,mobile,0,0,0.0
4588,34.0,5.0,5.0,3.0,nan,desktop,0,0,0.0
4589,56.0,4.0,5.0,2.0,Northeast,desktop,0,0,0.0
4590,60.0,3.0,10.0,7.0,Midwest,tablet,0,0,0.0
4591,22.0,1.0,2.0,10.0,Northeast,desktop,0,0,0.0
4592,57.0,1.0,14.0,0.0,Midwest,mobile,1,1,28.53
4593,64.0,2.0,13.0,4.0,West,mobile,1,1,24.76
4594,37.0,1.0,0.0,8.0,nan,mobile,0,0,0.0
4595,64.0,1.0,13.0,10.0,nan,tablet,0,0,0.0
4596,52.0,5.0,8.0,2.0,Midwest,mobile,0,0,0.0
4597,46.0,4.0,13.0,6.0,Southeast,mobile,1,0,0.0
4598,26.0,1.0,3.0,9.0,Southeast,desktop,0,0,0.0
4599,43.0,4.0,12.0,10.0,Midwest,mobile,1,0,0.0
4600,28.0,4.0,6.0,8.0,Northeast,mobile,0,0,0.0
4601,34.0,1.0,7.0,9.0,Southeast,desktop,0,0,0.0
4602,60.0,5.0,8.0,7.0,Northeast,tablet,1,0,0.0
4603,26.0,1.0,11.0,0.0,Northeast,desktop,0,0,0.0
4604,45.0,5.0,3.0,1.0,nan,mobile,1,0,0.0
4605,64.0,2.0,0.0,9.0,Southeast,mobile,0,0,0.0
4606,27.0,3.0,0.0,3.0,Midwest,tablet,0,0,0.0
4607,30.0,3.0,13.0,8.0,West,mobile,0,0,0.0
4608,43.0,2.0,1.0,0.0,Midwest,mobile,0,0,0.0
4609,43.0,5.0,0.0,7.0,nan,tablet,0,0,0.0
4610,41.0,1.0,0.0,3.0,nan,mobile,0,0,0.0
4611,31.0,4.0,4.0,7.0,Southeast,mobile,1,0,0.0
4612,64.0,2.0,0.0,4.0,Midwest,desktop,1,0,0.0
4613,26.0,5.0,6.0,9.0,Northeast,mobile,1,0,0.0
4614,22.0,3.0,2.0,5.0,nan,mobile,0,0,0.0
4615,32.0,5.0,4.0,9.0,Northeast,desktop,1,0,0.0
4616,53.0,3.0,6.0,11.0,West,tablet,1,0,0.0
4617,27.0,4.0,7.0,5.0,West,mobile,1,0,0.0
4618,54.0,4.0,6.0,8.0,nan,mobile,0,0,0.0
4619,38.0,2.0,1.0,5.0,West,desktop,0,0,0.0
4620,55.0,4.0,0.0,4.0,Midwest,mobile,0,0,0.0
4621,31.0,2.0,11.0,8.0,West,tablet,0,1,22.71
4622,55.0,1.0,0.0,10.0,Northeast,mobile,0,0,0.0
4623,22.0,4.0,5.0,3.0,Northeast,desktop,1,0,0.0
4624,52.0,2.0,3.0,4.0,West,mobile,0,0,0.0
4625,23.0,4.0,0.0,4.0,Midwest,mobile,0,0,0.0
4626,40.0,4.0,0.0,4.0,nan,desktop,0,0,0.0
4627,52.0,4.0,1.0,2.0,Southeast,tablet,0,0,0.0
4628,24.0,5.0,3.0,0.0,Southeast,mobile,0,0,0.0
4629,61.0,4.0,11.0,3.0,Midwest,tablet,1,0,0.0
4630,63.0,5.0,0.0,8.0,Northeast,mobile,0,0,0.0
4631,51.0,5.0,12.0,11.0,West,mobile,1,1,32.16
4632,32.0,5.0,1.0,2.0,Northeast,desktop,0,0,0.0
4633,52.0,1.0,2.0,4.0,Midwest,desktop,0,0,0.0
4634,35.0,4.0,9.0,2.0,Northeast,mobile,1,1,26.18
4635,50.0,5.0,14.0,10.0,Midwest,mobile,1,0,0.0
4636,28.0,5.0,2.0,4.0,Midwest,desktop,0,0,0.0
4637,48.0,2.0,9.0,1.0,Midwest,mobile,0,0,0.0
4638,36.0,5.0,6.0,9.0,nan,mobile,1,1,22.59
4639,47.0,5.0,11.0,1.0,West,tablet,1,1,26.03
4640,36.0,4.0,12.0,10.0,Midwest,desktop,0,0,0.0
4641,33.0,2.0,10.0,6.0,West,tablet,1,0,0.0
4642,37.0,4.0,0.0,6.0,West,mobile,1,1,18.19
4643,59.0,1.0,4.0,5.0,nan,mobile,0,0,0.0
4644,39.0,2.0,4.0,11.0,Northeast,mobile,0,0,0.0
4645,51.0,3.0,10.0,2.0,West,mobile,1,0,0.0
4646,50.0,5.0,9.0,5.0,Northeast,desktop,1,0,0.0
4647,47.0,3.0,7.0,0.0,Northeast,tablet,1,0,0.0
4648,63.0,4.0,2.0,7.0,West,mobile,0,0,0.0
4649,23.0,3.0,2.0,7.0,Midwest,mobile,0,0,0.0
4650,44.0,5.0,7.0,11.0,West,mobile,1,1,29.98
4651,63.0,5.0,14.0,7.0,Southeast,mobile,1,0,0.0
4652,64.0,2.0,10.0,6.0,Northeast,mobile,1,1,24.41
4653,41.0,3.0,2.0,8.0,West,desktop,0,1,19.38
4654,24.0,2.0,14.0,5.0,Midwest,tablet,0,0,0.0
4655,37.0,4.0,4.0,11.0,Southeast,mobile,1,0,0.0
4656,38.0,1.0,14.0,0.0,Midwest,tablet,1,0,0.0
4657,37.0,2.0,12.0,4.0,Midwest,desktop,1,1,25.1
4658,23.0,5.0,2.0,10.0,Northeast,mobile,0,0,0.0
4659,61.0,4.0,0.0,7.0,West,desktop,1,1,19.8
4660,47.0,5.0,13.0,2.0,West,mobile,1,0,0.0
4661,38.0,4.0,0.0,8.0,Northeast,mobile,0,0,0.0
4662,64.0,4.0,0.0,5.0,Midwest,mobile,0,0,0.0
4663,58.0,3.0,7.0,7.0,Southeast,desktop,0,0,0.0
4664,31.0,3.0,6.0,9.0,nan,mobile,0,0,0.0
4665,29.0,3.0,6.0,8.0,Midwest,desktop,0,1,22.96
4666,52.0,1.0,7.0,6.0,Northeast,desktop,0,0,0.0
4667,59.0,2.0,3.0,9.0,West,desktop,0,0,0.0
4668,54.0,5.0,1.0,9.0,Southeast,mobile,0,0,0.0
4669,57.0,4.0,5.0,6.0,nan,desktop,0,0,0.0
4670,26.0,2.0,4.0,10.0,Northeast,tablet,1,0,0.0
4671,29.0,1.0,6.0,5.0,Northeast,desktop,0,0,0.0
4672,40.0,2.0,11.0,10.0,nan,mobile,1,1,25.12
4673,47.0,4.0,0.0,9.0,nan,desktop,0,0,0.0
4674,28.0,5.0,3.0,0.0,Northeast,mobile,0,0,0.0
4675,24.0,2.0,13.0,5.0,Southeast,tablet,1,0,0.0
4676,37.0,2.0,9.0,2.0,nan,mobile,0,1,24.42
4677,52.0,3.0,7.0,2.0,Southeast,mobile,0,0,0.0
4678,56.0,1.0,14.0,10.0,nan,mobile,0,0,0.0
4679,57.0,3.0,6.0,9.0,Midwest,mobile,1,1,26.73
4680,34.0,3.0,0.0,3.0,West,mobile,1,0,0.0
4681,34.0,2.0,14.0,7.0,West,mobile,1,0,0.0
4682,62.0,3.0,0.0,8.0,West,tablet,0,0,0.0
4683,28.0,3.0,11.0,1.0,Southeast,desktop,1,0,0.0
4684,55.0,5.0,3.0,6.0,nan,desktop,0,0,0.0
4685,22.0,4.0,11.0,7.0,Southeast,mobile,1,0,0.0
4686,33.0,5.0,1.0,11.0,Northeast,mobile,1,0,0.0
4687,30.0,3.0,4.0,5.0,West,mobile,1,1,25.65
4688,40.0,2.0,1.0,3.0,Northeast,desktop,0,0,0.0
4689,26.0,1.0,8.0,5.0,Northeast,mobile,0,0,0.0
4690,48.0,2.0,6.0,9.0,West,mobile,0,0,0.0
4691,40.0,2.0,3.0,1.0,West,desktop,0,0,0.0
4692,48.0,3.0,9.0,4.0,West,desktop,0,0,0.0
4693,53.0,3.0,0.0,1.0,Southeast,mobile,0,0,0.0
4694,46.0,3.0,11.0,2.0,Northeast,tablet,1,0,0.0
4695,44.0,2.0,1.0,1.0,Southeast,mobile,0,0,0.0
4696,38.0,5.0,1.0,5.0,West,mobile,1,0,0.0
4697,50.0,4.0,4.0,8.0,Northeast,desktop,1,0,0.0
4698,62.0,1.0,8.0,6.0,nan,desktop,0,0,0.0
4699,28.0,3.0,12.0,1.0,nan,mobile,1,1,30.34
4700,25.0,1.0,10.0,1.0,nan,mobile,0,0,0.0
4701,56.0,4.0,5.0,5.0,Midwest,mobile,0,0,0.0
4702,49.0,2.0,9.0,2.0,Midwest,desktop,1,0,0.0
4703,46.0,3.0,12.0,1.0,Midwest,mobile,0,0,0.0
4704,23.0,1.0,6.0,10.0,Midwest,mobile,0,0,0.0
4705,40.0,5.0,11.0,4.0,nan,mobile,1,0,0.0
4706,45.0,1.0,6.0,7.0,nan,mobile,0,1,15.97
4707,54.0,4.0,6.0,5.0,Southeast,desktop,1,0,0.0
4708,29.0,3.0,11.0,8.0,Northeast,mobile,1,0,0.0
4709,47.0,1.0,11.0,4.0,Midwest,mobile,0,1,24.05
4710,25.0,5.0,3.0,4.0,Northeast,tablet,0,0,0.0
4711,56.0,3.0,1.0,10.0,West,mobile,1,0,0.0
4712,24.0,5.0,2.0,6.0,West,mobile,1,0,0.0
4713,46.0,3.0,13.0,9.0,West,desktop,0,0,0.0
4714,63.0,1.0,0.0,0.0,Southeast,desktop,1,0,0.0
4715,37.0,2.0,12.0,3.0,West,mobile,0,0,0.0
4716,27.0,1.0,6.0,1.0,Southeast,tablet,1,0,0.0
4717,49.0,3.0,12.0,0.0,Midwest,desktop,0,0,0.0
4718,37.0,4.0,9.0,11.0,West,mobile,1,1,29.09
4719,50.0,3.0,10.0,9.0,Southeast,desktop,0,0,0.0
4720,42.0,2.0,7.0,2.0,nan,desktop,0,0,0.0
4721,37.0,2.0,6.0,3.0,Southeast,tablet,0,1,16.99
4722,23.0,3.0,1.0,5.0,nan,tablet,0,0,0.0
4723,37.0,2.0,4.0,3.0,nan,desktop,0,0,0.0
4724,61.0,4.0,14.0,11.0,Southeast,desktop,0,0,0.0
4725,64.0,2.0,6.0,5.0,Northeast,mobile,0,0,0.0
4726,22.0,5.0,5.0,7.0,Southeast,desktop,0,0,0.0
4727,30.0,2.0,14.0,8.0,West,desktop,1,0,0.0
4728,61.0,1.0,0.0,1.0,Northeast,tablet,0,0,0.0
4729,57.0,5.0,9.0,6.0,nan,mobile,1,0,0.0
4730,23.0,1.0,9.0,5.0,Midwest,desktop,1,1,21.56
4731,40.0,1.0,10.0,8.0,West,tablet,0,0,0.0
4732,39.0,2.0,0.0,5.0,West,desktop,0,0,0.0
4733,64.0,1.0,12.0,0.0,West,mobile,0,1,26.04
4734,55.0,3.0,13.0,5.0,Northeast,mobile,1,1,23.63
4735,55.0,5.0,9.0,10.0,West,tablet,1,0,0.0
4736,23.0,1.0,9.0,10.0,West,desktop,0,1,22.16
4737,51.0,3.0,8.0,2.0,West,desktop,1,0,0.0
4738,56.0,2.0,4.0,6.0,nan,mobile,0,0,0.0
4739,39.0,4.0,13.0,7.0,Midwest,desktop,0,0,0.0
4740,42.0,2.0,5.0,9.0,Midwest,tablet,0,0,0.0
4741,32.0,2.0,11.0,3.0,Midwest,desktop,1,0,0.0
4742,42.0,1.0,1.0,4.0,West,mobile,0,0,0.0
4743,36.0,1.0,1.0,10.0,nan,mobile,0,1,20.65
4744,30.0,5.0,6.0,8.0,Midwest,mobile,0,0,0.0
4745,64.0,3.0,0.0,1.0,Southeast,mobile,0,0,0.0
4746,32.0,5.0,7.0,5.0,Midwest,mobile,1,0,0.0
4747,30.0,5.0,8.0,0.0,nan,desktop,1,1,27.84
4748,56.0,3.0,2.0,9.0,Northeast,tablet,0,0,0.0
4749,28.0,3.0,9.0,4.0,nan,tablet,1,0,0.0
4750,22.0,5.0,10.0,8.0,West,mobile,1,0,0.0
4751,47.0,4.0,2.0,11.0,Southeast,mobile,0,0,0.0
4752,35.0,2.0,4.0,4.0,nan,mobile,0,0,0.0
4753,51.0,5.0,12.0,11.0,West,mobile,1,0,0.0
4754,35.0,5.0,1.0,4.0,nan,desktop,0,0,0.0
4755,26.0,1.0,9.0,3.0,Midwest,mobile,0,1,25.55
4756,33.0,4.0,3.0,9.0,West,desktop,0,0,0.0
4757,39.0,1.0,10.0,0.0,Southeast,mobile,0,0,0.0
4758,35.0,2.0,0.0,7.0,Southeast,desktop,0,0,0.0
4759,47.0,4.0,12.0,1.0,Northeast,tablet,0,0,0.0
4760,27.0,4.0,13.0,7.0,Midwest,mobile,0,0,0.0
4761,49.0,2.0,8.0,3.0,Northeast,tablet,0,0,0.0
4762,29.0,3.0,6.0,11.0,nan,desktop,0,0,0.0
4763,47.0,1.0,10.0,3.0,Southeast,mobile,0,0,0.0
4764,45.0,3.0,14.0,2.0,West,mobile,0,0,0.0
4765,29.0,2.0,9.0,9.0,nan,mobile,0,0,0.0
4766,46.0,5.0,9.0,6.0,Midwest,desktop,0,0,0.0
4767,63.0,4.0,7.0,7.0,Northeast,desktop,0,0,0.0
4768,61.0,2.0,0.0,2.0,Southeast,mobile,0,0,0.0
4769,54.0,3.0,1.0,3.0,nan,mobile,0,0,0.0
4770,44.0,5.0,2.0,2.0,nan,tablet,1,0,0.0
4771,55.0,5.0,0.0,9.0,West,tablet,0,0,0.0
4772,40.0,5.0,7.0,7.0,West,desktop,1,0,0.0
4773,35.0,3.0,5.0,3.0,Midwest,mobile,0,0,0.0
4774,26.0,3.0,0.0,1.0,Midwest,mobile,0,1,25.81
4775,42.0,4.0,8.0,7.0,Midwest,desktop,0,0,0.0
4776,53.0,4.0,9.0,1.0,Southeast,mobile,1,0,0.0
4777,58.0,1.0,3.0,11.0,West,tablet,0,0,0.0
4778,41.0,1.0,13.0,2.0,nan,desktop,0,0,0.0
4779,51.0,3.0,4.0,4.0,nan,mobile,1,0,0.0
4780,54.0,3.0,4.0,6.0,Southeast,tablet,0,0,0.0
4781,32.0,1.0,13.0,2.0,Northeast,desktop,0,0,0.0
4782,30.0,1.0,12.0,11.0,nan,desktop,1,0,0.0
4783,46.0,3.0,5.0,7.0,Northeast,desktop,1,0,0.0
4784,48.0,1.0,13.0,8.0,Southeast,tablet,1,0,0.0
4785,24.0,1.0,8.0,1.0,Northeast,tablet,1,0,0.0
4786,53.0,2.0,3.0,7.0,Northeast,tablet,0,1,18.19
4787,42.0,5.0,6.0,9.0,Midwest,tablet,1,0,0.0
4788,37.0,1.0,7.0,4.0,Northeast,desktop,0,0,0.0
4789,42.0,3.0,0.0,9.0,Midwest,tablet,0,0,0.0
4790,42.0,5.0,4.0,1.0,Midwest,mobile,1,1,28.54
4791,52.0,1.0,9.0,7.0,Midwest,mobile,0,0,0.0
4792,24.0,5.0,4.0,9.0,West,mobile,1,1,22.03
4793,58.0,4.0,9.0,6.0,Southeast,mobile,0,0,0.0
4794,33.0,1.0,0.0,0.0,Northeast,mobile,0,0,0.0
4795,58.0,3.0,3.0,5.0,West,desktop,1,0,0.0
4796,29.0,1.0,3.0,8.0,West,mobile,0,0,0.0
4797,37.0,2.0,9.0,1.0,Midwest,mobile,0,0,0.0
4798,38.0,5.0,11.0,4.0,Northeast,mobile,1,1,31.64
4799,29.0,5.0,6.0,8.0,nan,desktop,1,0,0.0
4800,25.0,1.0,13.0,5.0,Southeast,mobile,0,1,24.11
4801,22.0,5.0,14.0,5.0,Southeast,mobile,1,0,0.0
4802,57.0,5.0,4.0,6.0,Northeast,desktop,0,0,0.0
4803,27.0,4.0,6.0,6.0,West,mobile,1,0,0.0
4804,53.0,3.0,0.0,2.0,Midwest,desktop,0,1,14.2
4805,22.0,4.0,5.0,1.0,nan,mobile,1,1,23.55
4806,59.0,3.0,11.0,8.0,West,mobile,1,0,0.0
4807,32.0,2.0,12.0,9.0,Southeast,mobile,1,0,0.0
4808,62.0,1.0,10.0,3.0,West,tablet,1,0,0.0
4809,42.0,1.0,6.0,3.0,Southeast,desktop,0,0,0.0
4810,46.0,2.0,4.0,1.0,nan,desktop,0,0,0.0
4811,42.0,4.0,7.0,2.0,Northeast,mobile,1,0,0.0
4812,54.0,5.0,12.0,4.0,Midwest,mobile,0,0,0.0
4813,31.0,2.0,13.0,9.0,nan,desktop,0,0,0.0
4814,43.0,2.0,11.0,10.0,West,desktop,1,1,23.71
4815,32.0,1.0,6.0,10.0,Southeast,mobile,1,0,0.0
4816,55.0,5.0,1.0,4.0,West,tablet,0,0,0.0
4817,58.0,1.0,11.0,1.0,Northeast,tablet,0,0,0.0
4818,45.0,3.0,7.0,11.0,Northeast,mobile,1,0,0.0
4819,48.0,1.0,0.0,0.0,Midwest,mobile,0,0,0.0
4820,53.0,5.0,2.0,0.0,nan,tablet,1,0,0.0
4821,39.0,5.0,14.0,9.0,Midwest,desktop,1,1,26.23
4822,33.0,4.0,2.0,0.0,Northeast,mobile,0,0,0.0
4823,62.0,1.0,6.0,6.0,Midwest,tablet,0,0,0.0
4824,51.0,3.0,5.0,10.0,nan,desktop,0,0,0.0
4825,23.0,5.0,7.0,11.0,Midwest,desktop,1,0,0.0
4826,46.0,5.0,2.0,2.0,Southeast,desktop,0,0,0.0
4827,41.0,1.0,5.0,2.0,nan,mobile,0,0,0.0
4828,32.0,5.0,12.0,2.0,nan,mobile,0,0,0.0
4829,55.0,3.0,1.0,5.0,Midwest,mobile,0,0,0.0
4830,51.0,5.0,6.0,9.0,West,mobile,1,0,0.0
4831,41.0,3.0,12.0,2.0,Southeast,mobile,1,0,0.0
4832,37.0,1.0,13.0,2.0,Southeast,mobile,1,0,0.0
4833,31.0,3.0,13.0,5.0,Midwest,mobile,0,1,26.38
4834,49.0,5.0,8.0,7.0,nan,desktop,1,0,0.0
4835,58.0,5.0,0.0,3.0,West,tablet,0,0,0.0
4836,50.0,4.0,9.0,0.0,nan,desktop,0,0,0.0
4837,22.0,5.0,14.0,11.0,West,mobile,1,0,0.0
4838,50.0,4.0,8.0,10.0,West,mobile,1,0,0.0
4839,40.0,3.0,10.0,5.0,West,desktop,1,0,0.0
4840,51.0,5.0,2.0,6.0,Northeast,tablet,1,1,26.73
4841,38.0,2.0,10.0,4.0,West,tablet,0,0,0.0
4842,39.0,1.0,2.0,5.0,Northeast,desktop,0,0,0.0
4843,41.0,5.0,5.0,9.0,Midwest,mobile,1,0,0.0
4844,48.0,4.0,4.0,4.0,Midwest,mobile,0,0,0.0
4845,58.0,4.0,0.0,9.0,West,mobile,0,0,0.0
4846,60.0,2.0,10.0,3.0,nan,mobile,0,1,26.62
4847,29.0,3.0,1.0,2.0,Northeast,mobile,0,0,0.0
4848,24.0,4.0,12.0,3.0,nan,mobile,1,0,0.0
4849,57.0,4.0,12.0,5.0,West,desktop,0,0,0.0
4850,55.0,2.0,2.0,11.0,West,mobile,0,0,0.0
4851,33.0,2.0,7.0,7.0,West,desktop,1,1,26.68
4852,27.0,2.0,1.0,3.0,Northeast,mobile,0,0,0.0
4853,27.0,3.0,2.0,1.0,Northeast,tablet,0,1,21.05
4854,42.0,4.0,12.0,2.0,Northeast,mobile,1,0,0.0
4855,34.0,2.0,5.0,4.0,Southeast,mobile,1,0,0.0
4856,29.0,2.0,5.0,5.0,Midwest,desktop,0,0,0.0
4857,56.0,2.0,13.0,2.0,Northeast,desktop,1,0,0.0
4858,55.0,2.0,3.0,3.0,West,mobile,0,0,0.0
4859,44.0,5.0,3.0,2.0,Midwest,tablet,1,0,0.0
4860,23.0,1.0,0.0,3.0,West,desktop,0,0,0.0
4861,28.0,3.0,12.0,10.0,Northeast,mobile,1,0,0.0
4862,52.0,1.0,3.0,3.0,Midwest,desktop,1,0,0.0
4863,38.0,3.0,6.0,2.0,nan,desktop,1,0,0.0
4864,39.0,4.0,0.0,1.0,nan,mobile,0,0,0.0
4865,57.0,3.0,7.0,0.0,West,tablet,0,0,0.0
4866,33.0,3.0,10.0,10.0,West,desktop,1,1,32.35
4867,64.0,3.0,4.0,9.0,nan,desktop,0,0,0.0
4868,63.0,1.0,1.0,2.0,Northeast,mobile,0,0,0.0
4869,47.0,5.0,3.0,3.0,Northeast,desktop,0,1,20.94
4870,34.0,2.0,11.0,0.0,West,mobile,1,0,0.0
4871,64.0,1.0,13.0,0.0,Southeast,tablet,0,0,0.0
4872,31.0,2.0,10.0,9.0,Northeast,tablet,0,0,0.0
4873,59.0,2.0,13.0,4.0,nan,mobile,0,0,0.0
4874,40.0,2.0,0.0,5.0,Northeast,desktop,0,0,0.0
4875,58.0,4.0,11.0,9.0,West,desktop,1,1,30.43
4876,34.0,1.0,14.0,4.0,Midwest,desktop,0,0,0.0
4877,52.0,2.0,13.0,11.0,Southeast,desktop,1,1,30.58
4878,53.0,1.0,14.0,6.0,Midwest,desktop,0,0,0.0
4879,38.0,2.0,7.0,2.0,Southeast,desktop,0,1,25.91
4880,23.0,4.0,14.0,6.0,Northeast,mobile,1,1,30.97
4881,34.0,2.0,6.0,3.0,West,mobile,0,0,0.0
4882,51.0,4.0,3.0,4.0,Midwest,tablet,0,0,0.0
4883,56.0,3.0,12.0,8.0,Southeast,desktop,1,1,21.87
4884,40.0,2.0,10.0,10.0,Midwest,desktop,1,1,26.9
4885,60.0,2.0,10.0,6.0,Midwest,mobile,1,0,0.0
4886,55.0,2.0,6.0,10.0,Southeast,mobile,0,0,0.0
4887,26.0,3.0,14.0,4.0,Northeast,mobile,1,0,0.0
4888,36.0,5.0,5.0,4.0,West,desktop,0,1,26.22
4889,44.0,2.0,9.0,10.0,West,desktop,1,0,0.0
4890,22.0,5.0,6.0,2.0,Northeast,tablet,1,0,0.0
4891,33.0,4.0,5.0,1.0,Northeast,mobile,0,0,0.0
4892,54.0,3.0,10.0,5.0,Midwest,mobile,1,0,0.0
4893,58.0,2.0,1.0,1.0,West,mobile,0,0,0.0
4894,27.0,2.0,1.0,1.0,Midwest,tablet,0,0,0.0
4895,47.0,4.0,9.0,7.0,Southeast,desktop,1,0,0.0
4896,42.0,5.0,6.0,3.0,West,mobile,0,1,18.91
4897,58.0,3.0,2.0,1.0,Northeast,mobile,0,0,0.0
4898,57.0,1.0,14.0,4.0,Midwest,tablet,1,0,0.0
4899,62.0,3.0,14.0,10.0,Northeast,desktop,1,0,0.0
4900,61.0,2.0,9.0,4.0,Southeast,mobile,0,0,0.0
4901,53.0,4.0,5.0,3.0,Midwest,mobile,1,0,0.0
4902,32.0,3.0,13.0,2.0,Midwest,desktop,0,0,0.0
4903,32.0,1.0,3.0,3.0,Northeast,desktop,1,0,0.0
4904,58.0,2.0,0.0,6.0,Southeast,mobile,0,1,24.28
4905,52.0,5.0,9.0,4.0,Midwest,mobile,1,0,0.0
4906,55.0,5.0,8.0,7.0,West,desktop,0,0,0.0
4907,34.0,2.0,4.0,5.0,Southeast,mobile,0,0,0.0
4908,61.0,3.0,10.0,7.0,West,mobile,1,0,0.0
4909,29.0,2.0,3.0,10.0,nan,tablet,0,0,0.0
4910,57.0,5.0,5.0,9.0,West,mobile,0,0,0.0
4911,36.0,5.0,2.0,11.0,West,mobile,0,1,21.89
4912,25.0,2.0,1.0,0.0,West,mobile,0,0,0.0
4913,57.0,2.0,1.0,3.0,nan,mobile,0,0,0.0
4914,62.0,1.0,1.0,1.0,Northeast,desktop,0,0,0.0
4915,63.0,4.0,2.0,8.0,Southeast,mobile,1,0,0.0
4916,23.0,5.0,8.0,5.0,Midwest,mobile,0,1,25.69
4917,41.0,3.0,5.0,0.0,Southeast,mobile,1,0,0.0
4918,36.0,3.0,2.0,5.0,Southeast,mobile,1,0,0.0
4919,36.0,2.0,1.0,6.0,nan,mobile,0,0,0.0
4920,38.0,4.0,0.0,2.0,West,mobile,0,0,0.0
4921,22.0,1.0,9.0,3.0,Southeast,desktop,0,0,0.0
4922,42.0,2.0,12.0,3.0,Southeast,desktop,0,0,0.0
4923,25.0,4.0,3.0,6.0,West,mobile,1,1,27.16
4924,32.0,1.0,12.0,1.0,Midwest,tablet,0,0,0.0
4925,52.0,2.0,10.0,5.0,Southeast,mobile,0,0,0.0
4926,27.0,4.0,11.0,6.0,West,tablet,1,0,0.0
4927,50.0,2.0,4.0,6.0,nan,mobile,1,0,0.0
4928,57.0,2.0,8.0,5.0,Southeast,mobile,1,0,0.0
4929,64.0,4.0,8.0,8.0,West,mobile,1,0,0.0
4930,49.0,5.0,7.0,8.0,Southeast,desktop,1,0,0.0
4931,59.0,2.0,11.0,5.0,nan,mobile,1,0,0.0
4932,42.0,2.0,8.0,7.0,Midwest,desktop,1,0,0.0
4933,60.0,2.0,8.0,1.0,Northeast,mobile,0,0,0.0
4934,55.0,2.0,11.0,3.0,Southeast,desktop,1,0,0.0
4935,61.0,5.0,3.0,2.0,Southeast,desktop,0,0,0.0
4936,61.0,4.0,9.0,9.0,Midwest,desktop,1,1,30.03
4937,51.0,5.0,10.0,4.0,Northeast,tablet,1,0,0.0
4938,31.0,2.0,2.0,1.0,West,mobile,0,0,0.0
4939,24.0,1.0,10.0,7.0,West,mobile,0,0,0.0
4940,35.0,1.0,5.0,7.0,Southeast,mobile,0,0,0.0
4941,34.0,5.0,10.0,10.0,Southeast,mobile,1,1,28.11
4942,62.0,2.0,10.0,7.0,Southeast,desktop,1,1,29.74
4943,23.0,1.0,4.0,11.0,Midwest,desktop,0,0,0.0
4944,45.0,4.0,8.0,2.0,Northeast,desktop,0,1,23.54
4945,64.0,2.0,7.0,5.0,Midwest,mobile,0,1,26.39
4946,34.0,1.0,13.0,2.0,West,mobile,0,0,0.0
4947,46.0,2.0,2.0,5.0,nan,desktop,0,0,0.0
4948,28.0,4.0,4.0,1.0,nan,desktop,0,0,0.0
4949,40.0,2.0,6.0,4.0,Southeast,desktop,0,0,0.0
4950,64.0,5.0,10.0,7.0,West,mobile,0,0,0.0
4951,50.0,3.0,3.0,3.0,West,mobile,1,1,29.71
4952,45.0,1.0,10.0,4.0,West,mobile,0,0,0.0
4953,63.0,5.0,2.0,6.0,Northeast,desktop,1,0,0.0
4954,59.0,2.0,11.0,11.0,Northeast,mobile,0,0,0.0
4955,33.0,2.0,11.0,2.0,Southeast,mobile,1,0,0.0
4956,49.0,2.0,9.0,7.0,Southeast,mobile,0,0,0.0
4957,49.0,3.0,14.0,11.0,West,mobile,0,0,0.0
4958,41.0,3.0,13.0,0.0,West,desktop,0,0,0.0
4959,29.0,3.0,10.0,4.0,Midwest,mobile,1,1,27.87
4960,58.0,4.0,11.0,4.0,Midwest,mobile,0,1,25.38
4961,28.0,2.0,9.0,11.0,Midwest,desktop,1,0,0.0
4962,37.0,5.0,12.0,0.0,Northeast,desktop,0,1,25.46
4963,32.0,3.0,12.0,11.0,Southeast,tablet,1,0,0.0
4964,55.0,5.0,6.0,7.0,Northeast,mobile,1,0,0.0
4965,26.0,1.0,2.0,0.0,Northeast,mobile,1,0,0.0
4966,41.0,2.0,1.0,11.0,West,desktop,0,0,0.0
4967,58.0,5.0,4.0,9.0,Midwest,mobile,0,0,0.0
4968,60.0,2.0,8.0,8.0,Midwest,mobile,1,0,0.0
4969,30.0,4.0,4.0,3.0,West,desktop,0,1,25.08
4970,43.0,2.0,7.0,3.0,Midwest,tablet,0,0,0.0
4971,43.0,5.0,3.0,9.0,Southeast,mobile,0,0,0.0
4972,36.0,4.0,13.0,2.0,West,desktop,1,0,0.0
4973,56.0,3.0,6.0,5.0,Southeast,desktop,0,0,0.0
4974,53.0,2.0,10.0,10.0,Northeast,desktop,0,0,0.0
4975,25.0,5.0,8.0,11.0,nan,mobile,0,0,0.0
4976,58.0,5.0,11.0,1.0,West,tablet,0,0,0.0
4977,37.0,3.0,8.0,9.0,Midwest,mobile,0,0,0.0
4978,58.0,3.0,10.0,8.0,Northeast,tablet,0,0,0.0
4979,54.0,4.0,12.0,10.0,Midwest,desktop,1,1,29.64
4980,42.0,1.0,9.0,2.0,Midwest,tablet,0,0,0.0
4981,51.0,4.0,9.0,9.0,Southeast,desktop,0,1,20.57
4982,40.0,4.0,13.0,3.0,Northeast,desktop,1,1,32.54
4983,55.0,4.0,10.0,4.0,Midwest,mobile,1,0,0.0
4984,28.0,3.0,1.0,0.0,nan,desktop,0,1,21.33
4985,48.0,3.0,12.0,8.0,Southeast,mobile,0,1,24.56
4986,23.0,5.0,13.0,2.0,nan,mobile,1,1,26.18
4987,53.0,4.0,8.0,4.0,Southeast,mobile,1,0,0.0
4988,62.0,4.0,12.0,0.0,Southeast,tablet,0,1,23.66
4989,54.0,3.0,1.0,6.0,nan,tablet,0,0,0.0
4990,53.0,3.0,14.0,6.0,Northeast,desktop,1,0,0.0
4991,57.0,2.0,13.0,8.0,West,mobile,0,0,0.0
4992,46.0,1.0,2.0,5.0,Midwest,mobile,0,0,0.0
4993,48.0,5.0,9.0,9.0,Northeast,mobile,1,0,0.0
4994,47.0,3.0,12.0,6.0,West,tablet,0,0,0.0
4995,42.0,3.0,11.0,1.0,Southeast,mobile,1,0,0.0
4996,23.0,4.0,3.0,0.0,West,desktop,0,1,26.26
4997,25.0,4.0,3.0,2.0,Midwest,mobile,1,0,0.0
4998,41.0,5.0,0.0,9.0,West,mobile,1,0,0.0
4999,33.0,4.0,8.0,4.0,Northeast,desktop,0,0,0.0
5000,61.0,5.0,3.0,1.0,Midwest,mobile,1,0,0.0
5001,64.0,4.0,8.0,4.0,Midwest,mobile,1,0,0.0
5002,41.0,5.0,2.0,9.0,nan,mobile,0,0,0.0
5003,51.0,1.0,6.0,9.0,nan,mobile,1,1,24.42
5004,46.0,4.0,4.0,3.0,Midwest,tablet,0,0,0.0
5005,32.0,1.0,2.0,3.0,Southeast,mobile,1,0,0.0
5006,38.0,3.0,13.0,5.0,Midwest,desktop,1,0,0.0
5007,38.0,1.0,1.0,3.0,West,mobile,0,0,0.0
5008,26.0,3.0,9.0,7.0,Northeast,mobile,1,1,31.34
5009,22.0,2.0,6.0,8.0,nan,mobile,1,1,24.99
5010,35.0,3.0,8.0,7.0,West,mobile,0,0,0.0
5011,60.0,5.0,4.0,10.0,Midwest,desktop,0,0,0.0
5012,25.0,2.0,13.0,6.0,Midwest,tablet,1,0,0.0
5013,44.0,1.0,5.0,8.0,nan,mobile,1,0,0.0
5014,46.0,1.0,13.0,4.0,Midwest,desktop,0,0,0.0
5015,50.0,5.0,5.0,2.0,Southeast,mobile,0,0,0.0
5016,64.0,2.0,14.0,5.0,West,mobile,0,0,0.0
5017,38.0,2.0,10.0,7.0,Northeast,desktop,1,0,0.0
5018,37.0,4.0,13.0,0.0,Southeast,desktop,1,0,0.0
5019,43.0,5.0,1.0,5.0,Northeast,desktop,0,0,0.0
5020,58.0,1.0,12.0,1.0,West,mobile,0,0,0.0
5021,47.0,4.0,10.0,3.0,nan,desktop,0,0,0.0
5022,23.0,2.0,0.0,8.0,West,desktop,1,0,0.0
5023,41.0,3.0,0.0,4.0,Northeast,mobile,0,0,0.0
5024,43.0,1.0,8.0,8.0,Northeast,desktop,0,0,0.0
5025,59.0,1.0,9.0,6.0,nan,desktop,0,0,0.0
5026,50.0,4.0,5.0,4.0,West,mobile,0,0,0.0
5027,51.0,4.0,13.0,5.0,Southeast,desktop,1,0,0.0
5028,35.0,2.0,0.0,9.0,Midwest,desktop,0,0,0.0
5029,53.0,2.0,5.0,6.0,West,mobile,0,0,0.0
5030,26.0,3.0,1.0,9.0,West,mobile,1,0,0.0
5031,30.0,3.0,14.0,3.0,Southeast,mobile,1,0,0.0
5032,31.0,5.0,6.0,6.0,West,mobile,1,0,0.0
5033,42.0,2.0,0.0,3.0,Northeast,tablet,0,0,0.0
5034,25.0,3.0,14.0,11.0,nan,tablet,1,0,0.0
5035,44.0,4.0,11.0,10.0,West,desktop,1,1,26.27
5036,60.0,2.0,6.0,3.0,nan,mobile,0,0,0.0
5037,39.0,1.0,8.0,2.0,Southeast,mobile,1,0,0.0
5038,22.0,3.0,11.0,3.0,Southeast,mobile,0,0,0.0
5039,33.0,2.0,3.0,0.0,Midwest,mobile,0,0,0.0
5040,24.0,5.0,3.0,0.0,Southeast,desktop,1,0,0.0
5041,49.0,2.0,12.0,0.0,Northeast,tablet,0,0,0.0
5042,56.0,3.0,3.0,1.0,West,mobile,0,0,0.0
5043,34.0,3.0,9.0,8.0,Northeast,mobile,1,0,0.0
5044,34.0,2.0,12.0,9.0,Northeast,mobile,0,0,0.0
5045,35.0,3.0,0.0,0.0,West,mobile,0,0,0.0
5046,37.0,4.0,4.0,7.0,Northeast,mobile,0,0,0.0
5047,51.0,2.0,0.0,6.0,nan,desktop,0,0,0.0
5048,35.0,4.0,9.0,2.0,Midwest,desktop,1,0,0.0
5049,38.0,5.0,2.0,7.0,West,desktop,1,0,0.0
5050,60.0,5.0,0.0,8.0,Northeast,tablet,1,0,0.0
5051,54.0,4.0,12.0,11.0,Midwest,desktop,1,0,0.0
5052,61.0,1.0,0.0,1.0,nan,desktop,0,0,0.0
5053,37.0,5.0,8.0,0.0,West,desktop,1,1,25.51
5054,61.0,5.0,7.0,4.0,Southeast,mobile,0,1,23.9
5055,34.0,5.0,4.0,8.0,Northeast,mobile,1,0,0.0
5056,35.0,4.0,8.0,11.0,Northeast,tablet,1,0,0.0
5057,62.0,1.0,9.0,7.0,West,mobile,0,0,0.0
5058,30.0,4.0,1.0,3.0,Midwest,mobile,0,0,0.0
5059,57.0,1.0,1.0,2.0,Midwest,mobile,0,0,0.0
5060,57.0,4.0,11.0,8.0,nan,mobile,1,0,0.0
5061,61.0,1.0,2.0,8.0,Midwest,mobile,0,0,0.0
5062,58.0,1.0,0.0,0.0,Midwest,desktop,0,0,0.0
5063,57.0,4.0,2.0,10.0,Northeast,tablet,1,0,0.0
5064,37.0,2.0,9.0,3.0,West,mobile,0,0,0.0
5065,45.0,1.0,2.0,6.0,Midwest,mobile,0,0,0.0
5066,46.0,1.0,10.0,3.0,nan,tablet,0,0,0.0
5067,34.0,2.0,14.0,3.0,Southeast,desktop,1,0,0.0
5068,38.0,3.0,6.0,10.0,Northeast,mobile,0,0,0.0
5069,58.0,4.0,14.0,6.0,Northeast,tablet,1,0,0.0
5070,22.0,3.0,6.0,2.0,West,mobile,0,0,0.0
5071,25.0,3.0,13.0,4.0,Midwest,desktop,1,0,0.0
5072,39.0,5.0,0.0,3.0,Southeast,tablet,0,0,0.0
5073,55.0,4.0,10.0,9.0,Southeast,mobile,1,0,0.0
5074,60.0,3.0,8.0,1.0,Southeast,desktop,1,0,0.0
5075,51.0,5.0,12.0,4.0,Southeast,mobile,0,0,0.0
5076,58.0,4.0,4.0,5.0,Southeast,mobile,1,0,0.0
5077,28.0,2.0,13.0,1.0,Midwest,mobile,1,1,27.45
5078,26.0,3.0,3.0,3.0,West,tablet,1,0,0.0
5079,43.0,1.0,7.0,6.0,Midwest,mobile,0,0,0.0
5080,35.0,4.0,1.0,2.0,West,mobile,0,1,23.22
5081,59.0,4.0,2.0,6.0,Midwest,mobile,0,1,14.49
5082,25.0,1.0,9.0,5.0,Southeast,mobile,0,0,0.0
5083,37.0,1.0,5.0,10.0,nan,desktop,0,0,0.0
5084,34.0,1.0,12.0,5.0,Northeast,mobile,0,0,0.0
5085,47.0,1.0,13.0,5.0,nan,tablet,0,0,0.0
5086,34.0,2.0,1.0,3.0,nan,desktop,0,0,0.0
5087,62.0,4.0,12.0,0.0,Northeast,desktop,1,0,0.0
5088,24.0,5.0,10.0,11.0,Northeast,mobile,1,1,29.06
5089,25.0,3.0,9.0,3.0,Southeast,tablet,1,0,0.0
5090,60.0,3.0,7.0,1.0,West,mobile,1,0,0.0
5091,44.0,3.0,9.0,1.0,Midwest,tablet,1,1,26.51
5092,58.0,4.0,0.0,8.0,nan,mobile,0,0,0.0
5093,41.0,4.0,3.0,4.0,nan,desktop,1,0,0.0
5094,61.0,1.0,7.0,6.0,Midwest,desktop,1,0,0.0
5095,42.0,3.0,12.0,1.0,Northeast,mobile,0,0,0.0
5096,54.0,2.0,12.0,4.0,nan,mobile,0,0,0.0
5097,64.0,5.0,8.0,3.0,Midwest,mobile,1,0,0.0
5098,54.0,5.0,14.0,8.0,Midwest,mobile,1,0,0.0
5099,33.0,2.0,13.0,8.0,West,tablet,1,0,0.0
5100,55.0,3.0,7.0,1.0,West,mobile,1,1,26.93
5101,38.0,2.0,1.0,10.0,Midwest,desktop,1,0,0.0
5102,51.0,1.0,6.0,11.0,Northeast,mobile,0,0,0.0
5103,50.0,1.0,10.0,1.0,West,mobile,1,0,0.0
5104,29.0,5.0,5.0,9.0,Midwest,mobile,1,0,0.0
5105,34.0,2.0,13.0,9.0,Midwest,tablet,1,0,0.0
5106,29.0,1.0,5.0,8.0,Southeast,desktop,0,0,0.0
5107,24.0,2.0,12.0,11.0,Northeast,desktop,1,0,0.0
5108,43.0,4.0,7.0,11.0,Northeast,desktop,1,1,26.52
5109,30.0,3.0,6.0,4.0,Midwest,mobile,0,0,0.0
5110,51.0,1.0,1.0,11.0,West,mobile,0,0,0.0
5111,32.0,3.0,4.0,2.0,Northeast,tablet,0,0,0.0
5112,23.0,5.0,9.0,2.0,Midwest,desktop,1,0,0.0
5113,28.0,3.0,7.0,8.0,West,desktop,1,1,23.11
5114,45.0,5.0,5.0,10.0,Midwest,desktop,1,0,0.0
5115,27.0,2.0,1.0,2.0,West,mobile,0,0,0.0
5116,60.0,2.0,9.0,9.0,nan,mobile,1,0,0.0
5117,54.0,3.0,9.0,9.0,Southeast,mobile,1,0,0.0
5118,27.0,5.0,9.0,5.0,West,desktop,1,1,30.05
5119,58.0,5.0,1.0,10.0,Southeast,mobile,1,0,0.0
5120,35.0,5.0,13.0,6.0,Midwest,mobile,0,0,0.0
5121,60.0,1.0,3.0,6.0,nan,mobile,1,0,0.0
5122,64.0,4.0,4.0,6.0,nan,tablet,0,0,0.0
5123,32.0,1.0,3.0,7.0,Midwest,mobile,0,0,0.0
5124,36.0,4.0,14.0,6.0,West,mobile,1,0,0.0
5125,28.0,2.0,7.0,10.0,Midwest,mobile,1,0,0.0
5126,23.0,4.0,9.0,5.0,West,mobile,1,1,27.72
5127,44.0,2.0,10.0,3.0,Midwest,desktop,0,0,0.0
5128,51.0,1.0,9.0,7.0,Midwest,mobile,0,0,0.0
5129,45.0,4.0,10.0,5.0,Northeast,mobile,0,0,0.0
5130,64.0,2.0,8.0,9.0,West,desktop,1,0,0.0
5131,26.0,1.0,9.0,10.0,Southeast,mobile,0,0,0.0
5132,31.0,2.0,3.0,11.0,Northeast,desktop,1,0,0.0
5133,60.0,1.0,6.0,10.0,Southeast,desktop,0,0,0.0
5134,31.0,2.0,0.0,7.0,Northeast,mobile,0,1,11.85
5135,37.0,3.0,7.0,5.0,Northeast,mobile,1,0,0.0
5136,40.0,3.0,8.0,11.0,Southeast,mobile,0,1,21.05
5137,31.0,2.0,7.0,4.0,Midwest,mobile,0,0,0.0
5138,45.0,2.0,13.0,11.0,nan,desktop,0,0,0.0
5139,56.0,5.0,7.0,11.0,Southeast,mobile,1,1,25.22
5140,57.0,3.0,12.0,7.0,West,mobile,0,1,24.73
5141,41.0,2.0,8.0,11.0,West,tablet,0,0,0.0
5142,64.0,3.0,1.0,3.0,Midwest,mobile,1,0,0.0
5143,35.0,5.0,0.0,0.0,Northeast,mobile,1,0,0.0
5144,56.0,1.0,4.0,6.0,nan,mobile,0,0,0.0
5145,59.0,5.0,11.0,3.0,West,desktop,1,0,0.0
5146,34.0,1.0,7.0,10.0,Northeast,mobile,0,0,0.0
5147,24.0,2.0,5.0,8.0,Southeast,mobile,1,0,0.0
5148,55.0,3.0,7.0,1.0,West,tablet,0,1,23.27
5149,25.0,2.0,14.0,7.0,West,desktop,1,1,28.25
5150,49.0,5.0,2.0,8.0,West,mobile,0,0,0.0
5151,43.0,4.0,8.0,4.0,Northeast,desktop,1,0,0.0
5152,43.0,3.0,10.0,11.0,Northeast,mobile,0,0,0.0
5153,53.0,2.0,12.0,8.0,Midwest,desktop,0,0,0.0
5154,49.0,5.0,7.0,8.0,Midwest,mobile,1,1,26.77
5155,48.0,2.0,14.0,3.0,Midwest,mobile,1,0,0.0
5156,40.0,5.0,12.0,11.0,Midwest,mobile,1,0,0.0
5157,51.0,5.0,1.0,8.0,West,mobile,0,0,0.0
5158,49.0,4.0,3.0,8.0,Midwest,desktop,1,0,0.0
5159,46.0,4.0,3.0,9.0,Southeast,mobile,0,1,25.24
5160,53.0,3.0,13.0,11.0,Northeast,mobile,1,0,0.0
5161,27.0,5.0,1.0,8.0,Midwest,tablet,1,0,0.0
5162,22.0,3.0,12.0,11.0,Northeast,mobile,1,1,28.98
5163,23.0,5.0,14.0,2.0,Midwest,mobile,1,0,0.0
5164,48.0,2.0,6.0,7.0,Southeast,mobile,0,1,20.99
5165,54.0,3.0,2.0,5.0,Midwest,mobile,0,1,15.82
5166,28.0,1.0,12.0,7.0,Southeast,mobile,0,0,0.0
5167,24.0,1.0,6.0,10.0,Southeast,mobile,1,1,28.99
5168,36.0,2.0,9.0,10.0,Northeast,tablet,0,0,0.0
5169,55.0,5.0,4.0,0.0,Midwest,desktop,1,0,0.0
5170,41.0,2.0,6.0,9.0,West,desktop,0,0,0.0
5171,50.0,5.0,5.0,11.0,Midwest,tablet,1,0,0.0
5172,63.0,2.0,7.0,7.0,nan,mobile,1,0,0.0
5173,44.0,4.0,0.0,7.0,Midwest,mobile,0,0,0.0
5174,35.0,1.0,8.0,8.0,Northeast,desktop,0,0,0.0
5175,23.0,3.0,4.0,11.0,West,mobile,1,0,0.0
5176,57.0,4.0,3.0,0.0,Midwest,mobile,0,0,0.0
5177,54.0,5.0,13.0,9.0,Southeast,mobile,1,0,0.0
5178,36.0,2.0,2.0,11.0,Midwest,mobile,0,0,0.0
5179,49.0,3.0,12.0,0.0,Northeast,mobile,0,1,27.37
5180,31.0,3.0,11.0,5.0,nan,desktop,1,1,28.42
5181,50.0,3.0,5.0,8.0,West,desktop,0,0,0.0
5182,40.0,2.0,1.0,1.0,nan,desktop,0,1,17.78
5183,30.0,5.0,9.0,2.0,Midwest,tablet,0,0,0.0
5184,25.0,3.0,10.0,4.0,Southeast,tablet,1,0,0.0
5185,22.0,4.0,2.0,11.0,Northeast,mobile,1,0,0.0
5186,57.0,3.0,13.0,6.0,West,desktop,1,0,0.0
5187,25.0,3.0,4.0,10.0,Southeast,desktop,0,0,0.0
5188,43.0,3.0,6.0,11.0,Southeast,mobile,1,0,0.0
5189,27.0,1.0,14.0,7.0,Northeast,mobile,0,0,0.0
5190,51.0,2.0,11.0,7.0,nan,desktop,0,0,0.0
5191,38.0,4.0,6.0,8.0,West,mobile,1,0,0.0
5192,56.0,5.0,12.0,0.0,West,mobile,0,0,0.0
5193,25.0,4.0,5.0,3.0,West,mobile,0,0,0.0
5194,39.0,4.0,4.0,0.0,West,mobile,0,0,0.0
5195,39.0,5.0,10.0,1.0,Southeast,mobile,1,1,28.27
5196,41.0,4.0,3.0,4.0,Midwest,mobile,0,0,0.0
5197,34.0,5.0,8.0,11.0,Midwest,mobile,1,1,22.97
5198,32.0,2.0,7.0,10.0,Northeast,mobile,1,0,0.0
5199,62.0,5.0,7.0,4.0,West,tablet,1,0,0.0
5200,52.0,5.0,13.0,4.0,Northeast,tablet,1,0,0.0
5201,41.0,5.0,5.0,11.0,Midwest,mobile,1,0,0.0
5202,57.0,2.0,10.0,11.0,West,tablet,0,1,23.9
5203,25.0,4.0,6.0,6.0,Northeast,mobile,1,0,0.0
5204,46.0,5.0,2.0,0.0,Northeast,mobile,0,0,0.0
5205,51.0,3.0,5.0,4.0,nan,mobile,0,0,0.0
5206,23.0,2.0,6.0,6.0,West,mobile,0,0,0.0
5207,52.0,1.0,2.0,8.0,West,mobile,0,0,0.0
5208,52.0,5.0,8.0,11.0,Northeast,mobile,0,0,0.0
5209,44.0,1.0,14.0,7.0,West,desktop,1,1,29.15
5210,50.0,5.0,5.0,5.0,Northeast,mobile,1,0,0.0
5211,62.0,3.0,8.0,6.0,Midwest,mobile,0,0,0.0
5212,36.0,2.0,2.0,6.0,Northeast,tablet,0,1,19.65
5213,31.0,2.0,4.0,7.0,Southeast,tablet,0,0,0.0
5214,39.0,1.0,12.0,3.0,nan,mobile,0,0,0.0
5215,62.0,3.0,2.0,2.0,West,mobile,1,0,0.0
5216,43.0,5.0,10.0,9.0,Northeast,desktop,0,0,0.0
5217,61.0,4.0,14.0,8.0,West,desktop,1,0,0.0
5218,56.0,3.0,11.0,11.0,Southeast,mobile,0,0,0.0
5219,27.0,3.0,11.0,8.0,Southeast,mobile,1,0,0.0
5220,51.0,2.0,2.0,5.0,Northeast,mobile,0,0,0.0
5221,59.0,5.0,1.0,10.0,Midwest,mobile,0,1,17.96
5222,44.0,3.0,2.0,10.0,Southeast,mobile,1,0,0.0
5223,35.0,5.0,12.0,7.0,nan,desktop,1,1,35.07
5224,56.0,5.0,1.0,1.0,West,desktop,0,0,0.0
5225,24.0,5.0,2.0,10.0,nan,desktop,1,0,0.0
5226,58.0,5.0,9.0,8.0,Northeast,desktop,1,0,0.0
5227,25.0,4.0,0.0,3.0,Northeast,mobile,1,0,0.0
5228,24.0,2.0,13.0,3.0,West,mobile,1,0,0.0
5229,44.0,2.0,10.0,1.0,West,mobile,0,0,0.0
5230,25.0,4.0,12.0,1.0,West,mobile,0,0,0.0
5231,52.0,2.0,10.0,4.0,Midwest,desktop,1,0,0.0
5232,42.0,3.0,3.0,7.0,Northeast,mobile,0,0,0.0
5233,53.0,4.0,9.0,7.0,West,mobile,0,1,21.0
5234,55.0,2.0,5.0,6.0,West,mobile,0,0,0.0
5235,55.0,1.0,14.0,7.0,West,desktop,0,0,0.0
5236,26.0,1.0,7.0,6.0,West,mobile,1,1,24.18
5237,58.0,4.0,9.0,7.0,Midwest,mobile,0,1,25.95
5238,59.0,1.0,0.0,8.0,Northeast,desktop,0,0,0.0
5239,43.0,4.0,2.0,10.0,nan,desktop,1,0,0.0
5240,27.0,1.0,10.0,5.0,West,mobile,0,0,0.0
5241,53.0,4.0,14.0,7.0,Midwest,mobile,1,1,26.88
5242,51.0,4.0,3.0,4.0,Northeast,mobile,0,0,0.0
5243,27.0,2.0,14.0,10.0,Northeast,desktop,0,0,0.0
5244,56.0,2.0,12.0,8.0,Northeast,mobile,1,0,0.0
5245,51.0,3.0,10.0,2.0,Northeast,mobile,1,0,0.0
5246,23.0,3.0,7.0,8.0,West,mobile,1,0,0.0
5247,48.0,5.0,0.0,1.0,Midwest,mobile,0,0,0.0
5248,58.0,4.0,2.0,6.0,Southeast,desktop,0,0,0.0
5249,63.0,3.0,1.0,10.0,Southeast,mobile,0,1,24.39
5250,58.0,1.0,11.0,7.0,Southeast,mobile,0,0,0.0
5251,58.0,5.0,4.0,0.0,Midwest,desktop,0,0,0.0
5252,28.0,3.0,12.0,6.0,Midwest,mobile,1,1,23.87
5253,23.0,5.0,11.0,9.0,nan,mobile,1,0,0.0
5254,30.0,2.0,12.0,7.0,Northeast,mobile,1,0,0.0
5255,59.0,2.0,13.0,10.0,nan,desktop,0,0,0.0
5256,58.0,4.0,1.0,4.0,Southeast,tablet,1,0,0.0
5257,25.0,4.0,9.0,5.0,nan,mobile,1,1,25.18
5258,63.0,1.0,7.0,9.0,West,mobile,0,0,0.0
5259,31.0,4.0,11.0,7.0,nan,desktop,1,1,30.61
5260,42.0,3.0,0.0,8.0,nan,tablet,0,0,0.0
5261,48.0,5.0,6.0,3.0,Midwest,tablet,1,1,28.78
5262,27.0,3.0,14.0,8.0,Midwest,tablet,1,1,28.13
5263,38.0,3.0,0.0,4.0,Northeast,desktop,0,0,0.0
5264,34.0,4.0,7.0,11.0,Southeast,mobile,0,0,0.0
5265,37.0,3.0,4.0,5.0,Southeast,desktop,0,0,0.0
5266,36.0,1.0,11.0,6.0,Southeast,mobile,0,1,17.84
5267,41.0,2.0,6.0,0.0,Northeast,mobile,0,0,0.0
5268,49.0,5.0,3.0,11.0,Northeast,desktop,1,0,0.0
5269,27.0,2.0,8.0,1.0,West,desktop,1,0,0.0
5270,53.0,3.0,3.0,4.0,West,mobile,0,0,0.0
5271,27.0,2.0,7.0,4.0,nan,desktop,0,0,0.0
5272,48.0,3.0,7.0,10.0,Northeast,mobile,0,1,18.19
5273,30.0,4.0,14.0,7.0,nan,tablet,1,0,0.0
5274,60.0,4.0,9.0,6.0,Southeast,mobile,1,0,0.0
5275,35.0,1.0,13.0,8.0,Northeast,mobile,0,0,0.0
5276,22.0,5.0,4.0,6.0,Northeast,mobile,1,0,0.0
5277,26.0,4.0,0.0,4.0,Northeast,tablet,0,0,0.0
5278,38.0,4.0,5.0,10.0,Southeast,desktop,1,0,0.0
5279,63.0,4.0,6.0,6.0,nan,desktop,0,0,0.0
5280,34.0,4.0,6.0,11.0,West,desktop,1,0,0.0
5281,43.0,5.0,0.0,0.0,Midwest,tablet,1,0,0.0
5282,54.0,4.0,0.0,2.0,Southeast,mobile,0,0,0.0
5283,31.0,5.0,8.0,5.0,Midwest,tablet,1,0,0.0
5284,51.0,4.0,3.0,1.0,Midwest,mobile,0,0,0.0
5285,39.0,5.0,5.0,2.0,nan,desktop,1,0,0.0
5286,60.0,3.0,11.0,9.0,Southeast,desktop,1,0,0.0
5287,51.0,2.0,5.0,3.0,Northeast,tablet,1,1,26.72
5288,35.0,3.0,12.0,4.0,Southeast,tablet,1,0,0.0
5289,41.0,1.0,7.0,1.0,West,tablet,1,0,0.0
5290,58.0,3.0,11.0,1.0,Midwest,desktop,1,1,23.21
5291,37.0,4.0,4.0,10.0,West,desktop,1,0,0.0
5292,45.0,4.0,2.0,2.0,Midwest,mobile,0,0,0.0
5293,58.0,2.0,3.0,0.0,Midwest,mobile,0,0,0.0
5294,28.0,3.0,2.0,4.0,Southeast,desktop,1,0,0.0
5295,58.0,3.0,7.0,4.0,West,mobile,0,0,0.0
5296,57.0,1.0,4.0,9.0,Southeast,mobile,0,0,0.0
5297,45.0,4.0,3.0,3.0,Northeast,mobile,0,0,0.0
5298,32.0,3.0,3.0,0.0,Southeast,desktop,1,0,0.0
5299,28.0,4.0,6.0,11.0,Northeast,mobile,1,0,0.0
5300,54.0,4.0,0.0,6.0,Midwest,mobile,0,0,0.0
5301,38.0,1.0,5.0,4.0,Midwest,tablet,0,0,0.0
5302,45.0,3.0,3.0,0.0,Midwest,mobile,0,1,18.75
5303,25.0,2.0,8.0,2.0,Southeast,mobile,1,0,0.0
5304,44.0,4.0,7.0,8.0,Northeast,mobile,1,0,0.0
5305,24.0,4.0,6.0,10.0,Northeast,desktop,1,0,0.0
5306,45.0,2.0,9.0,11.0,Southeast,desktop,0,1,25.17
5307,58.0,4.0,0.0,7.0,West,mobile,0,0,0.0
5308,63.0,1.0,1.0,4.0,Northeast,desktop,0,0,0.0
5309,58.0,2.0,7.0,4.0,Northeast,tablet,0,0,0.0
5310,47.0,4.0,5.0,11.0,Northeast,mobile,1,0,0.0
5311,53.0,3.0,4.0,4.0,Midwest,mobile,0,0,0.0
5312,23.0,1.0,5.0,10.0,Southeast,desktop,0,0,0.0
5313,51.0,3.0,3.0,10.0,Midwest,mobile,1,0,0.0
5314,63.0,2.0,1.0,4.0,Southeast,mobile,0,0,0.0
5315,28.0,5.0,3.0,5.0,West,desktop,0,0,0.0
5316,34.0,5.0,14.0,2.0,Southeast,tablet,1,1,30.06
5317,64.0,1.0,1.0,7.0,Northeast,mobile,1,0,0.0
5318,42.0,2.0,14.0,3.0,West,desktop,0,0,0.0
5319,53.0,3.0,10.0,2.0,nan,desktop,1,0,0.0
5320,57.0,2.0,1.0,10.0,Midwest,desktop,0,0,0.0
5321,63.0,4.0,11.0,6.0,Northeast,mobile,0,0,0.0
5322,25.0,1.0,4.0,5.0,West,mobile,0,0,0.0
5323,37.0,5.0,7.0,1.0,Midwest,desktop,1,0,0.0
5324,32.0,2.0,0.0,5.0,West,tablet,0,0,0.0
5325,57.0,2.0,0.0,0.0,Midwest,tablet,0,0,0.0
5326,59.0,2.0,11.0,1.0,Midwest,desktop,0,0,0.0
5327,59.0,5.0,8.0,1.0,Southeast,tablet,1,0,0.0
5328,27.0,2.0,6.0,2.0,Northeast,mobile,0,0,0.0
5329,50.0,2.0,14.0,11.0,Southeast,mobile,1,1,30.22
5330,44.0,2.0,14.0,11.0,Northeast,mobile,1,0,0.0
5331,53.0,1.0,14.0,6.0,West,desktop,1,0,0.0
5332,29.0,5.0,7.0,10.0,Northeast,mobile,1,0,0.0
5333,27.0,4.0,12.0,5.0,West,tablet,1,1,21.83
5334,37.0,3.0,1.0,3.0,West,mobile,0,0,0.0
5335,37.0,1.0,10.0,8.0,West,mobile,0,1,19.03
5336,55.0,1.0,12.0,8.0,West,mobile,0,1,24.59
5337,30.0,2.0,0.0,4.0,Southeast,mobile,1,1,25.45
5338,63.0,5.0,11.0,8.0,Midwest,mobile,1,1,28.09
5339,22.0,3.0,13.0,7.0,Midwest,mobile,0,0,0.0
5340,46.0,5.0,3.0,5.0,West,mobile,0,1,21.33
5341,44.0,2.0,13.0,10.0,Midwest,desktop,1,1,28.18
5342,37.0,1.0,2.0,8.0,Northeast,mobile,0,0,0.0
5343,26.0,2.0,14.0,1.0,Midwest,mobile,0,0,0.0
5344,25.0,2.0,14.0,10.0,Northeast,mobile,1,1,26.33
5345,33.0,4.0,7.0,11.0,Midwest,tablet,1,0,0.0
5346,39.0,1.0,14.0,9.0,Northeast,tablet,1,0,0.0
5347,30.0,5.0,7.0,5.0,Midwest,mobile,0,0,0.0
5348,56.0,4.0,10.0,6.0,Southeast,mobile,1,0,0.0
5349,63.0,3.0,6.0,1.0,Midwest,desktop,1,0,0.0
5350,54.0,4.0,2.0,7.0,Midwest,tablet,0,0,0.0
5351,57.0,4.0,4.0,4.0,West,mobile,1,0,0.0
5352,37.0,4.0,2.0,10.0,nan,desktop,0,0,0.0
5353,59.0,1.0,2.0,5.0,Southeast,desktop,0,0,0.0
5354,29.0,3.0,9.0,8.0,nan,desktop,0,0,0.0
5355,47.0,2.0,0.0,7.0,Southeast,tablet,1,0,0.0
5356,45.0,2.0,1.0,11.0,Northeast,desktop,0,0,0.0
5357,42.0,4.0,13.0,10.0,West,mobile,0,0,0.0
5358,57.0,2.0,2.0,10.0,Southeast,tablet,0,0,0.0
5359,36.0,2.0,8.0,3.0,Southeast,mobile,1,0,0.0
5360,46.0,4.0,0.0,0.0,West,mobile,0,0,0.0
5361,41.0,1.0,11.0,6.0,West,desktop,0,0,0.0
5362,45.0,2.0,8.0,8.0,Midwest,tablet,0,0,0.0
5363,36.0,4.0,0.0,8.0,Southeast,desktop,1,0,0.0
5364,52.0,3.0,9.0,1.0,West,mobile,1,0,0.0
5365,47.0,2.0,2.0,10.0,West,mobile,1,0,0.0
5366,27.0,2.0,14.0,10.0,West,desktop,1,0,0.0
5367,41.0,3.0,7.0,11.0,nan,mobile,1,0,0.0
5368,48.0,4.0,1.0,1.0,nan,mobile,0,0,0.0
5369,26.0,1.0,7.0,6.0,Northeast,tablet,0,0,0.0
5370,25.0,4.0,13.0,3.0,Southeast,mobile,1,0,0.0
5371,45.0,4.0,11.0,8.0,West,mobile,0,0,0.0
5372,28.0,2.0,4.0,3.0,Northeast,desktop,1,0,0.0
5373,46.0,4.0,7.0,11.0,Northeast,mobile,1,1,32.87
5374,24.0,3.0,13.0,11.0,Southeast,tablet,1,0,0.0
5375,58.0,1.0,5.0,10.0,West,desktop,0,0,0.0
5376,48.0,4.0,10.0,11.0,Midwest,mobile,1,0,0.0
5377,49.0,4.0,7.0,6.0,Northeast,mobile,1,0,0.0
5378,63.0,4.0,4.0,6.0,Northeast,desktop,0,0,0.0
5379,48.0,1.0,2.0,5.0,Midwest,desktop,0,0,0.0
5380,28.0,3.0,13.0,6.0,Southeast,desktop,1,0,0.0
5381,60.0,1.0,8.0,7.0,West,desktop,0,0,0.0
5382,42.0,4.0,8.0,6.0,West,tablet,1,0,0.0
5383,50.0,3.0,0.0,2.0,Northeast,mobile,1,0,0.0
5384,60.0,4.0,9.0,7.0,Southeast,mobile,1,0,0.0
5385,42.0,5.0,3.0,4.0,Midwest,mobile,0,0,0.0
5386,58.0,1.0,13.0,0.0,West,mobile,0,0,0.0
5387,62.0,2.0,9.0,11.0,Southeast,mobile,1,0,0.0
5388,40.0,3.0,6.0,3.0,Midwest,desktop,1,0,0.0
5389,23.0,5.0,5.0,6.0,Northeast,mobile,1,0,0.0
5390,54.0,1.0,1.0,7.0,Northeast,mobile,0,1,22.88
5391,56.0,5.0,10.0,2.0,nan,tablet,1,1,31.78
5392,23.0,4.0,1.0,2.0,Midwest,mobile,1,0,0.0
5393,63.0,1.0,14.0,5.0,Midwest,mobile,0,0,0.0
5394,54.0,5.0,4.0,7.0,Midwest,desktop,1,0,0.0
5395,30.0,3.0,13.0,11.0,nan,mobile,1,0,0.0
5396,53.0,1.0,12.0,10.0,Midwest,mobile,0,0,0.0
5397,51.0,1.0,6.0,11.0,Southeast,desktop,0,0,0.0
5398,47.0,2.0,14.0,9.0,Northeast,tablet,1,0,0.0
5399,46.0,3.0,10.0,9.0,West,desktop,1,0,0.0
5400,26.0,4.0,8.0,6.0,nan,tablet,0,0,0.0
5401,62.0,1.0,3.0,4.0,nan,tablet,1,0,0.0
5402,34.0,4.0,8.0,3.0,Northeast,desktop,0,0,0.0
5403,34.0,4.0,9.0,8.0,West,desktop,1,0,0.0
5404,29.0,2.0,3.0,4.0,Midwest,mobile,0,0,0.0
5405,30.0,2.0,8.0,11.0,Midwest,mobile,1,0,0.0
5406,24.0,2.0,13.0,1.0,West,desktop,0,0,0.0
5407,57.0,3.0,7.0,6.0,nan,mobile,1,0,0.0
5408,60.0,2.0,5.0,1.0,Northeast,mobile,0,0,0.0
5409,24.0,3.0,9.0,4.0,Northeast,desktop,1,0,0.0
5410,29.0,1.0,7.0,11.0,Northeast,desktop,1,0,0.0
5411,41.0,4.0,9.0,2.0,West,mobile,1,0,0.0
5412,30.0,5.0,14.0,11.0,nan,desktop,1,0,0.0
5413,30.0,2.0,10.0,11.0,West,tablet,1,0,0.0
5414,52.0,4.0,11.0,7.0,Northeast,tablet,1,0,0.0
5415,59.0,4.0,3.0,11.0,Midwest,mobile,0,1,30.82
5416,35.0,3.0,11.0,7.0,Midwest,desktop,1,0,0.0
5417,44.0,2.0,0.0,10.0,West,tablet,0,0,0.0
5418,39.0,5.0,6.0,3.0,West,mobile,1,0,0.0
5419,38.0,4.0,2.0,3.0,Northeast,tablet,1,0,0.0
5420,24.0,2.0,2.0,4.0,Southeast,mobile,0,1,18.57
5421,52.0,2.0,14.0,10.0,Northeast,desktop,0,0,0.0
5422,61.0,5.0,5.0,2.0,Midwest,mobile,0,0,0.0
5423,54.0,4.0,8.0,11.0,Northeast,mobile,1,1,26.77
5424,64.0,5.0,6.0,11.0,Midwest,mobile,0,0,0.0
5425,57.0,4.0,10.0,6.0,Midwest,mobile,0,0,0.0
5426,37.0,1.0,11.0,9.0,Midwest,desktop,1,1,30.03
5427,57.0,4.0,0.0,0.0,West,mobile,1,0,0.0
5428,31.0,5.0,11.0,3.0,Midwest,mobile,1,0,0.0
5429,39.0,1.0,9.0,4.0,West,desktop,0,0,0.0
5430,52.0,4.0,13.0,4.0,nan,mobile,1,1,30.88
5431,34.0,4.0,1.0,1.0,Northeast,mobile,0,0,0.0
5432,54.0,2.0,1.0,0.0,Northeast,mobile,0,0,0.0
5433,29.0,5.0,3.0,4.0,Northeast,mobile,0,0,0.0
5434,28.0,3.0,6.0,3.0,West,mobile,1,0,0.0
5435,54.0,3.0,10.0,11.0,West,tablet,1,0,0.0
5436,42.0,1.0,12.0,3.0,West,desktop,1,0,0.0
5437,62.0,2.0,10.0,9.0,West,mobile,1,1,22.38
5438,30.0,4.0,7.0,1.0,Midwest,tablet,1,0,0.0
5439,52.0,3.0,2.0,11.0,Southeast,tablet,0,0,0.0
5440,32.0,2.0,3.0,10.0,Northeast,tablet,0,0,0.0
5441,42.0,4.0,6.0,0.0,nan,desktop,0,1,25.61
5442,43.0,2.0,11.0,0.0,Southeast,desktop,0,1,22.06
5443,58.0,2.0,13.0,10.0,Southeast,mobile,1,0,0.0
5444,39.0,3.0,0.0,6.0,West,mobile,0,0,0.0
5445,37.0,1.0,13.0,8.0,West,mobile,1,0,0.0
5446,42.0,3.0,5.0,5.0,Midwest,desktop,0,0,0.0
5447,64.0,4.0,9.0,0.0,Midwest,mobile,1,0,0.0
5448,38.0,2.0,10.0,4.0,nan,mobile,0,0,0.0
5449,45.0,3.0,5.0,9.0,Midwest,mobile,0,0,0.0
5450,25.0,1.0,2.0,1.0,nan,desktop,0,0,0.0
5451,47.0,5.0,3.0,4.0,nan,desktop,1,0,0.0
5452,25.0,4.0,12.0,9.0,Northeast,mobile,1,1,27.92
5453,22.0,4.0,9.0,6.0,West,mobile,1,0,0.0
5454,33.0,3.0,5.0,3.0,nan,desktop,0,0,0.0
5455,30.0,3.0,14.0,7.0,Midwest,mobile,1,1,30.37
5456,44.0,4.0,5.0,8.0,Southeast,mobile,1,1,29.94
5457,30.0,2.0,11.0,8.0,Southeast,mobile,0,1,20.29
5458,31.0,2.0,14.0,3.0,West,mobile,1,0,0.0
5459,60.0,2.0,5.0,10.0,West,mobile,0,0,0.0
5460,48.0,2.0,2.0,10.0,Midwest,mobile,0,0,0.0
5461,22.0,4.0,6.0,7.0,Midwest,tablet,0,0,0.0
5462,54.0,5.0,6.0,2.0,Midwest,mobile,1,0,0.0
5463,53.0,2.0,8.0,4.0,Southeast,desktop,0,0,0.0
5464,60.0,2.0,7.0,9.0,Northeast,desktop,1,1,27.4
5465,45.0,1.0,9.0,9.0,Northeast,mobile,0,0,0.0
5466,62.0,2.0,1.0,8.0,Midwest,mobile,0,0,0.0
5467,62.0,4.0,12.0,5.0,West,desktop,1,0,0.0
5468,37.0,2.0,4.0,10.0,nan,mobile,0,0,0.0
5469,25.0,1.0,11.0,4.0,West,mobile,1,0,0.0
5470,62.0,1.0,7.0,11.0,Southeast,mobile,0,0,0.0
5471,50.0,2.0,4.0,11.0,Midwest,desktop,0,0,0.0
5472,59.0,2.0,13.0,6.0,Midwest,mobile,0,1,31.52
5473,25.0,5.0,4.0,11.0,Northeast,desktop,1,0,0.0
5474,35.0,5.0,7.0,8.0,Northeast,mobile,1,0,0.0
5475,22.0,3.0,4.0,3.0,West,desktop,0,0,0.0
5476,37.0,1.0,8.0,6.0,Northeast,mobile,0,0,0.0
5477,54.0,5.0,1.0,3.0,Northeast,mobile,0,0,0.0
5478,29.0,4.0,10.0,10.0,Southeast,desktop,0,0,0.0
5479,38.0,5.0,0.0,11.0,Midwest,desktop,0,0,0.0
5480,59.0,1.0,2.0,7.0,Northeast,mobile,0,0,0.0
5481,35.0,1.0,14.0,0.0,Southeast,mobile,1,0,0.0
5482,44.0,1.0,2.0,10.0,West,desktop,0,1,19.81
5483,40.0,5.0,4.0,2.0,Southeast,mobile,0,0,0.0
5484,30.0,4.0,7.0,3.0,Midwest,mobile,1,0,0.0
5485,61.0,5.0,7.0,0.0,nan,tablet,0,0,0.0
5486,56.0,4.0,9.0,0.0,West,mobile,0,0,0.0
5487,38.0,2.0,1.0,11.0,West,tablet,0,0,0.0
5488,58.0,2.0,4.0,1.0,nan,mobile,1,0,0.0
5489,43.0,1.0,6.0,6.0,Northeast,mobile,0,0,0.0
5490,49.0,2.0,1.0,7.0,nan,mobile,1,0,0.0
5491,34.0,4.0,0.0,7.0,Northeast,mobile,1,0,0.0
5492,38.0,3.0,11.0,10.0,Northeast,mobile,0,1,27.33
5493,61.0,3.0,13.0,9.0,Midwest,desktop,0,0,0.0
5494,31.0,5.0,10.0,2.0,nan,mobile,1,1,23.57
5495,39.0,1.0,14.0,8.0,Southeast,mobile,0,0,0.0
5496,54.0,4.0,13.0,7.0,Northeast,tablet,1,0,0.0
5497,36.0,5.0,14.0,2.0,Northeast,tablet,1,0,0.0
5498,55.0,5.0,11.0,6.0,Southeast,mobile,1,0,0.0
5499,38.0,1.0,2.0,8.0,nan,mobile,0,0,0.0
5500,43.0,2.0,11.0,7.0,West,mobile,1,1,22.48
5501,64.0,4.0,12.0,6.0,Midwest,desktop,0,0,0.0
5502,53.0,3.0,7.0,2.0,Northeast,desktop,1,1,27.38
5503,61.0,4.0,5.0,9.0,nan,desktop,0,0,0.0
5504,30.0,4.0,14.0,2.0,Northeast,tablet,0,0,0.0
5505,57.0,1.0,9.0,5.0,Northeast,mobile,0,0,0.0
5506,44.0,5.0,10.0,9.0,Southeast,tablet,1,0,0.0
5507,54.0,1.0,13.0,10.0,Midwest,desktop,0,1,24.57
5508,35.0,4.0,1.0,0.0,nan,desktop,0,0,0.0
5509,53.0,5.0,8.0,10.0,West,desktop,1,0,0.0
5510,64.0,1.0,11.0,8.0,Southeast,mobile,0,0,0.0
5511,43.0,3.0,6.0,2.0,West,tablet,0,0,0.0
5512,40.0,3.0,3.0,0.0,West,mobile,0,1,23.21
5513,44.0,3.0,7.0,2.0,Northeast,mobile,0,0,0.0
5514,30.0,5.0,12.0,1.0,Southeast,tablet,1,0,0.0
5515,46.0,1.0,9.0,3.0,Southeast,mobile,0,1,18.39
5516,30.0,4.0,14.0,2.0,West,tablet,0,0,0.0
5517,51.0,1.0,8.0,1.0,nan,tablet,0,0,0.0
5518,64.0,5.0,1.0,4.0,nan,desktop,0,0,0.0
5519,54.0,5.0,1.0,9.0,Midwest,tablet,1,0,0.0
5520,64.0,4.0,1.0,11.0,Southeast,desktop,0,0,0.0
5521,40.0,5.0,10.0,10.0,Midwest,desktop,1,0,0.0
5522,56.0,1.0,11.0,5.0,nan,desktop,0,0,0.0
5523,46.0,1.0,0.0,7.0,West,desktop,0,0,0.0
5524,42.0,2.0,11.0,5.0,West,mobile,1,0,0.0
5525,49.0,2.0,10.0,6.0,Northeast,desktop,0,0,0.0
5526,50.0,2.0,10.0,9.0,Midwest,mobile,0,0,0.0
5527,24.0,1.0,6.0,4.0,West,tablet,0,1,23.36
5528,52.0,1.0,6.0,3.0,Midwest,desktop,0,0,0.0
5529,44.0,5.0,0.0,10.0,Southeast,mobile,1,0,0.0
5530,27.0,4.0,12.0,7.0,Southeast,tablet,1,0,0.0
5531,29.0,5.0,10.0,6.0,Northeast,tablet,1,0,0.0
5532,28.0,2.0,9.0,8.0,nan,desktop,0,0,0.0
5533,57.0,5.0,14.0,0.0,West,mobile,1,0,0.0
5534,38.0,1.0,12.0,10.0,nan,tablet,0,1,25.4
5535,40.0,4.0,3.0,10.0,Northeast,tablet,1,1,22.37
5536,38.0,2.0,5.0,1.0,Southeast,mobile,0,0,0.0
5537,53.0,3.0,4.0,3.0,Midwest,mobile,1,0,0.0
5538,42.0,5.0,5.0,7.0,Northeast,tablet,1,0,0.0
5539,64.0,1.0,1.0,9.0,West,desktop,0,1,16.17
5540,35.0,4.0,9.0,0.0,Southeast,tablet,0,1,29.03
5541,62.0,3.0,1.0,1.0,Northeast,desktop,0,0,0.0
5542,48.0,2.0,10.0,5.0,Southeast,mobile,1,0,0.0
5543,49.0,5.0,14.0,1.0,nan,desktop,1,0,0.0
5544,54.0,4.0,2.0,4.0,West,mobile,0,0,0.0
5545,59.0,5.0,4.0,6.0,West,desktop,1,0,0.0
5546,59.0,5.0,2.0,9.0,West,mobile,1,0,0.0
5547,60.0,5.0,11.0,2.0,West,tablet,1,1,27.46
5548,39.0,4.0,12.0,8.0,Midwest,desktop,1,1,26.0
5549,55.0,1.0,9.0,3.0,Midwest,mobile,0,0,0.0
5550,34.0,2.0,8.0,8.0,Northeast,mobile,0,0,0.0
5551,43.0,2.0,7.0,2.0,West,desktop,0,0,0.0
5552,28.0,1.0,3.0,2.0,Southeast,tablet,0,0,0.0
5553,40.0,2.0,9.0,9.0,Northeast,tablet,1,1,26.26
5554,46.0,4.0,5.0,3.0,nan,tablet,1,0,0.0
5555,57.0,3.0,5.0,11.0,West,mobile,0,0,0.0
5556,23.0,1.0,12.0,3.0,Midwest,desktop,0,0,0.0
5557,47.0,4.0,13.0,2.0,West,desktop,1,0,0.0
5558,58.0,2.0,3.0,2.0,Southeast,mobile,0,0,0.0
5559,55.0,1.0,9.0,4.0,nan,mobile,0,0,0.0
5560,42.0,1.0,9.0,5.0,Midwest,desktop,0,1,18.22
5561,39.0,1.0,14.0,2.0,Midwest,tablet,0,0,0.0
5562,48.0,2.0,7.0,5.0,Southeast,mobile,0,0,0.0
5563,52.0,4.0,6.0,8.0,nan,desktop,1,1,20.07
5564,39.0,2.0,14.0,4.0,Midwest,mobile,1,1,24.78
5565,45.0,5.0,14.0,0.0,Northeast,mobile,1,0,0.0
5566,22.0,2.0,11.0,9.0,nan,mobile,0,0,0.0
5567,35.0,1.0,14.0,0.0,Midwest,desktop,1,0,0.0
5568,55.0,1.0,10.0,8.0,Midwest,mobile,0,1,26.25
5569,39.0,2.0,4.0,2.0,Southeast,desktop,1,1,24.66
5570,42.0,4.0,11.0,9.0,Northeast,mobile,0,1,28.37
5571,62.0,3.0,14.0,6.0,Northeast,mobile,1,0,0.0
5572,39.0,5.0,14.0,9.0,Southeast,desktop,1,1,32.12
5573,40.0,1.0,11.0,4.0,West,mobile,0,0,0.0
5574,54.0,1.0,3.0,2.0,nan,mobile,0,0,0.0
5575,58.0,3.0,11.0,0.0,Northeast,desktop,0,0,0.0
5576,36.0,4.0,0.0,11.0,West,mobile,0,0,0.0
5577,29.0,3.0,9.0,10.0,nan,mobile,1,0,0.0
5578,49.0,1.0,4.0,7.0,Southeast,desktop,0,0,0.0
5579,26.0,3.0,2.0,10.0,nan,desktop,0,0,0.0
5580,53.0,4.0,13.0,9.0,Midwest,tablet,1,1,28.05
5581,42.0,3.0,11.0,0.0,Southeast,mobile,1,0,0.0
5582,64.0,1.0,10.0,11.0,West,desktop,0,0,0.0
5583,34.0,1.0,9.0,11.0,Northeast,mobile,0,0,0.0
5584,55.0,5.0,2.0,9.0,Midwest,mobile,0,0,0.0
5585,22.0,2.0,7.0,7.0,Northeast,desktop,0,0,0.0
5586,23.0,1.0,5.0,6.0,Midwest,tablet,1,0,0.0
5587,41.0,3.0,14.0,4.0,Midwest,mobile,1,1,31.52
5588,48.0,2.0,9.0,5.0,West,mobile,1,0,0.0
5589,29.0,2.0,12.0,2.0,Northeast,desktop,1,1,23.63
5590,48.0,4.0,2.0,6.0,West,desktop,0,0,0.0
5591,50.0,4.0,4.0,3.0,nan,desktop,0,1,19.98
5592,27.0,4.0,8.0,10.0,nan,mobile,1,1,27.97
5593,59.0,5.0,14.0,0.0,Midwest,desktop,1,1,31.49
5594,54.0,3.0,1.0,0.0,West,mobile,0,0,0.0
5595,36.0,4.0,1.0,10.0,nan,desktop,1,1,20.92
5596,38.0,2.0,10.0,4.0,Northeast,desktop,1,0,0.0
5597,33.0,4.0,1.0,6.0,West,desktop,1,0,0.0
5598,48.0,4.0,4.0,3.0,Midwest,mobile,0,0,0.0
5599,51.0,2.0,9.0,2.0,West,mobile,0,0,0.0
5600,33.0,5.0,6.0,5.0,Northeast,mobile,0,0,0.0
5601,45.0,5.0,11.0,1.0,Southeast,mobile,1,0,0.0
5602,29.0,4.0,0.0,7.0,nan,mobile,0,0,0.0
5603,39.0,1.0,9.0,1.0,Northeast,mobile,1,1,26.81
5604,39.0,1.0,9.0,9.0,nan,mobile,0,1,24.71
5605,38.0,4.0,4.0,4.0,West,mobile,0,0,0.0
5606,30.0,5.0,10.0,0.0,Southeast,mobile,1,1,26.08
5607,23.0,1.0,6.0,5.0,West,mobile,0,0,0.0
5608,64.0,4.0,13.0,5.0,nan,mobile,0,0,0.0
5609,39.0,3.0,11.0,0.0,Northeast,desktop,0,0,0.0
5610,53.0,3.0,10.0,3.0,West,tablet,0,0,0.0
5611,59.0,1.0,7.0,3.0,nan,mobile,0,0,0.0
5612,23.0,1.0,10.0,8.0,Southeast,mobile,0,0,0.0
5613,39.0,3.0,2.0,9.0,nan,mobile,1,0,0.0
5614,38.0,2.0,6.0,3.0,Northeast,mobile,0,0,0.0
5615,49.0,4.0,5.0,11.0,West,mobile,0,0,0.0
5616,61.0,3.0,1.0,2.0,Northeast,mobile,0,0,0.0
5617,51.0,4.0,12.0,6.0,Midwest,mobile,1,1,31.37
5618,47.0,3.0,9.0,2.0,Northeast,mobile,1,0,0.0
5619,31.0,5.0,4.0,1.0,nan,mobile,1,0,0.0
5620,42.0,2.0,0.0,6.0,West,mobile,0,0,0.0
5621,53.0,2.0,14.0,2.0,nan,mobile,1,0,0.0
5622,45.0,4.0,9.0,0.0,nan,mobile,0,0,0.0
5623,48.0,3.0,12.0,11.0,West,mobile,1,1,29.73
5624,35.0,1.0,1.0,8.0,Southeast,mobile,1,0,0.0
5625,42.0,2.0,13.0,8.0,nan,desktop,0,0,0.0
5626,38.0,5.0,0.0,10.0,Southeast,mobile,0,1,25.56
5627,43.0,1.0,13.0,8.0,nan,mobile,1,0,0.0
5628,30.0,1.0,8.0,2.0,West,mobile,0,0,0.0
5629,49.0,4.0,13.0,10.0,West,desktop,1,1,26.1
5630,52.0,5.0,13.0,5.0,West,tablet,1,1,26.31
5631,54.0,5.0,13.0,10.0,Northeast,mobile,0,1,26.49
5632,32.0,4.0,10.0,10.0,Midwest,desktop,1,1,26.13
5633,40.0,2.0,1.0,0.0,Northeast,mobile,1,1,23.07
5634,40.0,4.0,10.0,10.0,nan,mobile,1,0,0.0
5635,59.0,2.0,7.0,0.0,Northeast,mobile,1,1,25.08
5636,61.0,2.0,11.0,9.0,West,mobile,0,1,29.23
5637,42.0,2.0,14.0,7.0,West,mobile,1,0,0.0
5638,39.0,2.0,6.0,2.0,West,mobile,0,0,0.0
5639,22.0,4.0,4.0,11.0,Midwest,tablet,0,0,0.0
5640,36.0,5.0,10.0,5.0,Midwest,mobile,0,0,0.0
5641,25.0,4.0,3.0,4.0,West,desktop,0,0,0.0
5642,40.0,5.0,7.0,11.0,Southeast,mobile,1,0,0.0
5643,38.0,2.0,10.0,6.0,West,desktop,0,0,0.0
5644,32.0,3.0,14.0,2.0,Northeast,desktop,1,1,26.42
5645,63.0,4.0,11.0,10.0,West,mobile,1,1,28.45
5646,53.0,2.0,10.0,1.0,West,mobile,0,0,0.0
5647,49.0,4.0,7.0,7.0,West,mobile,0,0,0.0
5648,51.0,3.0,4.0,4.0,Midwest,tablet,1,0,0.0
5649,36.0,2.0,12.0,9.0,West,mobile,0,0,0.0
5650,32.0,4.0,5.0,1.0,Midwest,mobile,0,0,0.0
5651,58.0,1.0,3.0,7.0,Southeast,mobile,0,0,0.0
5652,40.0,4.0,9.0,5.0,Midwest,desktop,0,0,0.0
5653,52.0,1.0,13.0,5.0,Midwest,mobile,0,0,0.0
5654,44.0,3.0,7.0,7.0,Northeast,mobile,1,0,0.0
5655,22.0,4.0,5.0,4.0,Northeast,mobile,0,0,0.0
5656,59.0,4.0,2.0,4.0,West,mobile,1,0,0.0
5657,22.0,2.0,12.0,3.0,West,tablet,0,0,0.0
5658,36.0,4.0,9.0,3.0,Southeast,desktop,1,1,31.02
5659,54.0,1.0,2.0,11.0,nan,tablet,1,0,0.0
5660,46.0,5.0,9.0,5.0,Northeast,desktop,1,0,0.0
5661,57.0,2.0,5.0,4.0,West,desktop,1,0,0.0
5662,62.0,5.0,0.0,9.0,West,tablet,1,0,0.0
5663,52.0,3.0,9.0,1.0,West,mobile,1,1,20.47
5664,33.0,3.0,5.0,9.0,Southeast,desktop,1,0,0.0
5665,22.0,2.0,3.0,0.0,nan,mobile,0,0,0.0
5666,53.0,4.0,10.0,0.0,West,mobile,1,1,30.18
5667,35.0,2.0,3.0,3.0,Southeast,mobile,1,0,0.0
5668,50.0,4.0,2.0,0.0,West,mobile,1,1,25.01
5669,43.0,1.0,2.0,5.0,Southeast,mobile,0,0,0.0
5670,28.0,4.0,12.0,11.0,Southeast,mobile,1,1,24.75
5671,37.0,1.0,6.0,2.0,Southeast,desktop,0,0,0.0
5672,64.0,2.0,8.0,2.0,Southeast,desktop,0,0,0.0
5673,35.0,4.0,12.0,1.0,Northeast,mobile,1,1,31.02
5674,55.0,4.0,6.0,4.0,Southeast,tablet,0,0,0.0
5675,51.0,1.0,4.0,5.0,West,desktop,1,0,0.0
5676,40.0,1.0,14.0,1.0,Southeast,mobile,0,0,0.0
5677,54.0,1.0,9.0,11.0,West,mobile,1,0,0.0
5678,46.0,1.0,9.0,4.0,West,tablet,1,0,0.0
5679,48.0,2.0,4.0,2.0,nan,mobile,0,0,0.0
5680,37.0,2.0,13.0,9.0,Midwest,mobile,0,0,0.0
5681,62.0,3.0,4.0,7.0,Midwest,mobile,0,0,0.0
5682,33.0,4.0,14.0,0.0,West,mobile,1,0,0.0
5683,45.0,1.0,9.0,11.0,West,desktop,0,0,0.0
5684,60.0,3.0,6.0,5.0,Midwest,desktop,0,0,0.0
5685,52.0,1.0,10.0,9.0,West,mobile,0,0,0.0
5686,47.0,4.0,5.0,7.0,West,mobile,0,0,0.0
5687,25.0,5.0,12.0,9.0,West,tablet,1,0,0.0
5688,37.0,5.0,13.0,3.0,Southeast,desktop,1,0,0.0
5689,41.0,1.0,1.0,2.0,West,desktop,0,0,0.0
5690,58.0,4.0,0.0,9.0,Midwest,mobile,1,0,0.0
5691,58.0,4.0,1.0,10.0,West,tablet,0,1,22.96
5692,41.0,5.0,6.0,0.0,Northeast,desktop,1,1,21.53
5693,37.0,1.0,9.0,1.0,Southeast,mobile,1,0,0.0
5694,29.0,1.0,9.0,5.0,West,tablet,1,0,0.0
5695,42.0,2.0,3.0,3.0,nan,mobile,0,0,0.0
5696,28.0,1.0,12.0,10.0,nan,mobile,0,0,0.0
5697,29.0,2.0,1.0,6.0,West,mobile,1,0,0.0
5698,62.0,2.0,10.0,1.0,West,desktop,0,0,0.0
5699,45.0,5.0,6.0,5.0,Midwest,mobile,0,1,27.02
5700,38.0,5.0,0.0,2.0,Northeast,mobile,0,0,0.0
5701,40.0,2.0,12.0,8.0,Midwest,mobile,1,0,0.0
5702,39.0,4.0,10.0,7.0,nan,tablet,1,0,0.0
5703,58.0,1.0,8.0,6.0,Southeast,mobile,1,0,0.0
5704,45.0,2.0,9.0,3.0,Midwest,mobile,0,0,0.0
5705,49.0,5.0,4.0,7.0,nan,desktop,0,1,21.2
5706,46.0,5.0,0.0,2.0,Northeast,mobile,0,0,0.0
5707,46.0,2.0,5.0,3.0,Northeast,mobile,1,0,0.0
5708,40.0,4.0,4.0,6.0,West,tablet,0,0,0.0
5709,55.0,1.0,10.0,2.0,Southeast,mobile,0,0,0.0
5710,62.0,5.0,7.0,7.0,West,mobile,0,0,0.0
5711,36.0,2.0,14.0,10.0,Southeast,mobile,1,0,0.0
5712,36.0,1.0,9.0,8.0,Midwest,desktop,0,1,20.94
5713,54.0,3.0,10.0,2.0,nan,mobile,0,0,0.0
5714,26.0,5.0,10.0,4.0,Midwest,desktop,1,1,26.66
5715,41.0,4.0,4.0,8.0,West,mobile,1,0,0.0
5716,64.0,3.0,8.0,7.0,nan,mobile,0,1,22.47
5717,51.0,2.0,13.0,9.0,Southeast,desktop,0,0,0.0
5718,31.0,1.0,14.0,11.0,Northeast,mobile,1,0,0.0
5719,39.0,1.0,4.0,8.0,West,mobile,1,0,0.0
5720,62.0,1.0,10.0,11.0,West,tablet,0,0,0.0
5721,44.0,2.0,1.0,3.0,Southeast,mobile,0,1,19.82
5722,58.0,3.0,2.0,7.0,West,desktop,0,0,0.0
5723,56.0,1.0,6.0,4.0,West,desktop,0,0,0.0
5724,55.0,3.0,10.0,6.0,Southeast,mobile,1,0,0.0
5725,49.0,4.0,2.0,6.0,Northeast,mobile,1,0,0.0
5726,27.0,1.0,3.0,8.0,West,mobile,1,0,0.0
5727,34.0,3.0,10.0,7.0,Midwest,desktop,1,1,28.41
5728,23.0,2.0,2.0,10.0,Northeast,mobile,0,0,0.0
5729,40.0,4.0,1.0,8.0,Northeast,mobile,1,1,26.42
5730,29.0,2.0,9.0,2.0,Northeast,mobile,1,0,0.0
5731,47.0,4.0,7.0,6.0,Northeast,desktop,0,0,0.0
5732,39.0,1.0,7.0,4.0,West,tablet,1,1,20.75
5733,62.0,5.0,8.0,6.0,nan,desktop,1,1,30.02
5734,56.0,5.0,14.0,0.0,West,desktop,1,1,31.22
5735,31.0,4.0,14.0,11.0,Midwest,mobile,1,1,29.29
5736,38.0,5.0,8.0,11.0,West,mobile,1,0,0.0
5737,39.0,4.0,9.0,6.0,Midwest,mobile,1,0,0.0
5738,23.0,2.0,7.0,9.0,Southeast,desktop,0,1,24.84
5739,53.0,1.0,5.0,9.0,Southeast,desktop,0,0,0.0
5740,25.0,5.0,2.0,0.0,Midwest,mobile,0,0,0.0
5741,57.0,1.0,9.0,1.0,Southeast,desktop,0,0,0.0
5742,41.0,4.0,12.0,10.0,nan,desktop,1,1,24.65
5743,41.0,1.0,10.0,2.0,Southeast,desktop,0,0,0.0
5744,23.0,1.0,4.0,8.0,West,tablet,1,0,0.0
5745,49.0,2.0,9.0,11.0,Southeast,mobile,0,0,0.0
5746,54.0,4.0,6.0,10.0,Midwest,desktop,1,0,0.0
5747,39.0,1.0,14.0,11.0,West,mobile,0,0,0.0
5748,32.0,1.0,7.0,10.0,West,mobile,0,0,0.0
5749,64.0,2.0,7.0,0.0,Southeast,mobile,0,0,0.0
5750,42.0,3.0,14.0,2.0,Midwest,mobile,1,0,0.0
5751,50.0,2.0,2.0,11.0,West,mobile,1,0,0.0
5752,56.0,4.0,3.0,3.0,Northeast,tablet,1,0,0.0
5753,47.0,3.0,3.0,0.0,West,mobile,0,0,0.0
5754,45.0,5.0,10.0,4.0,West,desktop,1,0,0.0
5755,51.0,5.0,10.0,1.0,West,desktop,0,1,27.08
5756,59.0,2.0,10.0,8.0,Northeast,tablet,0,0,0.0
5757,51.0,4.0,13.0,10.0,Midwest,mobile,1,0,0.0
5758,58.0,4.0,0.0,7.0,Midwest,mobile,0,0,0.0
5759,34.0,4.0,3.0,8.0,Southeast,desktop,0,0,0.0
5760,29.0,5.0,5.0,5.0,West,desktop,0,0,0.0
5761,26.0,1.0,3.0,8.0,Northeast,mobile,1,0,0.0
5762,22.0,5.0,0.0,6.0,Midwest,mobile,0,0,0.0
5763,41.0,3.0,3.0,4.0,Northeast,mobile,0,0,0.0
5764,59.0,1.0,2.0,5.0,Midwest,tablet,1,0,0.0
5765,24.0,2.0,14.0,0.0,nan,desktop,1,1,29.84
5766,50.0,1.0,1.0,3.0,Midwest,tablet,1,0,0.0
5767,56.0,2.0,3.0,7.0,nan,mobile,0,0,0.0
5768,61.0,1.0,3.0,9.0,West,mobile,1,0,0.0
5769,56.0,4.0,10.0,2.0,nan,desktop,0,1,26.59
5770,25.0,1.0,10.0,6.0,nan,desktop,0,0,0.0
5771,28.0,1.0,13.0,7.0,nan,mobile,0,0,0.0
5772,64.0,5.0,2.0,9.0,Southeast,mobile,0,0,0.0
5773,26.0,3.0,12.0,2.0,West,mobile,1,0,0.0
5774,64.0,1.0,5.0,1.0,Southeast,desktop,0,0,0.0
5775,62.0,4.0,12.0,10.0,West,mobile,0,0,0.0
5776,33.0,5.0,8.0,2.0,Midwest,mobile,1,1,25.31
5777,56.0,2.0,7.0,1.0,Northeast,desktop,1,0,0.0
5778,24.0,2.0,3.0,4.0,nan,desktop,0,0,0.0
5779,27.0,3.0,0.0,3.0,West,mobile,0,0,0.0
5780,37.0,1.0,3.0,2.0,West,desktop,0,1,18.73
5781,31.0,5.0,3.0,0.0,nan,mobile,0,0,0.0
5782,40.0,2.0,8.0,7.0,nan,mobile,1,0,0.0
5783,33.0,2.0,10.0,2.0,West,tablet,1,1,23.52
5784,33.0,4.0,10.0,8.0,Midwest,mobile,1,1,27.57
5785,37.0,2.0,12.0,3.0,Northeast,mobile,1,0,0.0
5786,24.0,1.0,7.0,2.0,West,mobile,0,0,0.0
5787,51.0,3.0,3.0,10.0,Midwest,mobile,1,1,24.96
5788,59.0,5.0,5.0,0.0,Midwest,desktop,0,0,0.0
5789,39.0,3.0,5.0,1.0,West,mobile,0,1,23.14
5790,31.0,1.0,12.0,7.0,West,desktop,1,0,0.0
5791,60.0,2.0,9.0,0.0,Southeast,desktop,0,0,0.0
5792,59.0,5.0,12.0,11.0,Southeast,mobile,0,0,0.0
5793,41.0,4.0,4.0,4.0,Southeast,desktop,1,0,0.0
5794,33.0,1.0,4.0,3.0,West,mobile,0,0,0.0
5795,54.0,2.0,12.0,3.0,Midwest,desktop,1,1,25.26
5796,58.0,4.0,10.0,7.0,Midwest,desktop,1,1,26.61
5797,23.0,2.0,0.0,4.0,Midwest,tablet,0,0,0.0
5798,34.0,3.0,9.0,0.0,West,mobile,0,0,0.0
5799,59.0,5.0,0.0,0.0,Midwest,mobile,1,0,0.0
5800,26.0,4.0,1.0,6.0,nan,mobile,0,0,0.0
5801,32.0,4.0,1.0,1.0,Midwest,mobile,0,0,0.0
5802,57.0,4.0,0.0,6.0,Midwest,tablet,0,0,0.0
5803,57.0,2.0,6.0,11.0,Northeast,desktop,1,1,19.31
5804,33.0,1.0,0.0,6.0,Midwest,mobile,0,0,0.0
5805,59.0,5.0,8.0,9.0,Southeast,desktop,1,1,27.08
5806,35.0,1.0,2.0,5.0,Midwest,mobile,0,0,0.0
5807,30.0,4.0,3.0,2.0,Southeast,mobile,1,0,0.0
5808,39.0,3.0,1.0,5.0,Southeast,mobile,0,0,0.0
5809,47.0,1.0,3.0,7.0,nan,tablet,1,0,0.0
5810,48.0,3.0,1.0,10.0,Southeast,mobile,0,0,0.0
5811,33.0,1.0,8.0,4.0,nan,mobile,0,0,0.0
5812,49.0,5.0,6.0,0.0,West,tablet,0,0,0.0
5813,22.0,2.0,13.0,6.0,Southeast,desktop,1,1,22.02
5814,25.0,2.0,10.0,4.0,Southeast,desktop,0,0,0.0
5815,32.0,4.0,6.0,10.0,West,mobile,1,0,0.0
5816,62.0,2.0,6.0,5.0,Southeast,mobile,1,0,0.0
5817,52.0,2.0,0.0,7.0,Northeast,mobile,0,0,0.0
5818,24.0,2.0,8.0,9.0,Midwest,desktop,0,0,0.0
5819,24.0,3.0,8.0,6.0,Midwest,tablet,1,0,0.0
5820,57.0,4.0,5.0,4.0,Southeast,desktop,1,1,27.12
5821,43.0,4.0,4.0,4.0,Northeast,tablet,1,0,0.0
5822,52.0,1.0,9.0,1.0,Midwest,mobile,0,0,0.0
5823,35.0,3.0,9.0,2.0,nan,mobile,1,0,0.0
5824,34.0,3.0,4.0,1.0,nan,desktop,1,0,0.0
5825,28.0,5.0,11.0,2.0,West,tablet,1,0,0.0
5826,47.0,3.0,4.0,1.0,Southeast,tablet,1,0,0.0
5827,46.0,5.0,6.0,8.0,Northeast,mobile,0,0,0.0
5828,45.0,3.0,14.0,7.0,nan,tablet,1,0,0.0
5829,62.0,3.0,10.0,9.0,nan,mobile,0,0,0.0
5830,50.0,3.0,6.0,6.0,Northeast,mobile,0,0,0.0
5831,62.0,1.0,8.0,3.0,Midwest,mobile,1,1,25.3
5832,53.0,3.0,6.0,2.0,West,mobile,0,0,0.0
5833,27.0,5.0,2.0,1.0,West,mobile,0,0,0.0
5834,44.0,5.0,1.0,2.0,West,desktop,0,0,0.0
5835,63.0,1.0,12.0,6.0,nan,tablet,0,0,0.0
5836,52.0,3.0,13.0,10.0,Northeast,tablet,0,1,28.24
5837,27.0,5.0,13.0,4.0,nan,mobile,1,0,0.0
5838,30.0,5.0,5.0,7.0,Southeast,mobile,1,0,0.0
5839,25.0,4.0,6.0,3.0,Midwest,mobile,1,0,0.0
5840,51.0,3.0,10.0,10.0,Midwest,mobile,0,0,0.0
5841,40.0,5.0,5.0,0.0,West,mobile,0,0,0.0
5842,40.0,4.0,10.0,3.0,Southeast,mobile,1,0,0.0
5843,63.0,4.0,7.0,11.0,Northeast,mobile,0,0,0.0
5844,62.0,5.0,13.0,5.0,West,mobile,1,1,31.31
5845,26.0,2.0,12.0,9.0,Northeast,desktop,0,1,25.85
5846,58.0,5.0,13.0,3.0,Southeast,desktop,1,0,0.0
5847,62.0,2.0,12.0,9.0,Northeast,desktop,0,0,0.0
5848,22.0,1.0,2.0,1.0,Midwest,mobile,0,0,0.0
5849,61.0,2.0,11.0,5.0,West,mobile,1,0,0.0
5850,54.0,3.0,1.0,4.0,Midwest,tablet,0,1,24.93
5851,34.0,5.0,10.0,11.0,Northeast,tablet,1,0,0.0
5852,47.0,1.0,13.0,0.0,West,tablet,0,0,0.0
5853,23.0,4.0,12.0,11.0,Northeast,tablet,1,0,0.0
5854,52.0,1.0,4.0,10.0,nan,desktop,0,0,0.0
5855,36.0,3.0,10.0,3.0,Southeast,tablet,1,0,0.0
5856,33.0,5.0,12.0,5.0,Midwest,tablet,1,0,0.0
5857,56.0,4.0,0.0,8.0,West,desktop,1,1,32.73
5858,56.0,5.0,6.0,1.0,Midwest,mobile,1,0,0.0
5859,37.0,5.0,2.0,3.0,West,mobile,0,0,0.0
5860,28.0,4.0,5.0,5.0,West,desktop,1,0,0.0
5861,53.0,1.0,13.0,9.0,Midwest,desktop,0,0,0.0
5862,60.0,3.0,2.0,10.0,Northeast,mobile,0,0,0.0
5863,59.0,1.0,10.0,6.0,West,mobile,0,0,0.0
5864,40.0,4.0,14.0,11.0,West,mobile,0,0,0.0
5865,44.0,1.0,12.0,11.0,West,tablet,1,0,0.0
5866,26.0,5.0,0.0,0.0,Midwest,mobile,0,0,0.0
5867,36.0,4.0,14.0,6.0,Southeast,desktop,0,0,0.0
5868,52.0,5.0,7.0,11.0,Southeast,desktop,0,1,19.84
5869,54.0,5.0,14.0,3.0,Southeast,mobile,1,1,27.23
5870,38.0,5.0,10.0,3.0,West,mobile,1,0,0.0
5871,61.0,1.0,11.0,3.0,West,desktop,1,0,0.0
5872,32.0,3.0,6.0,8.0,Midwest,desktop,1,0,0.0
5873,52.0,5.0,2.0,5.0,West,tablet,1,0,0.0
5874,50.0,2.0,4.0,9.0,Midwest,tablet,0,1,18.51
5875,47.0,2.0,7.0,4.0,Midwest,desktop,1,0,0.0
5876,36.0,1.0,2.0,10.0,nan,desktop,1,0,0.0
5877,52.0,3.0,0.0,3.0,Midwest,mobile,0,0,0.0
5878,31.0,1.0,2.0,4.0,Southeast,desktop,0,0,0.0
5879,57.0,1.0,11.0,10.0,Midwest,desktop,1,1,25.01
5880,47.0,2.0,14.0,9.0,Southeast,mobile,0,0,0.0
5881,39.0,4.0,12.0,4.0,Southeast,desktop,0,1,28.11
5882,37.0,1.0,6.0,8.0,West,mobile,0,1,24.56
5883,27.0,5.0,7.0,5.0,Northeast,desktop,1,1,25.96
5884,24.0,4.0,0.0,3.0,Southeast,desktop,1,1,30.28
5885,35.0,5.0,7.0,3.0,West,desktop,1,0,0.0
5886,31.0,5.0,5.0,9.0,Northeast,mobile,1,0,0.0
5887,51.0,4.0,5.0,9.0,nan,mobile,0,0,0.0
5888,41.0,4.0,9.0,10.0,West,desktop,0,1,23.36
5889,28.0,4.0,6.0,4.0,West,mobile,1,0,0.0
5890,46.0,1.0,9.0,6.0,Midwest,tablet,0,0,0.0
5891,49.0,4.0,12.0,1.0,West,tablet,0,0,0.0
5892,42.0,2.0,1.0,9.0,West,tablet,0,0,0.0
5893,50.0,1.0,13.0,2.0,West,mobile,1,0,0.0
5894,61.0,5.0,3.0,7.0,Southeast,tablet,0,0,0.0
5895,47.0,5.0,10.0,10.0,Midwest,mobile,1,0,0.0
5896,36.0,5.0,11.0,9.0,Midwest,desktop,1,1,26.43
5897,48.0,1.0,14.0,9.0,Southeast,tablet,0,0,0.0
5898,59.0,5.0,14.0,7.0,Southeast,mobile,1,0,0.0
5899,49.0,1.0,3.0,11.0,Northeast,desktop,0,0,0.0
5900,42.0,5.0,7.0,8.0,Southeast,desktop,1,1,22.96
5901,26.0,1.0,13.0,7.0,Midwest,mobile,0,1,23.85
5902,51.0,1.0,1.0,0.0,West,mobile,0,0,0.0
5903,55.0,1.0,9.0,7.0,West,mobile,0,1,22.72
5904,45.0,4.0,13.0,1.0,Southeast,desktop,1,0,0.0
5905,49.0,5.0,6.0,4.0,West,desktop,1,0,0.0
5906,26.0,2.0,6.0,4.0,Northeast,tablet,0,0,0.0
5907,63.0,5.0,6.0,4.0,Southeast,desktop,1,1,29.26
5908,40.0,2.0,11.0,9.0,Southeast,desktop,0,0,0.0
5909,59.0,5.0,2.0,8.0,Northeast,mobile,1,0,0.0
5910,51.0,3.0,3.0,0.0,nan,mobile,1,0,0.0
5911,52.0,3.0,1.0,4.0,Midwest,mobile,0,0,0.0
5912,33.0,5.0,13.0,0.0,Southeast,mobile,0,1,25.35
5913,33.0,3.0,11.0,9.0,West,desktop,0,0,0.0
5914,36.0,3.0,4.0,2.0,Midwest,mobile,0,0,0.0
5915,33.0,3.0,9.0,5.0,nan,desktop,0,0,0.0
5916,52.0,2.0,10.0,10.0,West,tablet,1,0,0.0
5917,28.0,3.0,3.0,8.0,nan,mobile,0,0,0.0
5918,53.0,5.0,6.0,10.0,West,mobile,1,0,0.0
5919,28.0,4.0,5.0,4.0,West,mobile,1,0,0.0
5920,45.0,2.0,5.0,3.0,Midwest,desktop,0,0,0.0
5921,34.0,5.0,9.0,5.0,Northeast,mobile,1,0,0.0
5922,53.0,4.0,2.0,8.0,Midwest,mobile,0,0,0.0
5923,34.0,5.0,3.0,10.0,Midwest,desktop,1,0,0.0
5924,58.0,4.0,12.0,8.0,Southeast,mobile,1,0,0.0
5925,59.0,1.0,2.0,10.0,Southeast,mobile,0,0,0.0
5926,43.0,1.0,6.0,0.0,Southeast,mobile,1,0,0.0
5927,23.0,1.0,11.0,10.0,Midwest,mobile,0,0,0.0
5928,51.0,3.0,6.0,4.0,West,desktop,0,0,0.0
5929,51.0,3.0,6.0,1.0,Southeast,mobile,0,0,0.0
5930,22.0,1.0,1.0,1.0,Northeast,desktop,0,0,0.0
5931,46.0,1.0,6.0,4.0,Southeast,mobile,0,0,0.0
5932,23.0,4.0,2.0,4.0,Southeast,mobile,0,0,0.0
5933,32.0,4.0,2.0,0.0,West,desktop,0,0,0.0
5934,47.0,4.0,5.0,3.0,Southeast,mobile,0,1,21.53
5935,41.0,4.0,9.0,5.0,Midwest,mobile,1,1,27.88
5936,49.0,2.0,0.0,0.0,Southeast,desktop,0,0,0.0
5937,39.0,3.0,1.0,3.0,Midwest,mobile,0,1,24.13
5938,34.0,4.0,8.0,11.0,Northeast,tablet,1,0,0.0
5939,24.0,4.0,9.0,11.0,Midwest,desktop,1,1,26.22
5940,48.0,3.0,2.0,6.0,Northeast,mobile,0,0,0.0
5941,45.0,1.0,0.0,5.0,West,mobile,0,0,0.0
5942,26.0,3.0,10.0,1.0,nan,mobile,1,1,28.75
5943,26.0,5.0,14.0,11.0,Midwest,mobile,1,0,0.0
5944,55.0,4.0,9.0,2.0,Northeast,mobile,1,1,26.44
5945,57.0,4.0,3.0,2.0,Southeast,mobile,0,0,0.0
5946,37.0,5.0,7.0,0.0,Northeast,desktop,1,0,0.0
5947,64.0,4.0,13.0,10.0,Northeast,desktop,0,0,0.0
5948,46.0,3.0,3.0,3.0,West,mobile,1,0,0.0
5949,45.0,4.0,1.0,5.0,West,mobile,0,0,0.0
5950,64.0,4.0,11.0,0.0,West,mobile,1,0,0.0
5951,48.0,3.0,9.0,3.0,Northeast,mobile,1,0,0.0
5952,44.0,2.0,14.0,2.0,Northeast,mobile,0,1,21.04
5953,27.0,2.0,7.0,11.0,Southeast,mobile,1,0,0.0
5954,44.0,3.0,10.0,5.0,Midwest,mobile,1,0,0.0
5955,36.0,4.0,6.0,2.0,Southeast,desktop,1,0,0.0
5956,26.0,1.0,10.0,8.0,nan,desktop,1,0,0.0
5957,44.0,4.0,10.0,2.0,Northeast,mobile,0,0,0.0
5958,23.0,3.0,2.0,9.0,Midwest,desktop,1,0,0.0
5959,61.0,1.0,12.0,11.0,nan,desktop,0,0,0.0
5960,61.0,2.0,6.0,0.0,nan,mobile,0,0,0.0
5961,53.0,4.0,7.0,5.0,Southeast,mobile,1,1,27.0
5962,59.0,5.0,1.0,2.0,West,desktop,1,0,0.0
5963,57.0,5.0,4.0,10.0,West,mobile,0,0,0.0
5964,56.0,2.0,1.0,1.0,Southeast,mobile,0,0,0.0
5965,27.0,3.0,14.0,4.0,Midwest,mobile,0,0,0.0
5966,64.0,5.0,6.0,4.0,nan,mobile,0,0,0.0
5967,32.0,3.0,2.0,5.0,nan,tablet,1,0,0.0
5968,26.0,2.0,3.0,2.0,nan,mobile,0,0,0.0
5969,59.0,3.0,9.0,1.0,West,mobile,1,0,0.0
5970,54.0,3.0,9.0,2.0,West,desktop,0,1,25.01
5971,47.0,2.0,9.0,8.0,Southeast,mobile,0,0,0.0
5972,26.0,2.0,13.0,11.0,West,tablet,1,0,0.0
5973,35.0,5.0,14.0,11.0,West,tablet,1,0,0.0
5974,49.0,5.0,6.0,7.0,Midwest,desktop,0,1,23.62
5975,52.0,5.0,10.0,0.0,nan,mobile,0,0,0.0
5976,52.0,3.0,1.0,10.0,Southeast,tablet,1,1,24.62
5977,32.0,5.0,1.0,11.0,West,mobile,0,0,0.0
5978,51.0,2.0,3.0,6.0,West,mobile,1,0,0.0
5979,26.0,2.0,5.0,6.0,Northeast,desktop,0,1,22.07
5980,33.0,1.0,6.0,9.0,Southeast,desktop,1,0,0.0
5981,22.0,4.0,14.0,4.0,West,mobile,1,0,0.0
5982,59.0,4.0,6.0,4.0,West,desktop,1,0,0.0
5983,37.0,4.0,7.0,8.0,Southeast,tablet,1,0,0.0
5984,46.0,5.0,8.0,2.0,Southeast,desktop,0,0,0.0
5985,22.0,2.0,1.0,9.0,Northeast,mobile,0,0,0.0
5986,61.0,4.0,13.0,6.0,nan,mobile,0,0,0.0
5987,39.0,5.0,3.0,3.0,Southeast,tablet,1,0,0.0
5988,41.0,3.0,13.0,11.0,Midwest,mobile,1,0,0.0
5989,37.0,3.0,11.0,1.0,Northeast,tablet,1,0,0.0
5990,36.0,5.0,9.0,10.0,Southeast,mobile,0,0,0.0
5991,35.0,1.0,13.0,6.0,nan,mobile,1,0,0.0
5992,60.0,3.0,2.0,2.0,Midwest,mobile,0,0,0.0
5993,25.0,3.0,10.0,7.0,West,mobile,1,0,0.0
5994,57.0,2.0,2.0,11.0,nan,tablet,0,0,0.0
5995,32.0,1.0,14.0,2.0,nan,mobile,0,0,0.0
5996,25.0,2.0,4.0,6.0,nan,desktop,1,0,0.0
5997,59.0,4.0,5.0,8.0,nan,desktop,0,0,0.0
5998,40.0,4.0,10.0,5.0,West,mobile,1,0,0.0
5999,60.0,4.0,6.0,2.0,nan,mobile,1,0,0.0
6000,25.0,5.0,12.0,3.0,West,desktop,1,0,0.0
6001,25.0,5.0,5.0,4.0,nan,mobile,0,0,0.0
6002,59.0,4.0,9.0,7.0,nan,desktop,1,0,0.0
6003,32.0,1.0,2.0,7.0,Midwest,mobile,0,0,0.0
6004,42.0,1.0,12.0,6.0,Northeast,mobile,1,0,0.0
6005,29.0,1.0,0.0,4.0,nan,desktop,1,0,0.0
6006,33.0,3.0,3.0,9.0,Midwest,mobile,1,0,0.0
6007,46.0,1.0,11.0,5.0,nan,mobile,0,0,0.0
6008,25.0,1.0,10.0,10.0,Midwest,desktop,0,0,0.0
6009,55.0,4.0,2.0,3.0,West,desktop,0,0,0.0
6010,34.0,5.0,4.0,8.0,nan,desktop,0,0,0.0
6011,61.0,2.0,4.0,6.0,Northeast,mobile,0,0,0.0
6012,37.0,1.0,9.0,2.0,Southeast,desktop,0,0,0.0
6013,53.0,1.0,5.0,1.0,nan,mobile,0,0,0.0
6014,63.0,5.0,0.0,1.0,Midwest,desktop,0,0,0.0
6015,50.0,5.0,5.0,5.0,West,mobile,0,0,0.0
6016,64.0,2.0,9.0,6.0,Midwest,desktop,0,0,0.0
6017,52.0,3.0,5.0,8.0,Midwest,tablet,0,0,0.0
6018,41.0,3.0,13.0,1.0,Southeast,desktop,0,1,20.92
6019,64.0,3.0,9.0,2.0,nan,desktop,0,0,0.0
6020,61.0,4.0,3.0,7.0,West,mobile,1,1,24.43
6021,62.0,3.0,9.0,6.0,nan,mobile,1,1,23.38
6022,56.0,5.0,12.0,1.0,nan,mobile,1,0,0.0
6023,26.0,3.0,14.0,6.0,Northeast,mobile,1,1,31.09
6024,55.0,4.0,0.0,2.0,nan,mobile,0,0,0.0
6025,31.0,2.0,4.0,3.0,Northeast,mobile,1,0,0.0
6026,33.0,3.0,9.0,1.0,nan,mobile,1,0,0.0
6027,55.0,4.0,0.0,0.0,Midwest,tablet,0,0,0.0
6028,53.0,2.0,6.0,10.0,Southeast,mobile,1,0,0.0
6029,25.0,3.0,8.0,11.0,West,mobile,0,1,20.33
6030,64.0,2.0,0.0,7.0,nan,tablet,0,0,0.0
6031,51.0,5.0,1.0,1.0,nan,mobile,1,0,0.0
6032,58.0,4.0,9.0,4.0,Southeast,mobile,1,1,25.67
6033,60.0,3.0,7.0,4.0,West,desktop,1,0,0.0
6034,45.0,2.0,2.0,4.0,Northeast,desktop,0,0,0.0
6035,36.0,4.0,0.0,2.0,Northeast,tablet,1,0,0.0
6036,22.0,4.0,7.0,1.0,Northeast,desktop,1,1,27.23
6037,52.0,5.0,13.0,11.0,West,mobile,1,1,27.95
6038,38.0,4.0,3.0,10.0,Northeast,mobile,0,1,24.93
6039,40.0,2.0,6.0,0.0,West,mobile,1,0,0.0
6040,50.0,2.0,1.0,3.0,nan,mobile,0,0,0.0
6041,39.0,4.0,5.0,1.0,West,mobile,0,0,0.0
6042,27.0,1.0,1.0,0.0,Southeast,desktop,0,0,0.0
6043,59.0,1.0,3.0,7.0,nan,desktop,0,0,0.0
6044,39.0,3.0,9.0,4.0,West,mobile,0,0,0.0
6045,52.0,5.0,7.0,6.0,West,mobile,1,0,0.0
6046,52.0,2.0,2.0,2.0,nan,tablet,0,0,0.0
6047,32.0,4.0,2.0,8.0,Northeast,desktop,1,0,0.0
6048,60.0,1.0,4.0,4.0,Northeast,desktop,0,0,0.0
6049,64.0,4.0,12.0,1.0,Southeast,desktop,1,1,30.62
6050,52.0,3.0,3.0,10.0,Southeast,mobile,0,0,0.0
6051,58.0,1.0,4.0,3.0,Northeast,desktop,0,0,0.0
6052,48.0,2.0,1.0,8.0,Midwest,mobile,0,0,0.0
6053,35.0,5.0,9.0,8.0,Northeast,desktop,1,0,0.0
6054,31.0,2.0,0.0,2.0,West,mobile,0,0,0.0
6055,62.0,5.0,2.0,3.0,Northeast,tablet,1,0,0.0
6056,50.0,2.0,7.0,3.0,Southeast,desktop,0,0,0.0
6057,42.0,2.0,9.0,10.0,Midwest,mobile,1,1,25.38
6058,58.0,1.0,11.0,5.0,Northeast,desktop,0,0,0.0
6059,46.0,1.0,11.0,8.0,nan,mobile,0,1,21.93
6060,40.0,5.0,1.0,1.0,Northeast,desktop,1,0,0.0
6061,24.0,3.0,8.0,0.0,Northeast,mobile,1,0,0.0
6062,60.0,4.0,2.0,3.0,Southeast,mobile,1,0,0.0
6063,25.0,1.0,8.0,2.0,West,desktop,0,0,0.0
6064,36.0,1.0,13.0,3.0,Midwest,mobile,1,0,0.0
6065,47.0,3.0,0.0,3.0,Southeast,mobile,0,0,0.0
6066,49.0,3.0,13.0,2.0,Midwest,tablet,0,1,24.58
6067,49.0,4.0,13.0,11.0,nan,mobile,1,0,0.0
6068,58.0,4.0,14.0,3.0,Midwest,mobile,1,1,31.69
6069,43.0,3.0,0.0,0.0,Southeast,desktop,0,0,0.0
6070,60.0,3.0,9.0,5.0,Northeast,mobile,0,0,0.0
6071,47.0,5.0,3.0,9.0,West,mobile,0,0,0.0
6072,42.0,4.0,0.0,10.0,Southeast,mobile,0,0,0.0
6073,38.0,5.0,0.0,4.0,Midwest,tablet,1,0,0.0
6074,41.0,5.0,1.0,8.0,West,desktop,1,0,0.0
6075,42.0,5.0,6.0,1.0,Northeast,tablet,1,0,0.0
6076,62.0,5.0,3.0,0.0,Northeast,tablet,0,0,0.0
6077,29.0,3.0,1.0,8.0,nan,mobile,0,0,0.0
6078,42.0,1.0,5.0,6.0,West,mobile,1,0,0.0
6079,27.0,3.0,7.0,0.0,nan,mobile,0,0,0.0
6080,22.0,3.0,5.0,2.0,Midwest,desktop,1,0,0.0
6081,41.0,5.0,9.0,4.0,Southeast,desktop,0,0,0.0
6082,42.0,3.0,2.0,0.0,Midwest,mobile,0,0,0.0
6083,34.0,4.0,4.0,3.0,West,desktop,1,0,0.0
6084,47.0,1.0,2.0,6.0,Midwest,mobile,0,1,19.89
6085,22.0,1.0,3.0,0.0,Midwest,desktop,0,0,0.0
6086,53.0,5.0,14.0,2.0,Midwest,mobile,0,1,26.87
6087,39.0,1.0,9.0,6.0,Southeast,desktop,0,0,0.0
6088,25.0,5.0,1.0,7.0,Southeast,desktop,0,0,0.0
6089,61.0,3.0,2.0,7.0,Midwest,desktop,0,0,0.0
6090,46.0,4.0,0.0,3.0,West,mobile,0,0,0.0
6091,42.0,5.0,12.0,1.0,Midwest,mobile,1,0,0.0
6092,48.0,2.0,0.0,2.0,Midwest,mobile,1,1,21.73
6093,45.0,3.0,1.0,6.0,nan,mobile,0,0,0.0
6094,51.0,1.0,8.0,7.0,Northeast,mobile,1,0,0.0
6095,53.0,3.0,6.0,11.0,West,tablet,1,0,0.0
6096,33.0,2.0,3.0,7.0,Northeast,mobile,0,0,0.0
6097,49.0,4.0,6.0,9.0,Southeast,mobile,0,1,25.46
6098,54.0,4.0,7.0,10.0,Northeast,mobile,1,0,0.0
6099,27.0,2.0,2.0,5.0,Midwest,mobile,0,0,0.0
6100,55.0,2.0,6.0,2.0,Midwest,desktop,0,0,0.0
6101,36.0,2.0,12.0,2.0,Southeast,tablet,0,0,0.0
6102,27.0,4.0,13.0,11.0,Northeast,mobile,0,1,28.87
6103,52.0,1.0,9.0,3.0,Southeast,desktop,0,0,0.0
6104,55.0,5.0,2.0,4.0,Southeast,mobile,1,0,0.0
6105,45.0,3.0,11.0,4.0,Midwest,mobile,1,1,31.6
6106,48.0,2.0,4.0,11.0,Midwest,tablet,0,0,0.0
6107,41.0,2.0,2.0,1.0,Northeast,mobile,0,0,0.0
6108,40.0,5.0,10.0,1.0,West,mobile,1,0,0.0
6109,36.0,3.0,2.0,7.0,Midwest,desktop,1,0,0.0
6110,55.0,3.0,7.0,11.0,Southeast,desktop,1,0,0.0
6111,43.0,3.0,7.0,7.0,Northeast,mobile,0,0,0.0
6112,27.0,3.0,8.0,11.0,Northeast,mobile,0,0,0.0
6113,32.0,2.0,5.0,6.0,Northeast,tablet,0,1,20.08
6114,37.0,1.0,6.0,3.0,Northeast,mobile,0,0,0.0
6115,54.0,1.0,1.0,2.0,Northeast,mobile,1,0,0.0
6116,60.0,1.0,12.0,2.0,Southeast,mobile,0,1,26.8
6117,29.0,4.0,10.0,9.0,Midwest,mobile,0,1,19.63
6118,28.0,4.0,1.0,7.0,Midwest,mobile,0,0,0.0
6119,44.0,3.0,12.0,10.0,nan,desktop,0,0,0.0
6120,61.0,4.0,14.0,1.0,nan,mobile,0,0,0.0
6121,34.0,2.0,11.0,2.0,Northeast,desktop,0,1,22.73
6122,49.0,4.0,2.0,3.0,nan,tablet,0,0,0.0
6123,53.0,5.0,10.0,8.0,Midwest,mobile,1,1,27.63
6124,22.0,2.0,2.0,11.0,West,desktop,0,0,0.0
6125,37.0,4.0,11.0,7.0,West,mobile,1,0,0.0
6126,28.0,4.0,3.0,9.0,Midwest,mobile,0,0,0.0
6127,64.0,4.0,13.0,10.0,Midwest,mobile,1,1,30.52
6128,24.0,4.0,11.0,9.0,West,desktop,1,0,0.0
6129,27.0,1.0,12.0,3.0,West,tablet,1,0,0.0
6130,55.0,2.0,8.0,10.0,Midwest,desktop,0,1,21.31
6131,28.0,1.0,1.0,11.0,Southeast,mobile,0,0,0.0
6132,32.0,1.0,1.0,8.0,West,desktop,0,0,0.0
6133,45.0,3.0,12.0,1.0,West,mobile,0,0,0.0
6134,46.0,4.0,13.0,8.0,West,desktop,1,1,27.99
6135,64.0,2.0,5.0,6.0,Southeast,mobile,0,1,21.67
6136,58.0,5.0,14.0,8.0,Northeast,desktop,0,0,0.0
6137,58.0,3.0,4.0,0.0,Midwest,tablet,0,0,0.0
6138,60.0,5.0,7.0,4.0,Southeast,desktop,1,0,0.0
6139,45.0,3.0,6.0,6.0,Southeast,mobile,0,0,0.0
6140,58.0,5.0,0.0,1.0,West,mobile,0,0,0.0
6141,52.0,5.0,4.0,6.0,Southeast,mobile,1,0,0.0
6142,43.0,1.0,7.0,7.0,West,mobile,0,0,0.0
6143,62.0,5.0,0.0,7.0,Southeast,mobile,1,0,0.0
6144,28.0,4.0,8.0,9.0,Northeast,mobile,1,1,28.8
6145,38.0,4.0,7.0,5.0,Midwest,desktop,0,0,0.0
6146,36.0,2.0,2.0,2.0,Southeast,mobile,1,0,0.0
6147,45.0,1.0,7.0,1.0,Southeast,desktop,0,0,0.0
6148,36.0,2.0,0.0,2.0,Northeast,desktop,0,0,0.0
6149,40.0,2.0,9.0,4.0,Southeast,mobile,1,0,0.0
6150,64.0,2.0,7.0,11.0,West,desktop,1,0,0.0
6151,54.0,3.0,5.0,9.0,West,mobile,1,0,0.0
6152,56.0,4.0,13.0,1.0,Midwest,mobile,1,0,0.0
6153,37.0,2.0,12.0,7.0,Southeast,desktop,0,0,0.0
6154,35.0,4.0,3.0,6.0,West,mobile,0,0,0.0
6155,44.0,1.0,8.0,2.0,West,mobile,0,0,0.0
6156,39.0,3.0,5.0,8.0,Midwest,mobile,1,0,0.0
6157,50.0,5.0,13.0,0.0,West,mobile,1,0,0.0
6158,33.0,4.0,13.0,1.0,Midwest,mobile,1,0,0.0
6159,28.0,3.0,12.0,7.0,West,desktop,1,0,0.0
6160,39.0,2.0,9.0,6.0,Midwest,desktop,0,0,0.0
6161,57.0,4.0,14.0,7.0,Southeast,mobile,0,0,0.0
6162,25.0,3.0,8.0,8.0,Northeast,mobile,0,0,0.0
6163,25.0,5.0,9.0,10.0,Northeast,tablet,1,0,0.0
6164,57.0,1.0,4.0,0.0,Midwest,tablet,0,0,0.0
6165,38.0,4.0,10.0,9.0,Northeast,mobile,1,1,32.59
6166,44.0,1.0,14.0,5.0,nan,tablet,0,0,0.0
6167,54.0,5.0,8.0,3.0,Southeast,desktop,1,0,0.0
6168,48.0,3.0,10.0,5.0,Northeast,mobile,1,0,0.0
6169,63.0,1.0,4.0,6.0,nan,mobile,0,0,0.0
6170,30.0,5.0,1.0,6.0,West,mobile,1,0,0.0
6171,57.0,2.0,5.0,3.0,Southeast,mobile,0,0,0.0
6172,41.0,5.0,0.0,0.0,West,mobile,0,0,0.0
6173,27.0,4.0,14.0,8.0,West,desktop,1,0,0.0
6174,41.0,5.0,9.0,10.0,Midwest,mobile,1,0,0.0
6175,43.0,4.0,11.0,10.0,Midwest,desktop,1,0,0.0
6176,26.0,2.0,4.0,10.0,West,mobile,0,1,18.6
6177,42.0,3.0,9.0,2.0,Midwest,mobile,1,1,29.26
6178,23.0,4.0,1.0,10.0,Midwest,mobile,0,0,0.0
6179,50.0,3.0,13.0,7.0,West,mobile,0,0,0.0
6180,48.0,5.0,10.0,6.0,nan,desktop,1,1,23.47
6181,27.0,3.0,4.0,3.0,nan,mobile,1,0,0.0
6182,46.0,1.0,12.0,9.0,West,tablet,0,0,0.0
6183,33.0,1.0,8.0,1.0,Midwest,tablet,0,0,0.0
6184,49.0,3.0,6.0,9.0,West,mobile,1,0,0.0
6185,32.0,1.0,7.0,10.0,Northeast,desktop,0,0,0.0
6186,60.0,2.0,4.0,11.0,nan,desktop,0,1,19.83
6187,43.0,2.0,6.0,10.0,Northeast,mobile,0,0,0.0
6188,64.0,5.0,2.0,9.0,Northeast,mobile,1,1,27.31
6189,25.0,5.0,1.0,9.0,Northeast,desktop,1,0,0.0
6190,58.0,3.0,10.0,1.0,West,tablet,1,1,32.83
6191,24.0,5.0,9.0,3.0,Southeast,mobile,0,0,0.0
6192,22.0,5.0,0.0,1.0,Midwest,tablet,1,0,0.0
6193,29.0,5.0,5.0,4.0,Southeast,desktop,1,0,0.0
6194,35.0,1.0,10.0,6.0,nan,mobile,0,1,25.84
6195,60.0,3.0,2.0,10.0,nan,mobile,0,1,25.34
6196,55.0,2.0,14.0,8.0,Midwest,mobile,1,0,0.0
6197,25.0,2.0,4.0,9.0,West,desktop,0,0,0.0
6198,60.0,3.0,5.0,10.0,Southeast,mobile,0,0,0.0
6199,32.0,1.0,9.0,9.0,West,mobile,0,0,0.0
6200,61.0,2.0,10.0,0.0,Northeast,mobile,1,1,31.15
6201,30.0,2.0,5.0,11.0,nan,tablet,1,1,26.62
6202,50.0,5.0,0.0,5.0,Midwest,mobile,0,0,0.0
6203,48.0,5.0,7.0,3.0,West,mobile,1,0,0.0
6204,58.0,4.0,5.0,5.0,West,mobile,1,0,0.0
6205,48.0,3.0,3.0,6.0,West,desktop,1,0,0.0
6206,28.0,4.0,6.0,8.0,Southeast,mobile,1,1,22.79
6207,64.0,4.0,2.0,5.0,West,desktop,0,0,0.0
6208,38.0,1.0,9.0,6.0,West,mobile,1,1,25.41
6209,62.0,2.0,10.0,4.0,Northeast,tablet,0,1,30.01
6210,25.0,4.0,4.0,9.0,Northeast,desktop,1,1,28.67
6211,60.0,5.0,6.0,1.0,West,tablet,1,1,28.18
6212,34.0,5.0,9.0,8.0,Southeast,mobile,1,1,28.35
6213,63.0,2.0,12.0,6.0,West,mobile,1,1,25.22
6214,55.0,5.0,10.0,5.0,nan,desktop,1,1,28.91
6215,63.0,4.0,13.0,4.0,Southeast,desktop,1,1,28.73
6216,30.0,3.0,2.0,2.0,nan,desktop,0,0,0.0
6217,53.0,1.0,4.0,3.0,Midwest,mobile,1,1,26.93
6218,53.0,4.0,12.0,7.0,Midwest,desktop,1,1,27.84
6219,60.0,1.0,3.0,1.0,Southeast,desktop,0,0,0.0
6220,55.0,3.0,10.0,2.0,nan,tablet,0,0,0.0
6221,25.0,2.0,1.0,5.0,West,desktop,0,0,0.0
6222,59.0,1.0,14.0,7.0,West,mobile,0,0,0.0
6223,33.0,2.0,4.0,4.0,nan,mobile,1,0,0.0
6224,63.0,5.0,11.0,1.0,Northeast,desktop,1,0,0.0
6225,55.0,4.0,11.0,9.0,Northeast,mobile,1,0,0.0
6226,54.0,2.0,11.0,2.0,Northeast,tablet,1,0,0.0
6227,49.0,4.0,4.0,11.0,nan,mobile,1,0,0.0
6228,51.0,2.0,0.0,5.0,nan,desktop,1,0,0.0
6229,46.0,3.0,14.0,9.0,Midwest,tablet,1,0,0.0
6230,55.0,5.0,6.0,6.0,West,mobile,1,0,0.0
6231,61.0,3.0,10.0,3.0,West,mobile,0,0,0.0
6232,30.0,4.0,4.0,11.0,Southeast,mobile,1,0,0.0
6233,57.0,5.0,14.0,3.0,Southeast,mobile,1,0,0.0
6234,53.0,3.0,11.0,7.0,nan,mobile,0,0,0.0
6235,47.0,3.0,9.0,9.0,Northeast,desktop,1,0,0.0
6236,61.0,2.0,9.0,5.0,Midwest,mobile,1,0,0.0
6237,62.0,4.0,1.0,9.0,Midwest,mobile,1,0,0.0
6238,41.0,5.0,7.0,9.0,Southeast,mobile,1,0,0.0
6239,24.0,5.0,4.0,3.0,Midwest,mobile,0,0,0.0
6240,22.0,3.0,5.0,1.0,West,desktop,0,0,0.0
6241,48.0,2.0,8.0,0.0,West,mobile,0,0,0.0
6242,36.0,3.0,1.0,0.0,West,mobile,0,1,17.61
6243,31.0,5.0,11.0,6.0,Southeast,mobile,1,0,0.0
6244,26.0,1.0,4.0,3.0,Southeast,mobile,1,0,0.0
6245,33.0,4.0,6.0,4.0,Southeast,desktop,1,0,0.0
6246,48.0,3.0,9.0,6.0,Midwest,mobile,0,0,0.0
6247,56.0,4.0,1.0,3.0,Northeast,mobile,0,0,0.0
6248,57.0,2.0,4.0,7.0,nan,mobile,0,0,0.0
6249,50.0,3.0,3.0,4.0,West,desktop,0,0,0.0
6250,25.0,2.0,1.0,9.0,nan,desktop,1,0,0.0
6251,52.0,5.0,10.0,1.0,Southeast,desktop,1,0,0.0
6252,40.0,3.0,0.0,7.0,West,desktop,0,0,0.0
6253,27.0,5.0,2.0,3.0,nan,desktop,0,1,22.19
6254,50.0,5.0,13.0,1.0,Midwest,tablet,0,1,22.26
6255,63.0,3.0,9.0,1.0,Midwest,mobile,1,0,0.0
6256,61.0,2.0,3.0,9.0,Northeast,mobile,0,0,0.0
6257,55.0,3.0,11.0,10.0,nan,desktop,1,0,0.0
6258,31.0,2.0,13.0,0.0,West,desktop,1,0,0.0
6259,43.0,3.0,5.0,2.0,nan,tablet,1,0,0.0
6260,44.0,5.0,0.0,8.0,Southeast,desktop,0,0,0.0
6261,39.0,4.0,7.0,9.0,West,desktop,0,1,23.24
6262,22.0,4.0,6.0,6.0,Northeast,mobile,1,1,27.27
6263,46.0,3.0,3.0,0.0,Northeast,tablet,0,0,0.0
6264,38.0,3.0,7.0,5.0,nan,mobile,0,0,0.0
6265,36.0,3.0,5.0,5.0,Northeast,desktop,0,0,0.0
6266,36.0,4.0,5.0,8.0,West,mobile,1,0,0.0
6267,53.0,2.0,4.0,9.0,Midwest,desktop,1,0,0.0
6268,29.0,1.0,1.0,0.0,nan,mobile,0,0,0.0
6269,45.0,2.0,5.0,11.0,Midwest,mobile,1,0,0.0
6270,28.0,4.0,13.0,4.0,West,mobile,1,0,0.0
6271,62.0,5.0,13.0,7.0,West,desktop,0,0,0.0
6272,37.0,5.0,13.0,11.0,Southeast,desktop,1,0,0.0
6273,61.0,5.0,3.0,7.0,nan,mobile,0,0,0.0
6274,24.0,3.0,11.0,0.0,Northeast,mobile,0,0,0.0
6275,53.0,2.0,0.0,2.0,Northeast,mobile,0,0,0.0
6276,60.0,5.0,1.0,10.0,West,desktop,1,1,26.17
6277,28.0,3.0,11.0,1.0,Midwest,mobile,0,0,0.0
6278,63.0,3.0,3.0,7.0,Southeast,mobile,0,0,0.0
6279,62.0,5.0,12.0,5.0,West,mobile,1,0,0.0
6280,59.0,1.0,4.0,10.0,West,mobile,0,1,24.67
6281,53.0,4.0,9.0,11.0,nan,desktop,0,0,0.0
6282,22.0,1.0,14.0,0.0,Northeast,desktop,0,0,0.0
6283,26.0,3.0,8.0,11.0,West,mobile,0,0,0.0
6284,36.0,1.0,11.0,9.0,West,mobile,0,0,0.0
6285,55.0,4.0,14.0,11.0,nan,desktop,0,0,0.0
6286,40.0,5.0,6.0,6.0,Midwest,tablet,1,0,0.0
6287,23.0,3.0,7.0,11.0,nan,desktop,0,0,0.0
6288,36.0,5.0,7.0,2.0,West,mobile,1,0,0.0
6289,58.0,4.0,10.0,1.0,nan,mobile,1,0,0.0
6290,56.0,1.0,11.0,5.0,West,tablet,0,0,0.0
6291,57.0,2.0,3.0,2.0,Midwest,mobile,0,0,0.0
6292,51.0,2.0,0.0,11.0,Southeast,mobile,0,0,0.0
6293,29.0,5.0,6.0,7.0,Midwest,tablet,1,1,28.83
6294,30.0,5.0,5.0,5.0,West,desktop,0,0,0.0
6295,64.0,4.0,8.0,0.0,Southeast,desktop,0,1,21.59
6296,25.0,3.0,0.0,1.0,Northeast,mobile,0,0,0.0
6297,55.0,1.0,2.0,7.0,Northeast,desktop,0,0,0.0
6298,47.0,4.0,13.0,0.0,West,desktop,1,0,0.0
6299,23.0,3.0,8.0,8.0,nan,mobile,1,1,24.14
6300,58.0,2.0,6.0,0.0,Northeast,desktop,0,0,0.0
6301,60.0,5.0,9.0,4.0,Southeast,tablet,1,1,26.21
6302,49.0,1.0,2.0,2.0,Midwest,tablet,0,0,0.0
6303,64.0,4.0,4.0,3.0,West,mobile,0,0,0.0
6304,32.0,2.0,14.0,6.0,West,mobile,1,0,0.0
6305,63.0,5.0,3.0,4.0,nan,mobile,1,0,0.0
6306,45.0,4.0,13.0,4.0,Midwest,desktop,1,1,25.92
6307,50.0,1.0,2.0,2.0,Midwest,tablet,0,0,0.0
6308,44.0,5.0,7.0,10.0,nan,desktop,1,1,29.93
6309,60.0,1.0,12.0,2.0,Southeast,desktop,1,0,0.0
6310,55.0,4.0,13.0,9.0,Northeast,desktop,0,0,0.0
6311,56.0,3.0,2.0,11.0,Southeast,mobile,0,0,0.0
6312,40.0,3.0,2.0,5.0,Southeast,mobile,0,1,22.35
6313,62.0,3.0,5.0,3.0,Midwest,desktop,0,0,0.0
6314,53.0,2.0,11.0,2.0,Southeast,desktop,1,0,0.0
6315,36.0,4.0,1.0,3.0,nan,mobile,0,1,19.32
6316,33.0,5.0,11.0,4.0,nan,mobile,1,0,0.0
6317,56.0,5.0,7.0,7.0,nan,mobile,1,0,0.0
6318,23.0,3.0,8.0,7.0,West,mobile,0,1,23.59
6319,60.0,5.0,10.0,2.0,West,mobile,0,0,0.0
6320,55.0,3.0,5.0,0.0,Northeast,desktop,0,0,0.0
6321,46.0,3.0,5.0,9.0,Midwest,mobile,1,0,0.0
6322,64.0,2.0,4.0,10.0,West,tablet,1,1,22.32
6323,33.0,5.0,0.0,1.0,nan,mobile,1,0,0.0
6324,64.0,4.0,9.0,7.0,Northeast,tablet,0,0,0.0
6325,27.0,3.0,10.0,5.0,Midwest,mobile,1,0,0.0
6326,54.0,1.0,4.0,11.0,Midwest,desktop,0,0,0.0
6327,30.0,2.0,14.0,9.0,Northeast,mobile,1,0,0.0
6328,50.0,2.0,1.0,7.0,nan,mobile,0,0,0.0
6329,37.0,3.0,12.0,4.0,nan,mobile,0,0,0.0
6330,38.0,4.0,12.0,4.0,Northeast,mobile,1,1,29.68
6331,33.0,1.0,0.0,5.0,Southeast,mobile,0,0,0.0
6332,61.0,4.0,11.0,5.0,Midwest,mobile,1,1,26.61
6333,46.0,3.0,2.0,1.0,Southeast,tablet,0,0,0.0
6334,42.0,1.0,4.0,0.0,West,desktop,0,0,0.0
6335,33.0,2.0,10.0,8.0,West,mobile,1,1,26.91
6336,53.0,2.0,0.0,0.0,Midwest,mobile,0,0,0.0
6337,32.0,3.0,3.0,5.0,nan,mobile,0,0,0.0
6338,46.0,2.0,3.0,1.0,Northeast,tablet,0,0,0.0
6339,37.0,4.0,0.0,5.0,Northeast,desktop,0,0,0.0
6340,60.0,2.0,8.0,4.0,West,tablet,0,0,0.0
6341,35.0,3.0,9.0,0.0,Midwest,mobile,0,0,0.0
6342,51.0,2.0,10.0,3.0,West,desktop,1,0,0.0
6343,29.0,2.0,11.0,0.0,Midwest,mobile,1,0,0.0
6344,35.0,3.0,6.0,4.0,nan,mobile,1,1,26.62
6345,44.0,2.0,5.0,1.0,Southeast,desktop,0,0,0.0
6346,61.0,2.0,12.0,4.0,Northeast,desktop,1,1,29.23
6347,39.0,4.0,0.0,0.0,West,tablet,1,0,0.0
6348,29.0,4.0,3.0,4.0,Midwest,desktop,0,0,0.0
6349,60.0,4.0,4.0,3.0,West,mobile,0,0,0.0
6350,31.0,4.0,14.0,6.0,Southeast,mobile,1,0,0.0
6351,31.0,5.0,2.0,5.0,West,mobile,1,0,0.0
6352,37.0,5.0,9.0,11.0,Northeast,desktop,0,1,17.32
6353,57.0,3.0,5.0,10.0,Northeast,mobile,1,1,21.03
6354,37.0,3.0,11.0,6.0,Northeast,mobile,0,0,0.0
6355,63.0,1.0,5.0,0.0,West,mobile,0,0,0.0
6356,57.0,5.0,8.0,9.0,West,desktop,0,0,0.0
6357,57.0,3.0,2.0,8.0,Midwest,desktop,0,0,0.0
6358,40.0,5.0,14.0,9.0,Northeast,mobile,1,0,0.0
6359,57.0,1.0,1.0,10.0,Northeast,mobile,0,0,0.0
6360,59.0,3.0,2.0,5.0,Southeast,mobile,0,0,0.0
6361,39.0,3.0,6.0,5.0,Southeast,tablet,1,0,0.0
6362,36.0,1.0,6.0,2.0,Midwest,tablet,0,0,0.0
6363,26.0,2.0,6.0,0.0,West,mobile,0,0,0.0
6364,38.0,2.0,3.0,0.0,nan,desktop,0,0,0.0
6365,42.0,4.0,3.0,8.0,West,mobile,0,1,17.18
6366,54.0,4.0,4.0,0.0,Southeast,mobile,0,0,0.0
6367,45.0,4.0,7.0,10.0,Northeast,desktop,0,0,0.0
6368,32.0,2.0,12.0,2.0,nan,tablet,0,0,0.0
6369,34.0,1.0,1.0,6.0,West,mobile,0,0,0.0
6370,27.0,1.0,8.0,10.0,Southeast,desktop,0,0,0.0
6371,31.0,4.0,6.0,2.0,nan,mobile,1,0,0.0
6372,27.0,1.0,1.0,1.0,Northeast,mobile,0,0,0.0
6373,55.0,5.0,6.0,4.0,Southeast,desktop,1,0,0.0
6374,31.0,2.0,13.0,9.0,Midwest,mobile,1,0,0.0
6375,24.0,4.0,2.0,3.0,Southeast,desktop,0,0,0.0
6376,47.0,1.0,2.0,5.0,Northeast,mobile,0,0,0.0
6377,45.0,5.0,14.0,7.0,Northeast,desktop,1,1,28.51
6378,23.0,5.0,10.0,7.0,West,desktop,1,0,0.0
6379,51.0,5.0,6.0,10.0,nan,mobile,0,0,0.0
6380,50.0,1.0,10.0,1.0,nan,mobile,1,0,0.0
6381,63.0,5.0,9.0,11.0,Midwest,mobile,1,0,0.0
6382,54.0,2.0,12.0,9.0,West,mobile,0,0,0.0
6383,56.0,3.0,5.0,11.0,Northeast,mobile,1,1,23.96
6384,54.0,5.0,9.0,1.0,West,mobile,0,0,0.0
6385,49.0,4.0,2.0,9.0,Midwest,mobile,0,0,0.0
6386,49.0,5.0,5.0,6.0,West,tablet,0,0,0.0
6387,48.0,2.0,2.0,9.0,Northeast,tablet,0,0,0.0
6388,40.0,5.0,3.0,1.0,West,mobile,1,0,0.0
6389,26.0,4.0,11.0,5.0,Midwest,tablet,0,0,0.0
6390,64.0,5.0,8.0,10.0,Midwest,tablet,1,0,0.0
6391,63.0,1.0,1.0,9.0,Southeast,desktop,0,0,0.0
6392,25.0,3.0,0.0,7.0,Southeast,mobile,0,0,0.0
6393,55.0,5.0,14.0,7.0,Northeast,tablet,1,0,0.0
6394,54.0,1.0,7.0,6.0,Southeast,mobile,0,0,0.0
6395,32.0,2.0,5.0,10.0,Southeast,mobile,0,1,24.47
6396,38.0,5.0,2.0,3.0,West,desktop,0,0,0.0
6397,55.0,5.0,3.0,11.0,Northeast,mobile,1,0,0.0
6398,57.0,2.0,9.0,6.0,Northeast,mobile,1,1,24.35
6399,39.0,1.0,1.0,11.0,West,desktop,0,0,0.0
6400,49.0,1.0,6.0,0.0,Midwest,mobile,0,1,20.36
6401,41.0,5.0,11.0,6.0,West,tablet,1,0,0.0
6402,27.0,4.0,11.0,5.0,Northeast,tablet,1,0,0.0
6403,28.0,4.0,6.0,5.0,West,mobile,0,0,0.0
6404,58.0,1.0,8.0,2.0,West,mobile,0,1,23.45
6405,22.0,2.0,10.0,4.0,Midwest,mobile,0,0,0.0
6406,25.0,2.0,7.0,10.0,nan,desktop,1,0,0.0
6407,34.0,3.0,10.0,1.0,Southeast,mobile,1,0,0.0
6408,56.0,4.0,9.0,3.0,Midwest,mobile,1,0,0.0
6409,52.0,5.0,4.0,7.0,Northeast,mobile,1,0,0.0
6410,46.0,2.0,3.0,6.0,Southeast,desktop,1,0,0.0
6411,48.0,3.0,3.0,11.0,Southeast,tablet,0,0,0.0
6412,28.0,1.0,13.0,0.0,West,tablet,1,1,32.55
6413,28.0,1.0,1.0,3.0,West,mobile,1,0,0.0
6414,47.0,4.0,1.0,8.0,nan,mobile,0,0,0.0
6415,37.0,3.0,10.0,1.0,Southeast,desktop,0,1,24.95
6416,45.0,2.0,5.0,1.0,West,mobile,0,0,0.0
6417,49.0,3.0,11.0,3.0,Midwest,mobile,0,1,19.06
6418,35.0,5.0,0.0,11.0,Midwest,desktop,0,0,0.0
6419,58.0,2.0,12.0,5.0,Southeast,mobile,1,1,27.34
6420,56.0,1.0,8.0,3.0,West,mobile,0,0,0.0
6421,26.0,1.0,0.0,10.0,West,mobile,0,0,0.0
6422,27.0,2.0,5.0,7.0,nan,mobile,0,0,0.0
6423,30.0,3.0,0.0,3.0,West,mobile,1,0,0.0
6424,28.0,5.0,0.0,11.0,West,desktop,1,1,24.77
6425,45.0,3.0,1.0,11.0,Southeast,desktop,0,0,0.0
6426,32.0,1.0,10.0,9.0,Northeast,desktop,1,0,0.0
6427,49.0,1.0,7.0,4.0,nan,mobile,0,0,0.0
6428,59.0,5.0,14.0,4.0,West,mobile,1,0,0.0
6429,27.0,1.0,10.0,3.0,Midwest,desktop,1,0,0.0
6430,29.0,5.0,1.0,11.0,nan,mobile,1,0,0.0
6431,29.0,4.0,13.0,0.0,Southeast,mobile,0,0,0.0
6432,56.0,1.0,3.0,2.0,West,desktop,0,0,0.0
6433,64.0,3.0,4.0,2.0,Southeast,mobile,0,1,25.95
6434,55.0,3.0,4.0,7.0,Midwest,tablet,0,0,0.0
6435,51.0,1.0,5.0,1.0,Southeast,mobile,0,0,0.0
6436,48.0,1.0,10.0,8.0,West,mobile,1,0,0.0
6437,30.0,1.0,2.0,1.0,Midwest,desktop,0,0,0.0
6438,42.0,5.0,5.0,4.0,Southeast,desktop,1,0,0.0
6439,61.0,1.0,12.0,2.0,Southeast,desktop,0,0,0.0
6440,37.0,5.0,11.0,9.0,West,mobile,1,0,0.0
6441,23.0,4.0,4.0,7.0,Northeast,mobile,1,0,0.0
6442,31.0,2.0,6.0,5.0,Midwest,desktop,0,0,0.0
6443,43.0,2.0,10.0,11.0,Midwest,desktop,0,0,0.0
6444,51.0,5.0,0.0,10.0,Midwest,mobile,0,0,0.0
6445,40.0,3.0,11.0,6.0,West,mobile,1,0,0.0
6446,41.0,2.0,2.0,2.0,nan,mobile,1,0,0.0
6447,51.0,5.0,5.0,1.0,Northeast,desktop,0,1,20.96
6448,33.0,4.0,4.0,10.0,West,mobile,1,1,23.16
6449,56.0,4.0,1.0,8.0,Northeast,tablet,0,0,0.0
6450,35.0,2.0,9.0,6.0,Northeast,mobile,0,1,25.28
6451,26.0,5.0,4.0,1.0,Northeast,mobile,0,0,0.0
6452,28.0,1.0,10.0,5.0,nan,mobile,0,0,0.0
6453,37.0,5.0,4.0,11.0,West,mobile,0,0,0.0
6454,23.0,2.0,9.0,2.0,Southeast,desktop,0,0,0.0
6455,30.0,1.0,14.0,3.0,West,desktop,0,0,0.0
6456,40.0,3.0,0.0,1.0,Northeast,mobile,0,0,0.0
6457,62.0,3.0,0.0,3.0,West,tablet,1,0,0.0
6458,63.0,1.0,5.0,3.0,nan,desktop,0,0,0.0
6459,54.0,5.0,11.0,9.0,nan,mobile,0,1,24.93
6460,62.0,3.0,9.0,4.0,West,mobile,0,0,0.0
6461,48.0,1.0,14.0,8.0,Midwest,tablet,0,0,0.0
6462,27.0,5.0,9.0,7.0,Southeast,desktop,1,0,0.0
6463,50.0,3.0,12.0,3.0,Southeast,mobile,1,1,26.69
6464,45.0,5.0,8.0,8.0,Northeast,mobile,0,0,0.0
6465,58.0,1.0,2.0,10.0,Northeast,mobile,0,0,0.0
6466,36.0,3.0,6.0,0.0,Midwest,mobile,1,0,0.0
6467,57.0,4.0,9.0,8.0,Southeast,mobile,1,0,0.0
6468,49.0,3.0,0.0,11.0,West,mobile,1,1,19.95
6469,53.0,1.0,5.0,6.0,West,desktop,1,0,0.0
6470,23.0,5.0,8.0,2.0,Midwest,desktop,0,0,0.0
6471,63.0,4.0,6.0,1.0,nan,desktop,1,0,0.0
6472,45.0,3.0,3.0,8.0,West,mobile,1,0,0.0
6473,49.0,1.0,6.0,1.0,Northeast,mobile,0,0,0.0
6474,41.0,3.0,5.0,9.0,West,mobile,0,0,0.0
6475,27.0,5.0,10.0,9.0,West,tablet,1,1,27.74
6476,46.0,2.0,8.0,5.0,Southeast,desktop,1,0,0.0
6477,51.0,1.0,13.0,7.0,Midwest,mobile,1,1,31.58
6478,28.0,5.0,7.0,5.0,Northeast,mobile,1,1,28.89
6479,37.0,2.0,9.0,9.0,Southeast,mobile,1,0,0.0
6480,48.0,3.0,6.0,0.0,nan,mobile,1,0,0.0
6481,34.0,1.0,11.0,6.0,nan,desktop,1,0,0.0
6482,34.0,2.0,6.0,4.0,West,mobile,0,0,0.0
6483,26.0,5.0,11.0,5.0,Northeast,mobile,1,0,0.0
6484,43.0,5.0,11.0,11.0,Northeast,desktop,0,0,0.0
6485,27.0,5.0,3.0,6.0,Midwest,mobile,0,0,0.0
6486,59.0,4.0,7.0,4.0,Southeast,mobile,0,0,0.0
6487,29.0,4.0,11.0,8.0,West,tablet,1,1,30.51
6488,26.0,5.0,9.0,10.0,Northeast,desktop,1,1,25.52
6489,61.0,1.0,9.0,9.0,nan,desktop,0,0,0.0
6490,39.0,2.0,1.0,8.0,Northeast,mobile,0,1,17.9
6491,30.0,1.0,13.0,10.0,Southeast,tablet,0,0,0.0
6492,45.0,5.0,9.0,10.0,Northeast,mobile,0,0,0.0
6493,26.0,3.0,1.0,2.0,Southeast,mobile,0,0,0.0
6494,39.0,5.0,0.0,2.0,Southeast,mobile,1,0,0.0
6495,50.0,4.0,3.0,5.0,West,mobile,0,0,0.0
6496,42.0,4.0,11.0,8.0,nan,mobile,1,0,0.0
6497,61.0,4.0,10.0,11.0,West,mobile,0,0,0.0
6498,52.0,5.0,0.0,1.0,West,mobile,0,0,0.0
6499,49.0,5.0,4.0,10.0,nan,mobile,1,1,23.95
6500,50.0,3.0,11.0,5.0,Northeast,mobile,0,0,0.0
6501,51.0,4.0,3.0,7.0,West,mobile,0,1,21.52
6502,42.0,3.0,7.0,8.0,Northeast,tablet,1,0,0.0
6503,26.0,1.0,11.0,2.0,West,mobile,0,0,0.0
6504,33.0,3.0,10.0,1.0,West,desktop,1,0,0.0
6505,35.0,2.0,14.0,4.0,West,desktop,1,0,0.0
6506,33.0,4.0,3.0,11.0,Northeast,desktop,0,1,18.86
6507,34.0,5.0,7.0,8.0,Northeast,mobile,1,0,0.0
6508,54.0,4.0,7.0,5.0,nan,mobile,1,0,0.0
6509,62.0,1.0,6.0,9.0,nan,tablet,0,1,18.74
6510,41.0,5.0,12.0,5.0,West,tablet,1,1,32.77
6511,42.0,2.0,5.0,1.0,Southeast,desktop,0,0,0.0
6512,36.0,3.0,3.0,10.0,Southeast,tablet,0,0,0.0
6513,49.0,4.0,0.0,9.0,Northeast,desktop,0,0,0.0
6514,51.0,3.0,0.0,10.0,Midwest,desktop,0,0,0.0
6515,24.0,4.0,1.0,7.0,Southeast,mobile,0,0,0.0
6516,43.0,3.0,11.0,11.0,Southeast,mobile,1,0,0.0
6517,40.0,4.0,8.0,11.0,West,mobile,1,1,25.85
6518,40.0,4.0,10.0,8.0,Northeast,desktop,0,0,0.0
6519,43.0,3.0,3.0,9.0,Northeast,mobile,0,0,0.0
6520,27.0,4.0,2.0,7.0,Midwest,desktop,1,0,0.0
6521,56.0,5.0,11.0,4.0,West,mobile,1,0,0.0
6522,60.0,5.0,5.0,2.0,Northeast,mobile,1,0,0.0
6523,26.0,3.0,11.0,7.0,Midwest,tablet,1,0,0.0
6524,57.0,5.0,6.0,8.0,Northeast,mobile,1,0,0.0
6525,46.0,3.0,1.0,9.0,Southeast,mobile,0,0,0.0
6526,57.0,3.0,0.0,7.0,West,mobile,0,0,0.0
6527,29.0,1.0,1.0,8.0,Northeast,mobile,0,0,0.0
6528,30.0,1.0,5.0,4.0,West,mobile,1,0,0.0
6529,22.0,3.0,4.0,0.0,Northeast,mobile,0,0,0.0
6530,43.0,3.0,1.0,11.0,Midwest,tablet,0,0,0.0
6531,39.0,3.0,3.0,2.0,Southeast,desktop,0,1,22.82
6532,62.0,4.0,14.0,5.0,Southeast,desktop,1,1,27.17
6533,45.0,2.0,9.0,10.0,Midwest,mobile,0,0,0.0
6534,61.0,1.0,14.0,8.0,nan,mobile,1,0,0.0
6535,33.0,4.0,7.0,11.0,Southeast,mobile,1,1,25.63
6536,23.0,1.0,8.0,7.0,Midwest,mobile,0,1,19.6
6537,57.0,2.0,7.0,0.0,Southeast,desktop,1,0,0.0
6538,22.0,5.0,7.0,0.0,West,desktop,1,0,0.0
6539,58.0,1.0,4.0,9.0,nan,tablet,0,1,16.62
6540,43.0,3.0,14.0,5.0,Midwest,desktop,1,0,0.0
6541,46.0,4.0,1.0,6.0,nan,tablet,0,0,0.0
6542,31.0,5.0,10.0,7.0,nan,tablet,0,0,0.0
6543,33.0,2.0,13.0,6.0,nan,mobile,1,0,0.0
6544,31.0,2.0,1.0,11.0,Southeast,mobile,0,0,0.0
6545,53.0,2.0,13.0,0.0,West,mobile,0,0,0.0
6546,41.0,5.0,3.0,1.0,Southeast,mobile,1,0,0.0
6547,26.0,2.0,14.0,1.0,Northeast,desktop,1,1,25.85
6548,24.0,4.0,9.0,8.0,Midwest,mobile,1,0,0.0
6549,52.0,5.0,6.0,6.0,Midwest,mobile,1,1,22.0
6550,50.0,4.0,14.0,5.0,West,mobile,1,1,28.83
6551,35.0,3.0,2.0,10.0,Southeast,desktop,0,0,0.0
6552,37.0,3.0,4.0,5.0,Northeast,mobile,0,0,0.0
6553,56.0,2.0,8.0,10.0,Southeast,mobile,1,0,0.0
6554,25.0,3.0,1.0,1.0,West,mobile,1,0,0.0
6555,63.0,4.0,2.0,4.0,nan,mobile,0,0,0.0
6556,58.0,4.0,11.0,6.0,Northeast,mobile,1,0,0.0
6557,27.0,1.0,2.0,10.0,Northeast,desktop,1,0,0.0
6558,44.0,2.0,3.0,0.0,Northeast,tablet,1,0,0.0
6559,46.0,4.0,13.0,5.0,Midwest,mobile,1,1,31.09
6560,61.0,3.0,1.0,4.0,Northeast,tablet,1,0,0.0
6561,47.0,3.0,9.0,9.0,West,mobile,1,1,24.78
6562,22.0,5.0,10.0,4.0,West,desktop,1,0,0.0
6563,34.0,1.0,1.0,3.0,Midwest,desktop,0,0,0.0
6564,47.0,5.0,8.0,2.0,Midwest,desktop,1,0,0.0
6565,38.0,3.0,6.0,8.0,Midwest,mobile,1,0,0.0
6566,42.0,5.0,6.0,11.0,Southeast,mobile,0,0,0.0
6567,62.0,3.0,4.0,9.0,West,mobile,0,0,0.0
6568,62.0,5.0,0.0,8.0,West,mobile,0,0,0.0
6569,33.0,2.0,7.0,6.0,Northeast,desktop,0,0,0.0
6570,29.0,4.0,0.0,11.0,Southeast,mobile,0,0,0.0
6571,63.0,2.0,6.0,2.0,Midwest,desktop,0,0,0.0
6572,45.0,5.0,6.0,8.0,nan,tablet,1,0,0.0
6573,47.0,3.0,9.0,3.0,Northeast,mobile,0,0,0.0
6574,29.0,4.0,9.0,5.0,Northeast,mobile,0,1,31.1
6575,49.0,5.0,11.0,1.0,Northeast,mobile,0,0,0.0
6576,58.0,1.0,13.0,7.0,Southeast,desktop,0,0,0.0
6577,27.0,2.0,7.0,5.0,West,mobile,0,0,0.0
6578,36.0,3.0,8.0,2.0,Northeast,mobile,1,1,24.41
6579,39.0,1.0,7.0,9.0,Northeast,mobile,0,0,0.0
6580,41.0,1.0,7.0,1.0,nan,mobile,0,1,14.42
6581,31.0,4.0,8.0,8.0,Northeast,tablet,0,1,23.02
6582,51.0,1.0,2.0,5.0,Southeast,tablet,0,1,17.33
6583,31.0,3.0,0.0,11.0,Southeast,desktop,0,0,0.0
6584,33.0,4.0,2.0,2.0,West,mobile,1,0,0.0
6585,45.0,4.0,2.0,6.0,nan,desktop,1,0,0.0
6586,27.0,5.0,9.0,9.0,West,mobile,1,0,0.0
6587,58.0,1.0,1.0,5.0,Midwest,desktop,0,0,0.0
6588,41.0,1.0,5.0,3.0,Midwest,mobile,1,1,25.14
6589,63.0,1.0,1.0,3.0,Midwest,desktop,0,0,0.0
6590,37.0,4.0,2.0,1.0,nan,mobile,1,0,0.0
6591,22.0,1.0,9.0,10.0,nan,desktop,0,0,0.0
6592,37.0,3.0,5.0,7.0,West,mobile,1,0,0.0
6593,48.0,1.0,12.0,5.0,nan,mobile,0,0,0.0
6594,22.0,5.0,11.0,6.0,Midwest,mobile,1,0,0.0
6595,42.0,5.0,3.0,0.0,Midwest,mobile,1,0,0.0
6596,55.0,4.0,1.0,3.0,West,tablet,0,0,0.0
6597,60.0,5.0,14.0,0.0,Southeast,mobile,1,0,0.0
6598,53.0,3.0,1.0,1.0,West,mobile,1,0,0.0
6599,32.0,4.0,10.0,10.0,Midwest,mobile,1,0,0.0
6600,52.0,3.0,8.0,7.0,nan,desktop,1,0,0.0
6601,55.0,5.0,12.0,0.0,Southeast,desktop,1,0,0.0
6602,39.0,2.0,8.0,8.0,West,tablet,1,0,0.0
6603,50.0,2.0,0.0,8.0,Northeast,mobile,0,0,0.0
6604,43.0,3.0,2.0,2.0,Midwest,mobile,1,0,0.0
6605,39.0,1.0,12.0,3.0,West,mobile,0,1,22.64
6606,50.0,4.0,9.0,8.0,West,desktop,1,1,33.37
6607,63.0,3.0,11.0,3.0,nan,tablet,0,0,0.0
6608,63.0,2.0,9.0,7.0,Midwest,mobile,0,0,0.0
6609,22.0,1.0,14.0,5.0,Midwest,desktop,0,0,0.0
6610,34.0,3.0,1.0,9.0,Southeast,desktop,0,1,17.83
6611,57.0,3.0,1.0,6.0,nan,desktop,0,0,0.0
6612,54.0,3.0,10.0,0.0,West,desktop,0,0,0.0
6613,53.0,1.0,0.0,7.0,Southeast,mobile,0,0,0.0
6614,48.0,1.0,1.0,11.0,nan,desktop,0,0,0.0
6615,40.0,4.0,10.0,9.0,West,mobile,0,1,24.33
6616,49.0,2.0,11.0,7.0,West,tablet,0,1,19.97
6617,57.0,5.0,12.0,1.0,Northeast,mobile,1,1,27.86
6618,26.0,1.0,3.0,3.0,Northeast,mobile,0,0,0.0
6619,22.0,2.0,10.0,10.0,Midwest,desktop,1,0,0.0
6620,54.0,5.0,3.0,10.0,Northeast,mobile,1,0,0.0
6621,24.0,1.0,14.0,0.0,West,mobile,1,0,0.0
6622,39.0,5.0,10.0,6.0,West,desktop,1,1,28.19
6623,27.0,1.0,11.0,9.0,Southeast,desktop,1,0,0.0
6624,36.0,1.0,9.0,1.0,Midwest,mobile,1,1,27.74
6625,29.0,2.0,14.0,11.0,West,desktop,1,1,31.02
6626,40.0,4.0,4.0,10.0,West,mobile,1,0,0.0
6627,22.0,3.0,11.0,6.0,Southeast,tablet,0,0,0.0
6628,59.0,3.0,14.0,8.0,Midwest,tablet,1,0,0.0
6629,52.0,3.0,3.0,0.0,Midwest,desktop,0,0,0.0
6630,50.0,3.0,5.0,3.0,Northeast,desktop,1,0,0.0
6631,55.0,4.0,10.0,1.0,Southeast,desktop,1,0,0.0
6632,22.0,3.0,6.0,6.0,Northeast,tablet,0,0,0.0
6633,45.0,5.0,10.0,9.0,Northeast,mobile,0,0,0.0
6634,32.0,3.0,3.0,4.0,Southeast,mobile,0,0,0.0
6635,59.0,5.0,1.0,4.0,nan,mobile,1,0,0.0
6636,51.0,4.0,0.0,0.0,Midwest,mobile,1,0,0.0
6637,25.0,3.0,2.0,1.0,Southeast,mobile,0,0,0.0
6638,59.0,2.0,12.0,5.0,Northeast,tablet,0,0,0.0
6639,47.0,3.0,10.0,5.0,Southeast,mobile,0,0,0.0
6640,45.0,1.0,5.0,2.0,Southeast,mobile,0,0,0.0
6641,27.0,2.0,10.0,1.0,nan,desktop,0,0,0.0
6642,47.0,3.0,7.0,1.0,Midwest,mobile,0,1,22.53
6643,38.0,2.0,2.0,8.0,nan,mobile,0,0,0.0
6644,34.0,1.0,11.0,1.0,Southeast,tablet,1,0,0.0
6645,31.0,3.0,0.0,4.0,Northeast,mobile,1,0,0.0
6646,28.0,5.0,1.0,2.0,nan,mobile,1,0,0.0
6647,57.0,3.0,3.0,3.0,West,mobile,0,0,0.0
6648,40.0,2.0,9.0,9.0,West,mobile,1,0,0.0
6649,33.0,4.0,5.0,9.0,Northeast,mobile,0,0,0.0
6650,45.0,1.0,5.0,4.0,Southeast,desktop,0,0,0.0
6651,36.0,5.0,8.0,9.0,Northeast,mobile,1,1,29.27
6652,46.0,3.0,12.0,1.0,Southeast,tablet,0,1,23.01
6653,23.0,4.0,4.0,9.0,West,mobile,1,0,0.0
6654,30.0,2.0,5.0,2.0,West,mobile,0,1,18.61
6655,50.0,2.0,0.0,3.0,nan,desktop,0,0,0.0
6656,25.0,4.0,14.0,7.0,Southeast,tablet,0,0,0.0
6657,63.0,2.0,12.0,3.0,Southeast,mobile,0,0,0.0
6658,36.0,4.0,5.0,4.0,nan,desktop,0,1,27.35
6659,46.0,4.0,12.0,1.0,Southeast,desktop,1,1,26.19
6660,56.0,4.0,0.0,7.0,Midwest,tablet,0,0,0.0
6661,42.0,4.0,1.0,5.0,Northeast,mobile,0,0,0.0
6662,33.0,2.0,8.0,0.0,Northeast,tablet,0,0,0.0
6663,59.0,5.0,8.0,2.0,Northeast,mobile,0,0,0.0
6664,51.0,5.0,1.0,8.0,Northeast,desktop,1,0,0.0
6665,52.0,3.0,7.0,4.0,West,mobile,0,0,0.0
6666,33.0,1.0,2.0,11.0,West,desktop,0,0,0.0
6667,25.0,1.0,6.0,10.0,Northeast,mobile,0,0,0.0
6668,32.0,3.0,7.0,9.0,Northeast,mobile,0,0,0.0
6669,53.0,1.0,3.0,10.0,Midwest,mobile,0,0,0.0
6670,31.0,5.0,4.0,8.0,Midwest,desktop,0,0,0.0
6671,55.0,3.0,7.0,5.0,West,mobile,0,0,0.0
6672,40.0,3.0,8.0,2.0,Southeast,tablet,1,0,0.0
6673,35.0,3.0,14.0,7.0,Midwest,mobile,0,0,0.0
6674,33.0,5.0,9.0,4.0,West,mobile,1,0,0.0
6675,24.0,3.0,11.0,11.0,Northeast,mobile,0,0,0.0
6676,37.0,4.0,13.0,1.0,nan,tablet,1,0,0.0
6677,62.0,3.0,5.0,6.0,nan,desktop,0,0,0.0
6678,46.0,3.0,4.0,9.0,Southeast,desktop,1,0,0.0
6679,55.0,1.0,8.0,6.0,Midwest,tablet,0,0,0.0
6680,57.0,4.0,7.0,8.0,Southeast,mobile,0,0,0.0
6681,52.0,3.0,9.0,0.0,West,mobile,1,0,0.0
6682,54.0,5.0,11.0,1.0,Northeast,mobile,1,1,25.56
6683,40.0,1.0,9.0,0.0,Northeast,mobile,0,0,0.0
6684,40.0,5.0,8.0,8.0,West,mobile,1,1,27.32
6685,40.0,4.0,12.0,8.0,Southeast,mobile,0,0,0.0
6686,35.0,1.0,5.0,6.0,nan,tablet,0,1,22.83
6687,23.0,3.0,2.0,5.0,West,mobile,1,0,0.0
6688,50.0,5.0,1.0,11.0,West,tablet,0,0,0.0
6689,49.0,4.0,2.0,5.0,Northeast,desktop,1,1,25.14
6690,40.0,2.0,2.0,11.0,Northeast,desktop,0,0,0.0
6691,50.0,4.0,6.0,1.0,West,desktop,1,0,0.0
6692,54.0,1.0,0.0,0.0,Midwest,desktop,0,0,0.0
6693,61.0,1.0,11.0,9.0,West,mobile,1,0,0.0
6694,58.0,3.0,9.0,10.0,West,desktop,1,0,0.0
6695,36.0,1.0,3.0,7.0,nan,tablet,0,0,0.0
6696,34.0,3.0,7.0,1.0,West,desktop,1,1,27.44
6697,42.0,1.0,1.0,4.0,West,desktop,0,0,0.0
6698,38.0,2.0,4.0,6.0,West,desktop,0,0,0.0
6699,50.0,3.0,7.0,9.0,West,mobile,0,0,0.0
6700,23.0,5.0,14.0,6.0,Midwest,mobile,1,0,0.0
6701,33.0,1.0,9.0,7.0,Midwest,desktop,0,0,0.0
6702,40.0,2.0,7.0,3.0,nan,mobile,0,0,0.0
6703,26.0,3.0,14.0,0.0,West,desktop,1,0,0.0
6704,40.0,1.0,14.0,8.0,nan,desktop,1,0,0.0
6705,28.0,1.0,8.0,0.0,West,mobile,0,0,0.0
6706,61.0,3.0,5.0,6.0,Southeast,desktop,0,0,0.0
6707,26.0,2.0,5.0,5.0,nan,mobile,0,0,0.0
6708,39.0,4.0,9.0,7.0,Southeast,mobile,1,0,0.0
6709,33.0,5.0,11.0,7.0,Southeast,mobile,0,1,27.05
6710,40.0,2.0,4.0,8.0,Southeast,mobile,1,0,0.0
6711,53.0,1.0,12.0,1.0,West,tablet,0,0,0.0
6712,36.0,5.0,13.0,4.0,Midwest,desktop,1,0,0.0
6713,53.0,2.0,8.0,3.0,Midwest,mobile,0,0,0.0
6714,26.0,1.0,3.0,0.0,West,tablet,0,0,0.0
6715,64.0,5.0,4.0,11.0,West,mobile,1,1,26.24
6716,47.0,3.0,2.0,3.0,Southeast,desktop,1,0,0.0
6717,61.0,5.0,3.0,0.0,West,desktop,0,0,0.0
6718,31.0,5.0,9.0,2.0,Midwest,desktop,1,1,24.31
6719,51.0,4.0,0.0,8.0,nan,desktop,0,0,0.0
6720,44.0,5.0,4.0,9.0,Northeast,desktop,0,0,0.0
6721,34.0,1.0,12.0,2.0,Southeast,mobile,0,0,0.0
6722,55.0,4.0,13.0,2.0,Northeast,mobile,0,0,0.0
6723,43.0,1.0,1.0,5.0,Northeast,mobile,0,0,0.0
6724,53.0,1.0,1.0,4.0,West,mobile,0,0,0.0
6725,22.0,5.0,3.0,7.0,West,tablet,1,1,26.31
6726,26.0,1.0,0.0,5.0,Midwest,mobile,1,0,0.0
6727,56.0,1.0,8.0,6.0,West,tablet,1,0,0.0
6728,40.0,3.0,0.0,10.0,West,mobile,0,0,0.0
6729,30.0,2.0,3.0,7.0,West,desktop,1,0,0.0
6730,56.0,5.0,4.0,10.0,Southeast,mobile,0,1,26.33
6731,28.0,4.0,13.0,2.0,nan,mobile,1,1,26.85
6732,22.0,1.0,12.0,2.0,Midwest,desktop,0,0,0.0
6733,45.0,1.0,11.0,5.0,nan,tablet,0,1,27.07
6734,28.0,5.0,13.0,4.0,Midwest,mobile,1,0,0.0
6735,52.0,4.0,14.0,10.0,Midwest,desktop,1,1,31.98
6736,39.0,5.0,13.0,2.0,West,tablet,1,0,0.0
6737,61.0,2.0,14.0,5.0,West,mobile,1,0,0.0
6738,43.0,5.0,13.0,11.0,Southeast,mobile,1,0,0.0
6739,30.0,3.0,3.0,3.0,nan,desktop,1,0,0.0
6740,44.0,1.0,4.0,6.0,Northeast,mobile,0,0,0.0
6741,49.0,5.0,7.0,5.0,Northeast,mobile,1,0,0.0
6742,60.0,1.0,8.0,0.0,Northeast,desktop,1,0,0.0
6743,27.0,1.0,6.0,2.0,Midwest,mobile,1,0,0.0
6744,54.0,2.0,5.0,1.0,West,mobile,0,0,0.0
6745,47.0,5.0,6.0,11.0,nan,tablet,1,1,18.5
6746,62.0,3.0,10.0,10.0,Midwest,mobile,1,0,0.0
6747,47.0,1.0,11.0,3.0,West,mobile,0,0,0.0
6748,63.0,5.0,13.0,4.0,West,desktop,1,0,0.0
6749,46.0,3.0,12.0,10.0,Midwest,desktop,1,1,27.04
6750,24.0,5.0,2.0,10.0,Midwest,desktop,1,0,0.0
6751,27.0,4.0,3.0,6.0,Northeast,desktop,1,1,23.26
6752,26.0,2.0,7.0,7.0,West,mobile,0,0,0.0
6753,44.0,1.0,12.0,11.0,Midwest,mobile,1,0,0.0
6754,56.0,5.0,6.0,6.0,West,mobile,0,0,0.0
6755,46.0,1.0,1.0,3.0,Southeast,mobile,0,0,0.0
6756,62.0,5.0,13.0,9.0,Northeast,mobile,1,0,0.0
6757,43.0,4.0,8.0,10.0,Midwest,mobile,0,1,25.22
6758,51.0,3.0,13.0,8.0,Midwest,mobile,1,0,0.0
6759,30.0,3.0,5.0,9.0,Southeast,tablet,1,0,0.0
6760,22.0,3.0,12.0,6.0,West,mobile,1,1,28.54
6761,52.0,1.0,0.0,7.0,Southeast,mobile,0,0,0.0
6762,26.0,5.0,11.0,1.0,Midwest,mobile,1,1,28.56
6763,63.0,4.0,14.0,1.0,Midwest,mobile,1,0,0.0
6764,63.0,5.0,13.0,9.0,Northeast,mobile,1,0,0.0
6765,31.0,3.0,6.0,11.0,West,tablet,0,0,0.0
6766,25.0,5.0,14.0,9.0,Midwest,mobile,1,1,30.54
6767,60.0,1.0,14.0,8.0,West,mobile,0,0,0.0
6768,60.0,4.0,1.0,10.0,West,mobile,0,0,0.0
6769,45.0,5.0,7.0,6.0,West,desktop,1,0,0.0
6770,38.0,3.0,13.0,1.0,Southeast,mobile,0,0,0.0
6771,41.0,3.0,13.0,3.0,West,mobile,1,0,0.0
6772,62.0,5.0,8.0,11.0,West,mobile,1,0,0.0
6773,45.0,2.0,3.0,10.0,nan,mobile,0,0,0.0
6774,30.0,1.0,4.0,5.0,West,mobile,0,0,0.0
6775,51.0,2.0,1.0,1.0,Northeast,mobile,0,0,0.0
6776,63.0,5.0,8.0,2.0,Midwest,mobile,0,0,0.0
6777,24.0,2.0,0.0,9.0,West,mobile,0,0,0.0
6778,44.0,2.0,7.0,8.0,nan,mobile,0,0,0.0
6779,45.0,3.0,2.0,10.0,Southeast,mobile,1,0,0.0
6780,55.0,3.0,8.0,9.0,Southeast,mobile,0,0,0.0
6781,45.0,5.0,0.0,9.0,West,mobile,0,0,0.0
6782,31.0,4.0,5.0,0.0,West,mobile,1,0,0.0
6783,48.0,4.0,5.0,3.0,Midwest,desktop,1,0,0.0
6784,27.0,1.0,9.0,3.0,West,mobile,0,0,0.0
6785,44.0,5.0,10.0,7.0,Northeast,desktop,0,0,0.0
6786,32.0,2.0,10.0,5.0,Southeast,mobile,1,0,0.0
6787,64.0,1.0,7.0,1.0,Midwest,tablet,0,0,0.0
6788,54.0,2.0,0.0,10.0,Northeast,desktop,0,0,0.0
6789,54.0,4.0,13.0,4.0,nan,tablet,1,0,0.0
6790,22.0,1.0,11.0,0.0,nan,mobile,0,0,0.0
6791,40.0,4.0,10.0,9.0,Midwest,desktop,1,1,28.7
6792,51.0,1.0,8.0,9.0,Southeast,mobile,0,0,0.0
6793,42.0,5.0,8.0,11.0,West,mobile,1,0,0.0
6794,26.0,1.0,13.0,11.0,nan,tablet,0,0,0.0
6795,44.0,5.0,4.0,4.0,nan,mobile,1,0,0.0
6796,50.0,4.0,9.0,11.0,Southeast,desktop,1,1,29.62
6797,53.0,1.0,14.0,9.0,West,mobile,0,0,0.0
6798,34.0,3.0,14.0,2.0,Northeast,mobile,1,0,0.0
6799,46.0,1.0,11.0,8.0,West,mobile,1,0,0.0
6800,60.0,1.0,11.0,7.0,Southeast,tablet,0,0,0.0
6801,63.0,2.0,1.0,3.0,West,desktop,0,0,0.0
6802,35.0,2.0,6.0,5.0,West,tablet,0,0,0.0
6803,51.0,4.0,12.0,2.0,Northeast,desktop,0,0,0.0
6804,61.0,4.0,3.0,7.0,Midwest,mobile,0,0,0.0
6805,25.0,2.0,5.0,5.0,Midwest,mobile,0,0,0.0
6806,46.0,2.0,9.0,6.0,nan,mobile,1,0,0.0
6807,54.0,5.0,14.0,7.0,Midwest,tablet,1,1,32.33
6808,31.0,3.0,7.0,10.0,Northeast,mobile,1,0,0.0
6809,34.0,4.0,12.0,5.0,West,mobile,1,0,0.0
6810,58.0,4.0,6.0,8.0,nan,tablet,0,0,0.0
6811,29.0,4.0,9.0,5.0,Midwest,mobile,1,0,0.0
6812,34.0,5.0,12.0,6.0,nan,desktop,1,0,0.0
6813,57.0,4.0,13.0,2.0,Southeast,desktop,0,0,0.0
6814,48.0,1.0,13.0,11.0,Southeast,mobile,0,0,0.0
6815,49.0,3.0,12.0,6.0,nan,mobile,1,0,0.0
6816,45.0,2.0,6.0,11.0,Midwest,desktop,1,1,24.11
6817,38.0,2.0,1.0,7.0,nan,mobile,0,1,22.36
6818,55.0,2.0,0.0,1.0,nan,desktop,0,0,0.0
6819,34.0,5.0,14.0,7.0,Midwest,desktop,1,1,27.95
6820,33.0,5.0,13.0,7.0,West,mobile,1,1,25.8
6821,41.0,2.0,4.0,9.0,West,desktop,1,0,0.0
6822,27.0,3.0,0.0,11.0,Southeast,desktop,0,0,0.0
6823,49.0,3.0,8.0,0.0,Midwest,mobile,1,0,0.0
6824,61.0,4.0,6.0,10.0,nan,desktop,0,0,0.0
6825,52.0,5.0,7.0,7.0,Midwest,tablet,0,0,0.0
6826,35.0,3.0,4.0,10.0,Southeast,desktop,0,0,0.0
6827,26.0,3.0,0.0,4.0,Northeast,mobile,0,0,0.0
6828,48.0,3.0,5.0,7.0,Midwest,mobile,1,0,0.0
6829,44.0,3.0,6.0,2.0,Midwest,tablet,1,0,0.0
6830,59.0,5.0,9.0,0.0,Midwest,mobile,0,1,26.97
6831,42.0,1.0,3.0,0.0,West,mobile,0,0,0.0
6832,25.0,1.0,12.0,0.0,nan,mobile,1,0,0.0
6833,60.0,2.0,12.0,5.0,Southeast,desktop,0,1,16.36
6834,34.0,2.0,10.0,3.0,West,mobile,0,0,0.0
6835,55.0,3.0,5.0,3.0,West,mobile,0,0,0.0
6836,25.0,5.0,6.0,7.0,West,mobile,1,1,27.08
6837,63.0,3.0,14.0,10.0,Midwest,tablet,1,1,30.01
6838,61.0,2.0,11.0,11.0,Midwest,desktop,0,0,0.0
6839,24.0,2.0,8.0,7.0,Southeast,tablet,1,1,26.84
6840,62.0,1.0,9.0,4.0,West,mobile,0,1,26.31
6841,56.0,1.0,14.0,4.0,Southeast,tablet,0,0,0.0
6842,60.0,2.0,7.0,7.0,Midwest,mobile,1,1,25.58
6843,31.0,4.0,5.0,10.0,Midwest,mobile,1,0,0.0
6844,37.0,5.0,5.0,6.0,West,tablet,1,1,29.91
6845,43.0,4.0,13.0,4.0,West,mobile,1,1,28.45
6846,42.0,5.0,7.0,2.0,Midwest,mobile,0,0,0.0
6847,53.0,2.0,5.0,1.0,Northeast,desktop,1,0,0.0
6848,61.0,4.0,11.0,3.0,Northeast,desktop,1,0,0.0
6849,59.0,4.0,12.0,9.0,Southeast,mobile,0,1,25.72
6850,60.0,5.0,10.0,4.0,Northeast,desktop,1,1,28.21
6851,36.0,2.0,13.0,10.0,Southeast,desktop,1,1,26.12
6852,22.0,1.0,12.0,9.0,nan,tablet,0,0,0.0
6853,29.0,5.0,10.0,9.0,Northeast,tablet,1,0,0.0
6854,29.0,4.0,14.0,8.0,West,desktop,1,0,0.0
6855,55.0,4.0,5.0,0.0,West,desktop,0,0,0.0
6856,39.0,3.0,14.0,5.0,Northeast,mobile,1,0,0.0
6857,38.0,1.0,5.0,8.0,Northeast,desktop,0,0,0.0
6858,54.0,1.0,13.0,11.0,Northeast,tablet,0,0,0.0
6859,25.0,2.0,10.0,9.0,Northeast,mobile,1,1,21.49
6860,38.0,4.0,11.0,3.0,nan,mobile,0,1,21.54
6861,39.0,5.0,14.0,6.0,nan,desktop,1,0,0.0
6862,30.0,3.0,14.0,8.0,nan,mobile,1,1,30.4
6863,35.0,3.0,13.0,10.0,Southeast,mobile,1,0,0.0
6864,57.0,4.0,7.0,1.0,Northeast,tablet,0,0,0.0
6865,51.0,4.0,7.0,11.0,West,mobile,1,0,0.0
6866,36.0,5.0,2.0,5.0,Southeast,desktop,0,0,0.0
6867,59.0,2.0,5.0,10.0,Northeast,mobile,0,0,0.0
6868,26.0,2.0,12.0,9.0,Midwest,mobile,1,0,0.0
6869,59.0,4.0,8.0,6.0,Northeast,mobile,1,0,0.0
6870,49.0,1.0,2.0,5.0,Northeast,desktop,0,0,0.0
6871,31.0,4.0,4.0,3.0,Midwest,mobile,0,0,0.0
6872,59.0,5.0,7.0,7.0,West,mobile,1,1,35.16
6873,28.0,4.0,4.0,3.0,West,desktop,1,0,0.0
6874,46.0,4.0,13.0,5.0,Northeast,tablet,1,1,29.02
6875,47.0,3.0,12.0,2.0,Northeast,desktop,1,0,0.0
6876,64.0,2.0,11.0,2.0,Northeast,mobile,0,0,0.0
6877,31.0,2.0,12.0,10.0,Southeast,mobile,1,1,26.15
6878,59.0,3.0,4.0,10.0,West,desktop,0,0,0.0
6879,28.0,5.0,2.0,6.0,Northeast,mobile,1,0,0.0
6880,32.0,5.0,3.0,7.0,Northeast,mobile,1,0,0.0
6881,23.0,2.0,2.0,0.0,West,desktop,0,0,0.0
6882,36.0,1.0,9.0,8.0,Southeast,tablet,0,0,0.0
6883,53.0,5.0,3.0,11.0,Midwest,tablet,0,0,0.0
6884,30.0,1.0,11.0,11.0,Northeast,mobile,0,1,22.85
6885,25.0,1.0,12.0,0.0,Southeast,tablet,0,0,0.0
6886,45.0,3.0,11.0,8.0,Southeast,mobile,1,0,0.0
6887,22.0,5.0,4.0,5.0,nan,mobile,0,0,0.0
6888,50.0,1.0,11.0,0.0,Midwest,mobile,0,0,0.0
6889,54.0,2.0,2.0,9.0,Northeast,desktop,1,0,0.0
6890,54.0,5.0,0.0,7.0,West,mobile,1,0,0.0
6891,25.0,1.0,10.0,3.0,nan,desktop,0,0,0.0
6892,44.0,2.0,10.0,6.0,Northeast,mobile,0,0,0.0
6893,35.0,1.0,11.0,4.0,Midwest,tablet,1,0,0.0
6894,27.0,4.0,9.0,2.0,Midwest,desktop,0,0,0.0
6895,28.0,2.0,7.0,5.0,West,tablet,1,0,0.0
6896,32.0,4.0,6.0,7.0,Northeast,desktop,0,0,0.0
6897,54.0,1.0,10.0,0.0,Northeast,desktop,1,0,0.0
6898,42.0,1.0,14.0,8.0,Midwest,tablet,1,1,27.94
6899,25.0,1.0,6.0,5.0,Midwest,mobile,0,0,0.0
6900,33.0,1.0,6.0,6.0,West,mobile,0,0,0.0
6901,29.0,1.0,3.0,1.0,West,mobile,0,0,0.0
6902,24.0,2.0,1.0,1.0,West,mobile,0,0,0.0
6903,59.0,5.0,10.0,6.0,West,mobile,1,0,0.0
6904,60.0,3.0,0.0,7.0,nan,tablet,1,0,0.0
6905,24.0,4.0,0.0,7.0,Midwest,mobile,0,0,0.0
6906,44.0,1.0,6.0,0.0,West,desktop,0,0,0.0
6907,58.0,5.0,9.0,5.0,nan,mobile,1,0,0.0
6908,47.0,5.0,9.0,1.0,Midwest,tablet,1,0,0.0
6909,36.0,3.0,14.0,6.0,Northeast,mobile,1,0,0.0
6910,26.0,4.0,14.0,9.0,West,mobile,1,1,32.02
6911,25.0,3.0,5.0,11.0,Northeast,tablet,1,0,0.0
6912,61.0,2.0,6.0,5.0,Southeast,mobile,1,0,0.0
6913,49.0,5.0,4.0,5.0,West,desktop,0,0,0.0
6914,59.0,1.0,8.0,7.0,Northeast,desktop,0,0,0.0
6915,63.0,2.0,9.0,0.0,Northeast,mobile,1,0,0.0
6916,38.0,1.0,12.0,4.0,West,mobile,0,1,25.24
6917,52.0,2.0,5.0,3.0,Southeast,desktop,0,1,20.12
6918,30.0,5.0,10.0,6.0,Midwest,tablet,0,0,0.0
6919,51.0,4.0,1.0,1.0,Southeast,mobile,1,0,0.0
6920,56.0,5.0,13.0,0.0,Southeast,mobile,0,0,0.0
6921,45.0,5.0,1.0,4.0,West,mobile,0,0,0.0
6922,46.0,3.0,9.0,0.0,nan,tablet,0,0,0.0
6923,41.0,5.0,2.0,8.0,Midwest,desktop,1,0,0.0
6924,57.0,3.0,14.0,10.0,Midwest,mobile,1,1,33.06
6925,43.0,4.0,12.0,8.0,West,mobile,1,0,0.0
6926,42.0,3.0,9.0,3.0,Southeast,mobile,0,0,0.0
6927,38.0,2.0,6.0,8.0,West,desktop,1,0,0.0
6928,60.0,4.0,1.0,9.0,nan,mobile,0,0,0.0
6929,25.0,5.0,14.0,10.0,Northeast,mobile,1,1,26.34
6930,52.0,5.0,5.0,6.0,Southeast,mobile,1,0,0.0
6931,40.0,4.0,1.0,4.0,Northeast,desktop,0,0,0.0
6932,37.0,2.0,6.0,0.0,Northeast,mobile,0,0,0.0
6933,40.0,5.0,0.0,5.0,Midwest,tablet,1,0,0.0
6934,54.0,5.0,12.0,0.0,Southeast,tablet,1,0,0.0
6935,37.0,3.0,6.0,4.0,Southeast,mobile,1,0,0.0
6936,35.0,2.0,4.0,0.0,Southeast,mobile,1,1,25.41
6937,64.0,4.0,3.0,4.0,West,mobile,0,1,21.67
6938,40.0,2.0,7.0,6.0,Southeast,desktop,0,0,0.0
6939,56.0,5.0,1.0,4.0,Midwest,desktop,0,0,0.0
6940,39.0,5.0,3.0,4.0,West,desktop,0,0,0.0
6941,63.0,4.0,4.0,8.0,Northeast,desktop,1,0,0.0
6942,39.0,3.0,5.0,11.0,Northeast,mobile,0,0,0.0
6943,37.0,1.0,0.0,3.0,Midwest,mobile,0,1,15.61
6944,53.0,1.0,4.0,1.0,Southeast,tablet,0,0,0.0
6945,57.0,1.0,5.0,0.0,nan,mobile,0,0,0.0
6946,32.0,1.0,14.0,4.0,Northeast,mobile,1,0,0.0
6947,62.0,3.0,13.0,5.0,Southeast,mobile,0,0,0.0
6948,35.0,2.0,13.0,0.0,Northeast,desktop,1,0,0.0
6949,60.0,2.0,2.0,5.0,Northeast,tablet,0,0,0.0
6950,44.0,1.0,10.0,7.0,Northeast,mobile,0,0,0.0
6951,46.0,4.0,0.0,5.0,Midwest,mobile,1,0,0.0
6952,33.0,5.0,1.0,1.0,Southeast,tablet,0,0,0.0
6953,29.0,1.0,0.0,5.0,Midwest,desktop,0,0,0.0
6954,27.0,4.0,14.0,8.0,Southeast,mobile,1,1,27.5
6955,26.0,5.0,4.0,5.0,Northeast,desktop,1,0,0.0
6956,52.0,3.0,2.0,8.0,West,mobile,1,1,26.48
6957,48.0,3.0,1.0,11.0,Southeast,desktop,1,0,0.0
6958,47.0,5.0,0.0,11.0,Midwest,mobile,0,0,0.0
6959,61.0,4.0,1.0,2.0,West,desktop,0,0,0.0
6960,62.0,2.0,0.0,2.0,nan,mobile,1,0,0.0
6961,42.0,2.0,8.0,2.0,nan,mobile,1,1,28.52
6962,53.0,1.0,4.0,7.0,Southeast,mobile,0,0,0.0
6963,25.0,5.0,14.0,7.0,Northeast,tablet,1,0,0.0
6964,46.0,2.0,2.0,3.0,Midwest,mobile,0,1,21.51
6965,40.0,5.0,2.0,1.0,nan,mobile,1,0,0.0
6966,33.0,2.0,2.0,3.0,West,mobile,0,0,0.0
6967,38.0,3.0,5.0,1.0,Midwest,mobile,1,0,0.0
6968,30.0,1.0,4.0,10.0,West,desktop,0,0,0.0
6969,44.0,1.0,14.0,5.0,Northeast,mobile,0,0,0.0
6970,44.0,4.0,13.0,10.0,Northeast,mobile,1,1,30.89
6971,27.0,4.0,1.0,10.0,nan,tablet,1,0,0.0
6972,41.0,2.0,13.0,3.0,nan,desktop,1,1,27.99
6973,35.0,4.0,14.0,1.0,West,mobile,1,0,0.0
6974,39.0,2.0,13.0,7.0,Southeast,desktop,0,1,22.93
6975,60.0,4.0,13.0,1.0,Northeast,mobile,1,0,0.0
6976,40.0,4.0,11.0,8.0,Northeast,desktop,1,1,28.06
6977,50.0,5.0,4.0,8.0,Northeast,tablet,0,0,0.0
6978,31.0,4.0,9.0,4.0,Southeast,desktop,1,0,0.0
6979,63.0,5.0,3.0,6.0,Southeast,mobile,1,0,0.0
6980,40.0,5.0,8.0,1.0,Southeast,mobile,1,1,30.38
6981,35.0,2.0,0.0,2.0,nan,mobile,0,1,21.74
6982,23.0,5.0,14.0,9.0,Northeast,mobile,1,0,0.0
6983,58.0,3.0,0.0,4.0,Northeast,mobile,0,0,0.0
6984,46.0,1.0,4.0,6.0,Midwest,tablet,0,0,0.0
6985,28.0,5.0,1.0,9.0,West,mobile,1,0,0.0
6986,45.0,1.0,11.0,3.0,Midwest,mobile,0,0,0.0
6987,33.0,1.0,9.0,5.0,West,mobile,1,1,21.42
6988,50.0,3.0,0.0,0.0,West,mobile,0,0,0.0
6989,29.0,4.0,8.0,1.0,Northeast,mobile,1,1,25.43
6990,52.0,3.0,1.0,10.0,West,mobile,0,1,25.89
6991,29.0,4.0,10.0,9.0,Northeast,desktop,1,0,0.0
6992,50.0,5.0,8.0,5.0,West,mobile,1,1,24.12
6993,34.0,3.0,0.0,4.0,nan,desktop,0,0,0.0
6994,56.0,5.0,12.0,6.0,Northeast,mobile,1,1,35.45
6995,44.0,4.0,1.0,6.0,Northeast,mobile,0,0,0.0
6996,27.0,3.0,13.0,1.0,nan,mobile,1,0,0.0
6997,59.0,3.0,10.0,2.0,nan,desktop,1,1,24.04
6998,60.0,5.0,0.0,0.0,Midwest,mobile,0,0,0.0
6999,35.0,2.0,5.0,7.0,Northeast,mobile,0,0,0.0
7000,38.0,2.0,4.0,4.0,West,mobile,0,0,0.0
7001,22.0,4.0,13.0,7.0,Midwest,mobile,1,1,27.62
7002,50.0,4.0,12.0,2.0,Southeast,mobile,1,0,0.0
7003,41.0,1.0,5.0,4.0,West,desktop,1,0,0.0
7004,27.0,4.0,8.0,0.0,Southeast,mobile,1,0,0.0
7005,49.0,1.0,3.0,4.0,West,mobile,0,0,0.0
7006,31.0,3.0,2.0,2.0,West,mobile,1,0,0.0
7007,32.0,2.0,3.0,11.0,Northeast,desktop,0,1,24.18
7008,62.0,2.0,6.0,7.0,Midwest,desktop,0,1,24.03
7009,54.0,4.0,0.0,6.0,Midwest,mobile,0,0,0.0
7010,27.0,1.0,11.0,3.0,Midwest,mobile,1,0,0.0
7011,46.0,2.0,11.0,3.0,Midwest,desktop,0,1,17.58
7012,42.0,1.0,11.0,11.0,West,mobile,0,0,0.0
7013,28.0,1.0,10.0,2.0,Midwest,desktop,1,0,0.0
7014,26.0,2.0,12.0,10.0,Southeast,mobile,0,0,0.0
7015,59.0,4.0,1.0,10.0,Midwest,mobile,1,0,0.0
7016,26.0,4.0,0.0,4.0,Southeast,tablet,1,0,0.0
7017,47.0,5.0,6.0,2.0,Northeast,desktop,0,0,0.0
7018,64.0,2.0,4.0,9.0,nan,mobile,0,0,0.0
7019,38.0,2.0,11.0,10.0,West,desktop,0,0,0.0
7020,49.0,5.0,4.0,2.0,Southeast,mobile,1,1,25.02
7021,41.0,1.0,6.0,11.0,Southeast,mobile,1,0,0.0
7022,49.0,3.0,3.0,5.0,Midwest,desktop,0,0,0.0
7023,33.0,4.0,12.0,9.0,West,mobile,0,0,0.0
7024,33.0,3.0,6.0,5.0,West,mobile,1,0,0.0
7025,46.0,5.0,9.0,8.0,Midwest,mobile,1,0,0.0
7026,28.0,2.0,6.0,10.0,West,desktop,1,0,0.0
7027,46.0,1.0,10.0,2.0,Midwest,mobile,0,0,0.0
7028,48.0,1.0,5.0,4.0,West,desktop,0,0,0.0
7029,64.0,3.0,13.0,6.0,West,mobile,0,1,29.88
7030,32.0,3.0,6.0,1.0,Midwest,desktop,0,0,0.0
7031,26.0,3.0,5.0,1.0,Northeast,mobile,1,1,21.74
7032,33.0,2.0,4.0,8.0,West,tablet,0,0,0.0
7033,56.0,3.0,11.0,9.0,West,tablet,0,0,0.0
7034,40.0,5.0,14.0,7.0,Midwest,mobile,1,1,30.53
7035,29.0,3.0,8.0,6.0,West,tablet,0,1,26.61
7036,31.0,4.0,8.0,3.0,Midwest,mobile,0,0,0.0
7037,56.0,5.0,14.0,10.0,Northeast,mobile,1,0,0.0
7038,62.0,1.0,6.0,8.0,West,desktop,0,0,0.0
7039,28.0,2.0,12.0,5.0,Midwest,mobile,1,0,0.0
7040,46.0,3.0,3.0,7.0,nan,desktop,0,0,0.0
7041,64.0,4.0,1.0,9.0,Northeast,mobile,0,0,0.0
7042,24.0,5.0,3.0,1.0,nan,desktop,0,0,0.0
7043,28.0,4.0,1.0,6.0,Northeast,mobile,1,0,0.0
7044,42.0,5.0,11.0,2.0,Northeast,mobile,0,0,0.0
7045,24.0,5.0,2.0,4.0,Midwest,desktop,0,0,0.0
7046,46.0,5.0,6.0,7.0,Northeast,desktop,0,0,0.0
7047,51.0,4.0,11.0,9.0,West,mobile,0,0,0.0
7048,37.0,5.0,4.0,7.0,West,desktop,1,0,0.0
7049,61.0,5.0,13.0,10.0,West,tablet,1,0,0.0
7050,59.0,2.0,2.0,0.0,nan,mobile,0,0,0.0
7051,53.0,3.0,10.0,2.0,Southeast,mobile,0,0,0.0
7052,44.0,4.0,14.0,3.0,West,mobile,1,0,0.0
7053,26.0,2.0,4.0,8.0,nan,mobile,0,0,0.0
7054,32.0,4.0,5.0,1.0,Southeast,mobile,0,1,25.17
7055,63.0,4.0,10.0,2.0,Southeast,mobile,1,0,0.0
7056,45.0,5.0,2.0,11.0,Northeast,mobile,0,0,0.0
7057,40.0,2.0,9.0,4.0,nan,mobile,1,0,0.0
7058,53.0,5.0,11.0,5.0,nan,tablet,0,0,0.0
7059,32.0,5.0,14.0,11.0,West,mobile,1,0,0.0
7060,35.0,3.0,13.0,6.0,Northeast,mobile,1,1,29.03
7061,38.0,3.0,3.0,2.0,Midwest,desktop,0,0,0.0
7062,59.0,2.0,11.0,1.0,nan,tablet,0,0,0.0
7063,42.0,4.0,11.0,3.0,Northeast,mobile,0,1,33.39
7064,24.0,3.0,5.0,5.0,Midwest,tablet,1,0,0.0
7065,42.0,4.0,13.0,7.0,Northeast,desktop,1,1,27.01
7066,34.0,5.0,10.0,11.0,nan,mobile,0,0,0.0
7067,42.0,4.0,6.0,5.0,West,desktop,1,0,0.0
7068,61.0,3.0,4.0,10.0,West,tablet,0,0,0.0
7069,35.0,1.0,1.0,0.0,Southeast,tablet,0,0,0.0
7070,33.0,1.0,7.0,5.0,Midwest,mobile,0,0,0.0
7071,42.0,4.0,1.0,4.0,West,tablet,0,0,0.0
7072,25.0,3.0,1.0,10.0,Northeast,desktop,0,0,0.0
7073,30.0,1.0,10.0,11.0,West,mobile,1,1,24.17
7074,23.0,4.0,4.0,5.0,Midwest,mobile,0,0,0.0
7075,60.0,4.0,8.0,11.0,Midwest,mobile,1,0,0.0
7076,54.0,5.0,7.0,7.0,West,desktop,0,0,0.0
7077,28.0,2.0,8.0,5.0,Northeast,tablet,0,0,0.0
7078,36.0,3.0,1.0,4.0,Midwest,mobile,1,0,0.0
7079,26.0,4.0,8.0,0.0,Midwest,mobile,1,0,0.0
7080,54.0,4.0,11.0,8.0,Northeast,desktop,0,0,0.0
7081,27.0,2.0,12.0,4.0,Northeast,mobile,1,0,0.0
7082,50.0,2.0,6.0,8.0,Southeast,desktop,0,1,19.7
7083,46.0,4.0,6.0,4.0,nan,mobile,1,0,0.0
7084,54.0,2.0,7.0,1.0,West,mobile,0,0,0.0
7085,58.0,5.0,9.0,10.0,Midwest,mobile,0,1,21.12
7086,61.0,2.0,6.0,10.0,nan,mobile,0,0,0.0
7087,36.0,1.0,9.0,3.0,Midwest,mobile,1,0,0.0
7088,57.0,4.0,10.0,3.0,Northeast,mobile,1,0,0.0
7089,29.0,4.0,11.0,7.0,West,mobile,1,0,0.0
7090,28.0,5.0,9.0,9.0,nan,tablet,1,0,0.0
7091,60.0,2.0,14.0,5.0,nan,desktop,1,0,0.0
7092,61.0,5.0,10.0,11.0,Northeast,mobile,1,0,0.0
7093,50.0,5.0,14.0,6.0,Midwest,desktop,1,0,0.0
7094,36.0,3.0,3.0,3.0,Midwest,desktop,0,0,0.0
7095,39.0,2.0,9.0,8.0,Midwest,tablet,1,1,26.49
7096,56.0,3.0,9.0,11.0,Southeast,tablet,0,1,24.29
7097,31.0,4.0,5.0,8.0,Northeast,desktop,1,0,0.0
7098,44.0,5.0,7.0,9.0,Northeast,mobile,1,0,0.0
7099,38.0,3.0,6.0,11.0,Northeast,desktop,1,1,28.05
7100,29.0,5.0,1.0,8.0,Midwest,mobile,0,0,0.0
7101,46.0,2.0,5.0,10.0,Northeast,desktop,0,0,0.0
7102,51.0,4.0,0.0,1.0,Midwest,mobile,0,0,0.0
7103,31.0,4.0,13.0,2.0,Northeast,desktop,1,0,0.0
7104,50.0,4.0,8.0,5.0,West,mobile,1,0,0.0
7105,61.0,4.0,8.0,9.0,nan,mobile,0,0,0.0
7106,61.0,4.0,8.0,5.0,Midwest,desktop,1,0,0.0
7107,61.0,1.0,5.0,10.0,Northeast,tablet,0,1,28.01
7108,39.0,3.0,11.0,10.0,Northeast,desktop,1,0,0.0
7109,51.0,5.0,6.0,3.0,West,desktop,0,0,0.0
7110,53.0,3.0,11.0,5.0,Midwest,desktop,0,0,0.0
7111,63.0,1.0,7.0,9.0,West,mobile,0,0,0.0
7112,44.0,5.0,6.0,4.0,West,desktop,1,0,0.0
7113,58.0,4.0,4.0,0.0,Northeast,tablet,0,0,0.0
7114,45.0,3.0,6.0,5.0,Southeast,mobile,0,0,0.0
7115,57.0,5.0,3.0,8.0,West,desktop,0,0,0.0
7116,36.0,3.0,5.0,11.0,Northeast,mobile,1,1,28.2
7117,25.0,5.0,5.0,2.0,Midwest,mobile,1,0,0.0
7118,37.0,1.0,14.0,7.0,Northeast,mobile,1,0,0.0
7119,36.0,3.0,5.0,7.0,Midwest,mobile,0,0,0.0
7120,56.0,3.0,10.0,5.0,Midwest,tablet,1,0,0.0
7121,51.0,3.0,5.0,10.0,Midwest,mobile,0,0,0.0
7122,49.0,2.0,5.0,9.0,Southeast,mobile,0,1,16.18
7123,30.0,1.0,5.0,0.0,Southeast,tablet,0,0,0.0
7124,51.0,2.0,10.0,3.0,Midwest,mobile,1,1,23.01
7125,51.0,5.0,3.0,0.0,Midwest,desktop,1,1,19.28
7126,62.0,5.0,8.0,10.0,Midwest,tablet,1,0,0.0
7127,33.0,1.0,7.0,6.0,Midwest,tablet,0,0,0.0
7128,51.0,5.0,8.0,7.0,Midwest,tablet,0,1,23.32
7129,25.0,5.0,1.0,2.0,Southeast,tablet,1,1,25.12
7130,53.0,5.0,13.0,3.0,Southeast,mobile,0,0,0.0
7131,56.0,2.0,4.0,3.0,West,tablet,0,0,0.0
7132,55.0,2.0,9.0,1.0,Midwest,mobile,0,0,0.0
7133,41.0,1.0,4.0,4.0,Northeast,mobile,0,1,22.03
7134,40.0,4.0,13.0,6.0,Northeast,tablet,1,0,0.0
7135,23.0,1.0,14.0,8.0,Midwest,mobile,1,1,27.52
7136,41.0,2.0,7.0,9.0,Northeast,mobile,0,0,0.0
7137,52.0,3.0,13.0,4.0,Northeast,mobile,1,1,28.37
7138,64.0,3.0,11.0,3.0,Northeast,mobile,1,0,0.0
7139,26.0,2.0,14.0,0.0,nan,mobile,1,1,24.24
7140,46.0,2.0,7.0,11.0,Southeast,mobile,0,0,0.0
7141,32.0,2.0,9.0,2.0,nan,desktop,0,0,0.0
7142,38.0,3.0,8.0,6.0,Southeast,tablet,0,0,0.0
7143,55.0,1.0,10.0,7.0,West,mobile,1,0,0.0
7144,24.0,2.0,6.0,10.0,Midwest,mobile,0,0,0.0
7145,24.0,1.0,6.0,1.0,Southeast,tablet,0,0,0.0
7146,31.0,2.0,9.0,1.0,nan,mobile,0,0,0.0
7147,32.0,2.0,13.0,11.0,nan,mobile,1,0,0.0
7148,55.0,3.0,1.0,6.0,West,mobile,0,0,0.0
7149,33.0,2.0,14.0,2.0,West,mobile,1,0,0.0
7150,61.0,1.0,10.0,11.0,Midwest,mobile,0,0,0.0
7151,63.0,2.0,0.0,8.0,Northeast,tablet,0,1,14.69
7152,55.0,5.0,7.0,5.0,Midwest,mobile,1,0,0.0
7153,42.0,3.0,13.0,2.0,West,mobile,1,0,0.0
7154,56.0,2.0,10.0,9.0,Midwest,mobile,0,0,0.0
7155,29.0,5.0,8.0,9.0,nan,mobile,0,0,0.0
7156,59.0,4.0,0.0,8.0,West,mobile,0,0,0.0
7157,36.0,4.0,6.0,9.0,Northeast,mobile,1,1,26.37
7158,41.0,1.0,4.0,4.0,Northeast,desktop,1,0,0.0
7159,60.0,2.0,12.0,9.0,Northeast,mobile,0,0,0.0
7160,27.0,2.0,8.0,9.0,Midwest,mobile,0,0,0.0
7161,26.0,4.0,3.0,1.0,nan,tablet,1,0,0.0
7162,48.0,1.0,6.0,5.0,nan,tablet,0,0,0.0
7163,64.0,2.0,10.0,10.0,West,desktop,1,0,0.0
7164,61.0,5.0,1.0,4.0,Southeast,mobile,0,0,0.0
7165,64.0,2.0,7.0,4.0,nan,tablet,0,0,0.0
7166,41.0,5.0,0.0,7.0,nan,mobile,1,1,25.02
7167,48.0,1.0,2.0,1.0,West,mobile,0,0,0.0
7168,57.0,5.0,6.0,2.0,Northeast,desktop,1,0,0.0
7169,29.0,2.0,8.0,2.0,Southeast,desktop,0,0,0.0
7170,59.0,2.0,6.0,10.0,Midwest,mobile,0,0,0.0
7171,58.0,4.0,13.0,2.0,Southeast,mobile,1,1,27.89
7172,25.0,3.0,5.0,0.0,West,tablet,0,0,0.0
7173,42.0,1.0,9.0,6.0,Midwest,mobile,0,1,24.72
7174,40.0,5.0,14.0,10.0,nan,desktop,0,1,27.85
7175,56.0,4.0,9.0,0.0,Midwest,mobile,1,0,0.0
7176,41.0,2.0,3.0,6.0,Northeast,desktop,0,0,0.0
7177,62.0,5.0,0.0,11.0,Northeast,mobile,0,1,21.51
7178,40.0,1.0,10.0,8.0,Northeast,mobile,0,0,0.0
7179,42.0,5.0,3.0,6.0,Southeast,mobile,0,0,0.0
7180,33.0,3.0,2.0,11.0,West,desktop,0,1,16.67
7181,58.0,5.0,12.0,0.0,West,mobile,0,0,0.0
7182,43.0,5.0,0.0,11.0,West,mobile,1,0,0.0
7183,43.0,5.0,4.0,2.0,Northeast,mobile,1,0,0.0
7184,53.0,1.0,9.0,10.0,West,mobile,1,0,0.0
7185,54.0,3.0,13.0,9.0,Midwest,mobile,1,1,28.66
7186,51.0,1.0,12.0,9.0,Southeast,desktop,0,0,0.0
7187,28.0,2.0,9.0,4.0,Midwest,desktop,0,0,0.0
7188,61.0,3.0,4.0,6.0,Northeast,mobile,0,0,0.0
7189,57.0,4.0,3.0,6.0,Northeast,desktop,0,0,0.0
7190,53.0,2.0,8.0,2.0,Midwest,mobile,0,0,0.0
7191,45.0,1.0,9.0,11.0,West,mobile,0,0,0.0
7192,54.0,2.0,9.0,5.0,Midwest,desktop,0,0,0.0
7193,52.0,3.0,14.0,8.0,West,desktop,1,0,0.0
7194,34.0,2.0,10.0,6.0,Southeast,desktop,1,0,0.0
7195,42.0,5.0,2.0,0.0,Southeast,mobile,1,1,25.58
7196,23.0,4.0,9.0,2.0,Midwest,mobile,1,0,0.0
7197,22.0,4.0,12.0,11.0,Southeast,tablet,1,1,31.17
7198,44.0,1.0,13.0,7.0,West,tablet,0,0,0.0
7199,54.0,5.0,5.0,4.0,Northeast,mobile,0,0,0.0
7200,55.0,4.0,2.0,6.0,West,mobile,0,0,0.0
7201,57.0,5.0,5.0,6.0,West,desktop,1,1,23.35
7202,39.0,3.0,11.0,8.0,West,mobile,1,1,27.85
7203,45.0,4.0,2.0,11.0,Midwest,desktop,1,0,0.0
7204,57.0,3.0,14.0,7.0,Southeast,mobile,0,0,0.0
7205,23.0,5.0,12.0,1.0,Northeast,mobile,1,1,30.0
7206,48.0,4.0,5.0,10.0,nan,mobile,0,0,0.0
7207,38.0,2.0,6.0,1.0,nan,desktop,0,0,0.0
7208,36.0,4.0,11.0,5.0,Northeast,desktop,1,0,0.0
7209,46.0,1.0,9.0,2.0,Southeast,tablet,0,0,0.0
7210,36.0,4.0,9.0,6.0,Southeast,mobile,0,0,0.0
7211,47.0,3.0,2.0,11.0,Northeast,mobile,1,0,0.0
7212,51.0,2.0,4.0,7.0,West,tablet,0,0,0.0
7213,43.0,5.0,2.0,0.0,nan,desktop,0,1,23.59
7214,46.0,5.0,6.0,4.0,Southeast,tablet,1,0,0.0
7215,39.0,1.0,9.0,2.0,West,desktop,0,0,0.0
7216,24.0,4.0,13.0,7.0,nan,mobile,1,1,28.38
7217,36.0,1.0,14.0,4.0,West,mobile,1,0,0.0
7218,45.0,3.0,7.0,3.0,West,mobile,1,0,0.0
7219,37.0,5.0,6.0,11.0,Northeast,desktop,1,0,0.0
7220,23.0,3.0,4.0,9.0,West,desktop,1,1,24.28
7221,43.0,1.0,12.0,6.0,Northeast,mobile,0,0,0.0
7222,45.0,2.0,14.0,10.0,West,desktop,1,1,29.73
7223,59.0,1.0,6.0,8.0,nan,mobile,0,1,26.53
7224,61.0,4.0,4.0,3.0,Southeast,mobile,1,1,25.48
7225,46.0,5.0,14.0,4.0,Midwest,mobile,1,1,27.69
7226,25.0,2.0,0.0,7.0,Midwest,mobile,1,0,0.0
7227,55.0,2.0,6.0,4.0,Northeast,mobile,1,0,0.0
7228,42.0,3.0,2.0,10.0,Northeast,desktop,0,1,22.97
7229,47.0,4.0,8.0,4.0,West,tablet,0,0,0.0
7230,55.0,5.0,14.0,7.0,nan,tablet,1,1,30.66
7231,49.0,5.0,1.0,0.0,Southeast,mobile,1,0,0.0
7232,40.0,3.0,4.0,5.0,West,tablet,0,0,0.0
7233,58.0,4.0,0.0,3.0,West,mobile,0,0,0.0
7234,37.0,1.0,12.0,8.0,Southeast,desktop,0,0,0.0
7235,49.0,1.0,1.0,10.0,Southeast,desktop,0,0,0.0
7236,46.0,5.0,13.0,4.0,nan,mobile,1,0,0.0
7237,57.0,2.0,5.0,0.0,Southeast,mobile,1,1,23.43
7238,58.0,3.0,0.0,5.0,nan,mobile,0,0,0.0
7239,32.0,2.0,7.0,5.0,West,mobile,1,0,0.0
7240,59.0,1.0,11.0,11.0,West,desktop,1,0,0.0
7241,47.0,5.0,3.0,1.0,Northeast,tablet,0,0,0.0
7242,33.0,3.0,8.0,4.0,Midwest,mobile,0,0,0.0
7243,48.0,1.0,5.0,0.0,Northeast,desktop,0,0,0.0
7244,63.0,2.0,9.0,10.0,Southeast,tablet,0,0,0.0
7245,48.0,3.0,2.0,9.0,nan,mobile,1,1,25.35
7246,28.0,3.0,6.0,8.0,West,desktop,0,0,0.0
7247,43.0,4.0,13.0,7.0,Southeast,mobile,1,0,0.0
7248,31.0,3.0,1.0,5.0,Southeast,mobile,1,0,0.0
7249,33.0,4.0,3.0,9.0,Northeast,desktop,1,1,24.83
7250,52.0,5.0,2.0,10.0,Northeast,mobile,1,0,0.0
7251,26.0,5.0,6.0,2.0,Northeast,tablet,1,0,0.0
7252,59.0,2.0,0.0,1.0,Southeast,tablet,0,0,0.0
7253,60.0,4.0,0.0,7.0,Midwest,mobile,0,0,0.0
7254,29.0,4.0,3.0,11.0,Southeast,mobile,0,1,29.63
7255,35.0,4.0,11.0,7.0,Northeast,mobile,1,0,0.0
7256,35.0,4.0,9.0,8.0,Southeast,mobile,1,0,0.0
7257,24.0,1.0,8.0,3.0,Midwest,mobile,0,1,24.88
7258,25.0,5.0,4.0,6.0,Northeast,desktop,1,0,0.0
7259,53.0,4.0,13.0,1.0,Northeast,mobile,0,0,0.0
7260,41.0,2.0,5.0,5.0,West,mobile,0,0,0.0
7261,31.0,3.0,8.0,10.0,Northeast,desktop,0,1,22.02
7262,44.0,2.0,8.0,11.0,Southeast,mobile,1,1,20.89
7263,32.0,4.0,13.0,7.0,Northeast,desktop,1,0,0.0
7264,47.0,5.0,9.0,9.0,Northeast,desktop,1,0,0.0
7265,29.0,3.0,6.0,5.0,West,mobile,0,0,0.0
7266,30.0,5.0,12.0,6.0,nan,desktop,1,0,0.0
7267,57.0,4.0,9.0,4.0,Midwest,tablet,0,0,0.0
7268,33.0,4.0,5.0,9.0,Northeast,mobile,1,0,0.0
7269,34.0,1.0,0.0,0.0,West,desktop,1,0,0.0
7270,54.0,2.0,10.0,6.0,Northeast,mobile,1,0,0.0
7271,39.0,3.0,11.0,3.0,West,mobile,1,0,0.0
7272,26.0,5.0,5.0,8.0,West,desktop,1,1,26.3
7273,55.0,5.0,9.0,6.0,West,desktop,1,1,26.15
7274,22.0,3.0,10.0,7.0,Southeast,tablet,1,0,0.0
7275,41.0,5.0,11.0,8.0,Southeast,desktop,1,0,0.0
7276,38.0,2.0,13.0,2.0,Southeast,tablet,1,0,0.0
7277,50.0,1.0,8.0,9.0,West,mobile,0,0,0.0
7278,46.0,5.0,5.0,2.0,nan,desktop,1,0,0.0
7279,47.0,4.0,6.0,7.0,Midwest,desktop,1,0,0.0
7280,60.0,3.0,7.0,8.0,Southeast,mobile,0,1,25.92
7281,47.0,2.0,2.0,1.0,Midwest,mobile,0,0,0.0
7282,23.0,1.0,3.0,3.0,Southeast,mobile,0,0,0.0
7283,24.0,1.0,3.0,2.0,Northeast,desktop,0,0,0.0
7284,36.0,4.0,7.0,10.0,Midwest,mobile,1,0,0.0
7285,22.0,4.0,6.0,3.0,Midwest,tablet,1,0,0.0
7286,58.0,5.0,7.0,6.0,Midwest,mobile,1,0,0.0
7287,54.0,1.0,1.0,4.0,West,desktop,0,0,0.0
7288,52.0,5.0,12.0,1.0,West,mobile,0,0,0.0
7289,51.0,3.0,13.0,2.0,Midwest,tablet,0,0,0.0
7290,49.0,1.0,11.0,9.0,nan,mobile,0,0,0.0
7291,36.0,5.0,10.0,4.0,Midwest,mobile,1,0,0.0
7292,22.0,2.0,6.0,8.0,Southeast,mobile,0,1,20.0
7293,27.0,2.0,1.0,9.0,Southeast,mobile,0,1,17.41
7294,41.0,4.0,2.0,7.0,Northeast,mobile,1,0,0.0
7295,32.0,3.0,4.0,2.0,West,mobile,1,0,0.0
7296,64.0,4.0,3.0,10.0,West,mobile,0,0,0.0
7297,57.0,3.0,4.0,7.0,Southeast,mobile,1,0,0.0
7298,50.0,5.0,7.0,8.0,West,mobile,1,0,0.0
7299,39.0,2.0,6.0,11.0,West,desktop,1,1,25.77
7300,57.0,3.0,14.0,9.0,Northeast,mobile,1,0,0.0
7301,39.0,1.0,1.0,5.0,Southeast,mobile,0,0,0.0
7302,44.0,2.0,10.0,6.0,nan,desktop,0,0,0.0
7303,52.0,5.0,3.0,0.0,Northeast,tablet,0,0,0.0
7304,37.0,3.0,4.0,9.0,nan,mobile,1,0,0.0
7305,43.0,4.0,6.0,2.0,West,mobile,1,0,0.0
7306,35.0,2.0,14.0,5.0,West,mobile,0,0,0.0
7307,29.0,1.0,14.0,5.0,Midwest,mobile,0,0,0.0
7308,56.0,4.0,12.0,5.0,Southeast,mobile,0,0,0.0
7309,64.0,2.0,0.0,11.0,Northeast,desktop,0,1,18.46
7310,41.0,3.0,6.0,7.0,Northeast,mobile,1,0,0.0
7311,23.0,4.0,12.0,10.0,Midwest,mobile,1,1,29.38
7312,35.0,3.0,10.0,9.0,nan,mobile,1,1,25.08
7313,60.0,1.0,5.0,7.0,Northeast,desktop,0,0,0.0
7314,50.0,4.0,1.0,1.0,Southeast,desktop,1,0,0.0
7315,33.0,3.0,7.0,1.0,Northeast,mobile,0,0,0.0
7316,64.0,2.0,14.0,5.0,West,desktop,0,0,0.0
7317,27.0,4.0,4.0,10.0,West,mobile,1,0,0.0
7318,40.0,5.0,2.0,0.0,West,mobile,1,0,0.0
7319,43.0,2.0,12.0,10.0,Southeast,mobile,0,0,0.0
7320,29.0,1.0,12.0,6.0,West,mobile,1,0,0.0
7321,30.0,5.0,11.0,6.0,Midwest,tablet,1,0,0.0
7322,49.0,2.0,7.0,5.0,nan,desktop,0,0,0.0
7323,24.0,2.0,7.0,5.0,West,desktop,1,1,25.18
7324,39.0,1.0,11.0,0.0,Northeast,mobile,0,0,0.0
7325,52.0,1.0,1.0,5.0,Southeast,tablet,0,1,18.36
7326,47.0,3.0,4.0,4.0,West,mobile,0,0,0.0
7327,38.0,4.0,1.0,5.0,West,mobile,0,0,0.0
7328,64.0,5.0,7.0,3.0,Southeast,tablet,0,0,0.0
7329,43.0,3.0,13.0,6.0,Southeast,desktop,1,0,0.0
7330,41.0,5.0,8.0,10.0,Southeast,desktop,1,0,0.0
7331,49.0,5.0,0.0,1.0,Southeast,tablet,0,0,0.0
7332,35.0,3.0,6.0,5.0,Northeast,mobile,0,0,0.0
7333,38.0,3.0,8.0,3.0,Southeast,mobile,1,1,24.63
7334,64.0,3.0,6.0,1.0,Northeast,mobile,0,0,0.0
7335,31.0,4.0,6.0,9.0,Southeast,mobile,0,0,0.0
7336,50.0,1.0,14.0,4.0,Southeast,desktop,0,0,0.0
7337,55.0,5.0,3.0,6.0,Northeast,mobile,1,1,33.52
7338,35.0,3.0,6.0,7.0,Midwest,mobile,0,0,0.0
7339,35.0,1.0,5.0,2.0,West,desktop,0,0,0.0
7340,35.0,2.0,2.0,10.0,nan,tablet,1,1,20.57
7341,40.0,3.0,14.0,10.0,Midwest,desktop,1,0,0.0
7342,48.0,1.0,7.0,10.0,Northeast,mobile,0,0,0.0
7343,54.0,4.0,7.0,3.0,Southeast,mobile,1,0,0.0
7344,37.0,5.0,13.0,5.0,Midwest,desktop,1,0,0.0
7345,43.0,3.0,4.0,3.0,West,desktop,0,0,0.0
7346,55.0,4.0,3.0,7.0,Southeast,mobile,0,1,21.51
7347,22.0,1.0,13.0,3.0,West,tablet,1,0,0.0
7348,30.0,5.0,4.0,11.0,West,desktop,1,0,0.0
7349,26.0,3.0,6.0,2.0,West,desktop,1,0,0.0
7350,30.0,3.0,4.0,1.0,West,mobile,0,1,21.88
7351,58.0,2.0,4.0,5.0,Southeast,mobile,0,0,0.0
7352,32.0,3.0,5.0,10.0,Midwest,desktop,0,0,0.0
7353,63.0,1.0,3.0,0.0,Southeast,mobile,0,0,0.0
7354,59.0,3.0,7.0,10.0,nan,mobile,0,0,0.0
7355,38.0,2.0,12.0,9.0,Northeast,mobile,0,0,0.0
7356,25.0,5.0,5.0,10.0,West,tablet,1,1,25.67
7357,32.0,1.0,4.0,6.0,nan,tablet,0,0,0.0
7358,47.0,2.0,2.0,11.0,Southeast,mobile,1,1,20.11
7359,41.0,4.0,6.0,4.0,Southeast,mobile,1,0,0.0
7360,59.0,1.0,5.0,1.0,Northeast,desktop,0,0,0.0
7361,37.0,4.0,5.0,0.0,Midwest,desktop,0,0,0.0
7362,29.0,4.0,6.0,6.0,Northeast,mobile,1,0,0.0
7363,50.0,3.0,8.0,0.0,Midwest,mobile,0,0,0.0
7364,61.0,3.0,7.0,1.0,Midwest,tablet,0,0,0.0
7365,45.0,4.0,2.0,11.0,Northeast,mobile,0,1,20.07
7366,52.0,3.0,9.0,3.0,West,desktop,1,0,0.0
7367,47.0,5.0,8.0,2.0,nan,mobile,0,0,0.0
7368,31.0,5.0,11.0,9.0,nan,mobile,0,0,0.0
7369,45.0,2.0,11.0,3.0,Northeast,desktop,0,0,0.0
7370,64.0,5.0,12.0,10.0,West,tablet,0,0,0.0
7371,64.0,3.0,10.0,3.0,West,desktop,1,0,0.0
7372,57.0,2.0,3.0,5.0,nan,desktop,0,0,0.0
7373,44.0,5.0,1.0,0.0,Southeast,desktop,0,0,0.0
7374,24.0,4.0,9.0,8.0,Midwest,mobile,1,0,0.0
7375,40.0,4.0,2.0,10.0,Midwest,mobile,0,0,0.0
7376,57.0,3.0,2.0,2.0,West,tablet,0,0,0.0
7377,62.0,1.0,9.0,7.0,Northeast,desktop,0,0,0.0
7378,46.0,3.0,9.0,5.0,Midwest,mobile,1,0,0.0
7379,23.0,4.0,2.0,10.0,Midwest,desktop,0,0,0.0
7380,60.0,5.0,13.0,0.0,nan,mobile,1,0,0.0
7381,58.0,1.0,1.0,11.0,West,tablet,0,0,0.0
7382,47.0,2.0,13.0,9.0,nan,mobile,1,0,0.0
7383,39.0,4.0,12.0,6.0,West,mobile,0,0,0.0
7384,56.0,1.0,9.0,3.0,Southeast,mobile,0,0,0.0
7385,34.0,5.0,5.0,3.0,West,tablet,0,0,0.0
7386,57.0,4.0,4.0,0.0,West,mobile,0,0,0.0
7387,36.0,4.0,8.0,0.0,Southeast,tablet,0,0,0.0
7388,56.0,2.0,2.0,4.0,Midwest,mobile,0,0,0.0
7389,51.0,4.0,11.0,7.0,Northeast,mobile,1,0,0.0
7390,24.0,2.0,6.0,4.0,Northeast,desktop,1,0,0.0
7391,23.0,1.0,8.0,0.0,Southeast,mobile,1,0,0.0
7392,50.0,1.0,5.0,8.0,Midwest,desktop,1,0,0.0
7393,41.0,1.0,1.0,1.0,Midwest,desktop,0,0,0.0
7394,60.0,5.0,10.0,4.0,Northeast,desktop,1,0,0.0
7395,55.0,1.0,10.0,11.0,West,mobile,1,0,0.0
7396,62.0,5.0,1.0,3.0,Southeast,desktop,0,1,22.0
7397,30.0,3.0,5.0,4.0,nan,desktop,1,0,0.0
7398,54.0,4.0,0.0,0.0,Southeast,mobile,0,0,0.0
7399,40.0,4.0,5.0,0.0,West,desktop,0,0,0.0
7400,35.0,3.0,10.0,9.0,Midwest,mobile,1,1,29.06
7401,38.0,5.0,8.0,2.0,Northeast,mobile,0,0,0.0
7402,58.0,1.0,9.0,0.0,West,mobile,0,0,0.0
7403,44.0,3.0,8.0,10.0,Northeast,desktop,1,0,0.0
7404,23.0,5.0,5.0,4.0,Northeast,desktop,0,0,0.0
7405,42.0,4.0,6.0,1.0,West,mobile,0,0,0.0
7406,55.0,1.0,11.0,2.0,Midwest,desktop,0,0,0.0
7407,54.0,2.0,10.0,1.0,nan,mobile,0,1,17.46
7408,42.0,4.0,6.0,11.0,Midwest,mobile,0,0,0.0
7409,56.0,4.0,11.0,9.0,nan,mobile,1,1,30.41
7410,59.0,3.0,11.0,7.0,Northeast,desktop,0,1,25.25
7411,24.0,1.0,6.0,8.0,nan,mobile,0,0,0.0
7412,43.0,2.0,12.0,0.0,Northeast,desktop,0,0,0.0
7413,59.0,3.0,2.0,5.0,Northeast,tablet,0,0,0.0
7414,40.0,3.0,11.0,8.0,Midwest,mobile,1,0,0.0
7415,64.0,3.0,8.0,9.0,West,tablet,0,0,0.0
7416,58.0,3.0,13.0,10.0,West,mobile,0,0,0.0
7417,30.0,3.0,2.0,9.0,Southeast,desktop,1,0,0.0
7418,36.0,4.0,1.0,8.0,West,tablet,1,1,26.01
7419,38.0,4.0,0.0,2.0,Midwest,mobile,0,0,0.0
7420,42.0,4.0,1.0,6.0,Northeast,desktop,0,0,0.0
7421,51.0,2.0,8.0,6.0,Northeast,desktop,1,0,0.0
7422,58.0,1.0,11.0,3.0,West,mobile,0,0,0.0
7423,46.0,5.0,12.0,7.0,Midwest,tablet,1,0,0.0
7424,22.0,5.0,10.0,7.0,Midwest,mobile,1,0,0.0
7425,58.0,2.0,4.0,9.0,Midwest,desktop,0,1,25.71
7426,37.0,4.0,6.0,0.0,Midwest,mobile,0,0,0.0
7427,37.0,2.0,0.0,2.0,Northeast,mobile,0,0,0.0
7428,57.0,4.0,7.0,2.0,West,desktop,0,0,0.0
7429,57.0,1.0,11.0,2.0,nan,desktop,0,1,21.48
7430,59.0,2.0,3.0,11.0,Northeast,desktop,0,0,0.0
7431,61.0,3.0,7.0,3.0,West,mobile,0,0,0.0
7432,28.0,4.0,5.0,8.0,Midwest,mobile,1,1,27.2
7433,29.0,2.0,13.0,10.0,West,desktop,0,0,0.0
7434,41.0,4.0,1.0,1.0,Midwest,mobile,0,0,0.0
7435,64.0,3.0,10.0,9.0,Southeast,mobile,1,0,0.0
7436,36.0,2.0,0.0,8.0,Midwest,mobile,0,1,19.41
7437,36.0,5.0,6.0,11.0,Northeast,desktop,0,0,0.0
7438,63.0,1.0,9.0,10.0,Northeast,mobile,0,0,0.0
7439,63.0,4.0,6.0,3.0,Northeast,mobile,1,0,0.0
7440,46.0,3.0,8.0,8.0,nan,mobile,0,1,19.11
7441,47.0,4.0,9.0,2.0,nan,mobile,1,0,0.0
7442,39.0,4.0,10.0,7.0,Northeast,desktop,1,0,0.0
7443,57.0,5.0,0.0,11.0,Northeast,mobile,0,0,0.0
7444,59.0,2.0,5.0,5.0,Midwest,mobile,0,0,0.0
7445,33.0,3.0,7.0,11.0,West,mobile,1,0,0.0
7446,52.0,5.0,12.0,7.0,Northeast,tablet,1,0,0.0
7447,44.0,3.0,9.0,10.0,Northeast,mobile,0,0,0.0
7448,52.0,5.0,5.0,10.0,Midwest,mobile,1,0,0.0
7449,40.0,5.0,12.0,0.0,Northeast,desktop,1,0,0.0
7450,48.0,4.0,4.0,3.0,Midwest,desktop,1,1,24.64
7451,49.0,5.0,12.0,0.0,nan,mobile,0,0,0.0
7452,39.0,1.0,8.0,9.0,nan,desktop,0,0,0.0
7453,31.0,4.0,11.0,8.0,Midwest,desktop,1,0,0.0
7454,26.0,3.0,8.0,7.0,Southeast,mobile,0,0,0.0
7455,63.0,3.0,11.0,1.0,West,desktop,0,1,23.97
7456,49.0,5.0,10.0,1.0,nan,mobile,1,0,0.0
7457,41.0,2.0,7.0,10.0,Midwest,mobile,0,0,0.0
7458,39.0,2.0,6.0,2.0,West,mobile,0,0,0.0
7459,39.0,1.0,6.0,6.0,Midwest,mobile,0,0,0.0
7460,41.0,1.0,14.0,10.0,Midwest,tablet,1,1,28.53
7461,41.0,1.0,8.0,3.0,Midwest,desktop,0,0,0.0
7462,61.0,3.0,7.0,3.0,Midwest,desktop,0,0,0.0
7463,41.0,2.0,4.0,2.0,Southeast,mobile,0,0,0.0
7464,53.0,2.0,0.0,4.0,nan,mobile,0,0,0.0
7465,43.0,5.0,2.0,7.0,nan,desktop,0,0,0.0
7466,55.0,4.0,8.0,3.0,Midwest,tablet,0,0,0.0
7467,22.0,1.0,0.0,2.0,West,mobile,0,0,0.0
7468,54.0,5.0,11.0,6.0,Southeast,tablet,1,0,0.0
7469,31.0,4.0,5.0,0.0,West,mobile,0,0,0.0
7470,40.0,3.0,7.0,0.0,Southeast,mobile,0,0,0.0
7471,49.0,2.0,8.0,7.0,Northeast,desktop,1,0,0.0
7472,46.0,4.0,4.0,5.0,Midwest,tablet,0,0,0.0
7473,24.0,3.0,9.0,11.0,Northeast,mobile,1,0,0.0
7474,45.0,4.0,8.0,5.0,Southeast,tablet,0,1,24.48
7475,27.0,3.0,4.0,3.0,Southeast,mobile,0,0,0.0
7476,32.0,4.0,10.0,9.0,Midwest,desktop,1,1,29.21
7477,41.0,4.0,4.0,1.0,Midwest,desktop,0,0,0.0
7478,49.0,1.0,9.0,2.0,West,mobile,1,0,0.0
7479,44.0,1.0,0.0,9.0,Northeast,mobile,0,0,0.0
7480,38.0,4.0,6.0,4.0,Midwest,tablet,1,0,0.0
7481,25.0,2.0,6.0,5.0,Northeast,desktop,1,0,0.0
7482,24.0,4.0,5.0,6.0,West,tablet,1,0,0.0
7483,41.0,2.0,13.0,7.0,nan,mobile,1,0,0.0
7484,63.0,1.0,12.0,9.0,nan,mobile,0,1,29.1
7485,57.0,3.0,10.0,6.0,Midwest,mobile,0,0,0.0
7486,39.0,5.0,3.0,8.0,West,mobile,1,1,26.57
7487,31.0,5.0,5.0,9.0,Midwest,tablet,0,1,23.41
7488,37.0,3.0,5.0,0.0,Northeast,desktop,1,0,0.0
7489,43.0,4.0,10.0,6.0,West,desktop,0,0,0.0
7490,48.0,4.0,9.0,4.0,Northeast,mobile,0,0,0.0
7491,45.0,3.0,2.0,4.0,Midwest,mobile,0,0,0.0
7492,41.0,4.0,6.0,2.0,nan,tablet,1,1,24.94
7493,49.0,5.0,8.0,8.0,Southeast,mobile,1,0,0.0
7494,64.0,4.0,5.0,1.0,Southeast,mobile,0,0,0.0
7495,39.0,3.0,0.0,1.0,Northeast,mobile,0,0,0.0
7496,24.0,1.0,1.0,3.0,Midwest,desktop,0,0,0.0
7497,58.0,4.0,14.0,11.0,West,mobile,1,0,0.0
7498,57.0,4.0,7.0,6.0,Midwest,desktop,1,0,0.0
7499,47.0,3.0,2.0,4.0,Southeast,mobile,0,0,0.0
7500,22.0,2.0,14.0,9.0,Midwest,mobile,1,0,0.0
7501,60.0,3.0,14.0,0.0,West,mobile,1,0,0.0
7502,29.0,2.0,12.0,10.0,nan,mobile,0,1,25.2
7503,63.0,1.0,8.0,4.0,Southeast,mobile,0,0,0.0
7504,29.0,1.0,11.0,4.0,West,desktop,1,0,0.0
7505,22.0,2.0,14.0,10.0,West,mobile,1,1,28.88
7506,36.0,3.0,7.0,2.0,West,mobile,1,1,26.13
7507,43.0,1.0,14.0,2.0,nan,mobile,0,0,0.0
7508,59.0,4.0,12.0,6.0,West,mobile,1,0,0.0
7509,23.0,1.0,9.0,2.0,Southeast,desktop,0,0,0.0
7510,32.0,2.0,13.0,7.0,West,tablet,0,0,0.0
7511,50.0,5.0,6.0,7.0,Midwest,tablet,1,0,0.0
7512,44.0,1.0,3.0,6.0,Southeast,mobile,0,0,0.0
7513,58.0,2.0,14.0,5.0,Northeast,desktop,1,1,24.38
7514,42.0,5.0,7.0,9.0,West,tablet,0,0,0.0
7515,48.0,1.0,10.0,9.0,West,mobile,0,0,0.0
7516,32.0,2.0,12.0,4.0,Northeast,desktop,1,1,23.45
7517,38.0,3.0,2.0,2.0,West,mobile,0,0,0.0
7518,41.0,2.0,12.0,3.0,West,tablet,0,1,19.96
7519,47.0,3.0,10.0,1.0,Southeast,desktop,1,0,0.0
7520,58.0,5.0,13.0,6.0,West,desktop,1,1,32.92
7521,36.0,3.0,3.0,10.0,West,desktop,0,0,0.0
7522,52.0,3.0,14.0,7.0,nan,tablet,1,0,0.0
7523,30.0,2.0,1.0,9.0,Northeast,mobile,0,0,0.0
7524,38.0,2.0,4.0,4.0,Southeast,mobile,0,0,0.0
7525,25.0,3.0,7.0,11.0,Northeast,mobile,0,0,0.0
7526,33.0,1.0,8.0,3.0,West,tablet,1,0,0.0
7527,56.0,1.0,13.0,6.0,Midwest,tablet,1,0,0.0
7528,44.0,4.0,2.0,11.0,West,mobile,1,0,0.0
7529,61.0,3.0,14.0,0.0,West,mobile,0,0,0.0
7530,31.0,4.0,7.0,8.0,Northeast,desktop,1,1,21.46
7531,40.0,5.0,10.0,5.0,nan,desktop,1,0,0.0
7532,28.0,2.0,1.0,7.0,Midwest,desktop,0,0,0.0
7533,34.0,2.0,2.0,9.0,nan,desktop,0,0,0.0
7534,23.0,4.0,6.0,3.0,Northeast,mobile,1,0,0.0
7535,31.0,4.0,8.0,11.0,Southeast,mobile,1,0,0.0
7536,22.0,1.0,7.0,11.0,Midwest,mobile,0,0,0.0
7537,50.0,3.0,2.0,6.0,nan,desktop,0,0,0.0
7538,63.0,2.0,10.0,6.0,Northeast,desktop,0,1,24.34
7539,23.0,3.0,3.0,8.0,Midwest,desktop,1,1,24.22
7540,37.0,5.0,3.0,3.0,Northeast,mobile,1,1,21.67
7541,60.0,1.0,1.0,4.0,Southeast,desktop,0,0,0.0
7542,23.0,5.0,13.0,4.0,West,mobile,1,1,29.25
7543,52.0,2.0,10.0,1.0,Southeast,desktop,0,0,0.0
7544,46.0,4.0,0.0,4.0,Southeast,mobile,0,0,0.0
7545,57.0,1.0,1.0,11.0,West,mobile,0,0,0.0
7546,42.0,4.0,9.0,0.0,West,desktop,1,0,0.0
7547,25.0,5.0,9.0,10.0,Northeast,mobile,1,0,0.0
7548,46.0,4.0,13.0,4.0,Southeast,desktop,1,0,0.0
7549,63.0,5.0,14.0,3.0,Midwest,tablet,1,0,0.0
7550,45.0,1.0,12.0,3.0,nan,mobile,1,1,21.85
7551,24.0,5.0,12.0,2.0,Southeast,mobile,1,1,29.74
7552,26.0,3.0,7.0,5.0,Southeast,tablet,0,0,0.0
7553,43.0,2.0,14.0,3.0,Northeast,mobile,1,0,0.0
7554,54.0,4.0,2.0,6.0,Northeast,mobile,1,0,0.0
7555,31.0,3.0,8.0,9.0,Midwest,desktop,0,0,0.0
7556,38.0,4.0,1.0,4.0,Southeast,mobile,0,0,0.0
7557,63.0,4.0,11.0,10.0,Midwest,mobile,0,0,0.0
7558,64.0,4.0,10.0,0.0,Southeast,mobile,1,0,0.0
7559,60.0,5.0,14.0,1.0,Southeast,tablet,1,0,0.0
7560,47.0,2.0,1.0,11.0,West,mobile,1,0,0.0
7561,60.0,2.0,10.0,10.0,West,mobile,1,0,0.0
7562,43.0,3.0,0.0,1.0,nan,mobile,0,1,21.15
7563,64.0,2.0,1.0,5.0,Midwest,tablet,0,0,0.0
7564,37.0,5.0,6.0,4.0,nan,mobile,1,1,30.57
7565,61.0,5.0,14.0,1.0,Northeast,tablet,1,0,0.0
7566,45.0,3.0,2.0,8.0,Midwest,mobile,0,0,0.0
7567,62.0,4.0,4.0,5.0,Midwest,mobile,1,0,0.0
7568,42.0,3.0,12.0,10.0,West,desktop,1,1,27.14
7569,60.0,5.0,14.0,4.0,Southeast,mobile,0,0,0.0
7570,44.0,1.0,8.0,7.0,Northeast,mobile,0,1,19.23
7571,57.0,5.0,5.0,10.0,Midwest,desktop,0,0,0.0
7572,63.0,3.0,12.0,2.0,West,mobile,1,0,0.0
7573,25.0,5.0,7.0,4.0,West,tablet,1,0,0.0
7574,39.0,4.0,5.0,7.0,West,tablet,1,1,23.14
7575,22.0,4.0,3.0,8.0,West,mobile,1,0,0.0
7576,34.0,2.0,13.0,4.0,Northeast,mobile,1,0,0.0
7577,24.0,4.0,6.0,0.0,West,mobile,0,0,0.0
7578,40.0,4.0,14.0,8.0,Midwest,tablet,1,0,0.0
7579,36.0,4.0,2.0,8.0,Northeast,mobile,0,0,0.0
7580,24.0,5.0,8.0,4.0,Southeast,mobile,1,0,0.0
7581,38.0,1.0,6.0,9.0,Southeast,desktop,1,0,0.0
7582,41.0,2.0,2.0,1.0,Northeast,mobile,0,1,23.26
7583,22.0,3.0,14.0,6.0,Northeast,mobile,1,0,0.0
7584,61.0,4.0,0.0,6.0,nan,desktop,0,0,0.0
7585,35.0,3.0,0.0,1.0,Midwest,desktop,1,0,0.0
7586,30.0,2.0,13.0,0.0,Midwest,mobile,1,1,31.85
7587,24.0,1.0,3.0,11.0,West,mobile,0,0,0.0
7588,25.0,2.0,7.0,7.0,Southeast,mobile,0,0,0.0
7589,51.0,4.0,1.0,10.0,Southeast,desktop,1,1,25.1
7590,22.0,3.0,3.0,3.0,Northeast,mobile,0,0,0.0
7591,26.0,1.0,12.0,6.0,Northeast,mobile,1,1,26.38
7592,49.0,2.0,5.0,10.0,Northeast,mobile,0,0,0.0
7593,36.0,2.0,12.0,5.0,West,mobile,0,0,0.0
7594,54.0,4.0,13.0,6.0,Midwest,mobile,1,0,0.0
7595,52.0,5.0,14.0,10.0,Midwest,mobile,1,1,25.42
7596,50.0,4.0,14.0,0.0,Southeast,mobile,1,1,30.47
7597,24.0,5.0,6.0,6.0,Midwest,mobile,1,0,0.0
7598,49.0,3.0,3.0,7.0,West,tablet,0,1,21.81
7599,60.0,5.0,11.0,10.0,Midwest,mobile,0,1,26.35
7600,57.0,1.0,7.0,9.0,Southeast,mobile,0,0,0.0
7601,62.0,2.0,2.0,2.0,Southeast,desktop,0,0,0.0
7602,58.0,5.0,12.0,0.0,Northeast,tablet,0,0,0.0
7603,61.0,1.0,12.0,2.0,Midwest,mobile,0,0,0.0
7604,36.0,5.0,10.0,8.0,Northeast,mobile,0,0,0.0
7605,32.0,3.0,7.0,2.0,Northeast,desktop,1,0,0.0
7606,46.0,2.0,9.0,9.0,Midwest,mobile,1,0,0.0
7607,30.0,1.0,2.0,11.0,West,mobile,1,1,24.49
7608,50.0,5.0,12.0,8.0,Southeast,mobile,1,1,24.6
7609,64.0,1.0,13.0,1.0,Northeast,tablet,0,0,0.0
7610,36.0,5.0,12.0,5.0,West,mobile,0,0,0.0
7611,36.0,5.0,6.0,3.0,Northeast,desktop,1,0,0.0
7612,49.0,2.0,9.0,7.0,Southeast,desktop,0,0,0.0
7613,48.0,4.0,0.0,5.0,Midwest,mobile,1,0,0.0
7614,50.0,3.0,7.0,5.0,West,desktop,0,0,0.0
7615,39.0,3.0,8.0,7.0,West,desktop,0,0,0.0
7616,22.0,1.0,12.0,4.0,Midwest,mobile,1,0,0.0
7617,32.0,3.0,13.0,11.0,nan,mobile,1,0,0.0
7618,25.0,3.0,11.0,0.0,Southeast,tablet,1,0,0.0
7619,29.0,3.0,2.0,8.0,Midwest,tablet,0,0,0.0
7620,53.0,2.0,2.0,5.0,Southeast,mobile,0,1,16.91
7621,26.0,3.0,13.0,8.0,West,mobile,1,0,0.0
7622,25.0,1.0,7.0,9.0,Midwest,mobile,0,0,0.0
7623,30.0,2.0,12.0,10.0,nan,tablet,0,1,29.53
7624,43.0,3.0,8.0,0.0,West,tablet,0,0,0.0
7625,23.0,4.0,0.0,4.0,Southeast,mobile,0,0,0.0
7626,23.0,1.0,14.0,0.0,Northeast,desktop,0,0,0.0
7627,60.0,4.0,13.0,4.0,Midwest,mobile,0,0,0.0
7628,57.0,2.0,7.0,2.0,Southeast,mobile,1,1,25.22
7629,31.0,2.0,4.0,7.0,Southeast,mobile,0,0,0.0
7630,45.0,5.0,4.0,3.0,Midwest,mobile,1,1,30.79
7631,54.0,4.0,12.0,5.0,West,mobile,1,0,0.0
7632,30.0,4.0,2.0,6.0,West,desktop,1,0,0.0
7633,45.0,3.0,8.0,0.0,Midwest,desktop,0,0,0.0
7634,59.0,5.0,13.0,9.0,West,tablet,1,1,37.37
7635,24.0,3.0,7.0,5.0,Southeast,desktop,1,1,24.8
7636,27.0,2.0,8.0,0.0,Midwest,mobile,0,0,0.0
7637,58.0,3.0,6.0,1.0,Northeast,desktop,0,1,21.6
7638,61.0,3.0,3.0,9.0,Northeast,mobile,0,0,0.0
7639,50.0,4.0,3.0,11.0,Northeast,mobile,1,0,0.0
7640,63.0,2.0,6.0,8.0,West,tablet,0,0,0.0
7641,53.0,3.0,6.0,3.0,nan,mobile,1,0,0.0
7642,50.0,3.0,0.0,5.0,West,mobile,0,0,0.0
7643,23.0,2.0,12.0,3.0,Northeast,tablet,1,0,0.0
7644,58.0,4.0,0.0,2.0,West,desktop,0,0,0.0
7645,35.0,2.0,3.0,10.0,Southeast,mobile,0,0,0.0
7646,57.0,2.0,5.0,1.0,nan,mobile,0,0,0.0
7647,22.0,5.0,14.0,5.0,West,mobile,1,0,0.0
7648,41.0,3.0,10.0,1.0,Southeast,tablet,0,1,24.88
7649,48.0,3.0,2.0,5.0,Midwest,desktop,0,0,0.0
7650,27.0,3.0,10.0,3.0,West,tablet,1,0,0.0
7651,37.0,1.0,7.0,4.0,nan,desktop,0,0,0.0
7652,25.0,1.0,0.0,6.0,Southeast,mobile,0,1,18.32
7653,42.0,3.0,6.0,3.0,West,mobile,0,0,0.0
7654,26.0,1.0,10.0,4.0,West,tablet,1,0,0.0
7655,32.0,2.0,7.0,3.0,Southeast,mobile,0,0,0.0
7656,44.0,1.0,11.0,6.0,Southeast,mobile,0,1,24.87
7657,41.0,4.0,14.0,8.0,Northeast,desktop,1,0,0.0
7658,23.0,5.0,3.0,10.0,Northeast,desktop,1,0,0.0
7659,56.0,1.0,8.0,11.0,Southeast,desktop,0,1,25.26
7660,42.0,5.0,2.0,1.0,Northeast,mobile,0,0,0.0
7661,34.0,3.0,6.0,8.0,Southeast,mobile,1,1,24.69
7662,34.0,1.0,10.0,10.0,Southeast,mobile,0,0,0.0
7663,26.0,2.0,7.0,1.0,Midwest,tablet,1,0,0.0
7664,59.0,2.0,8.0,2.0,Midwest,mobile,1,0,0.0
7665,54.0,2.0,7.0,1.0,Southeast,mobile,1,0,0.0
7666,25.0,2.0,5.0,5.0,Northeast,mobile,1,1,26.74
7667,59.0,5.0,11.0,9.0,Midwest,desktop,1,0,0.0
7668,51.0,3.0,8.0,8.0,West,desktop,1,0,0.0
7669,51.0,1.0,4.0,8.0,West,desktop,0,0,0.0
7670,25.0,2.0,12.0,8.0,Midwest,mobile,0,0,0.0
7671,34.0,2.0,11.0,9.0,Southeast,desktop,1,1,29.23
7672,44.0,5.0,1.0,9.0,Midwest,mobile,1,1,27.61
7673,50.0,5.0,9.0,5.0,West,mobile,1,1,31.66
7674,36.0,1.0,7.0,8.0,Southeast,desktop,0,0,0.0
7675,56.0,4.0,9.0,0.0,nan,mobile,0,0,0.0
7676,45.0,3.0,4.0,0.0,Northeast,tablet,0,0,0.0
7677,58.0,2.0,1.0,5.0,Southeast,desktop,0,0,0.0
7678,25.0,2.0,4.0,5.0,nan,mobile,1,1,23.83
7679,34.0,4.0,7.0,9.0,West,mobile,1,0,0.0
7680,43.0,3.0,11.0,4.0,Northeast,desktop,0,0,0.0
7681,55.0,1.0,4.0,3.0,Southeast,desktop,0,0,0.0
7682,43.0,2.0,9.0,11.0,West,mobile,1,0,0.0
7683,34.0,1.0,10.0,8.0,Midwest,mobile,0,1,23.84
7684,58.0,1.0,13.0,11.0,nan,mobile,0,0,0.0
7685,23.0,1.0,11.0,7.0,West,mobile,0,0,0.0
7686,24.0,5.0,5.0,3.0,West,tablet,1,0,0.0
7687,37.0,2.0,6.0,3.0,West,desktop,0,0,0.0
7688,27.0,3.0,7.0,8.0,nan,desktop,1,1,27.87
7689,35.0,5.0,4.0,1.0,Midwest,mobile,1,0,0.0
7690,64.0,4.0,2.0,2.0,Northeast,mobile,0,0,0.0
7691,40.0,5.0,8.0,9.0,West,tablet,1,0,0.0
7692,42.0,3.0,12.0,8.0,Midwest,mobile,1,0,0.0
7693,39.0,1.0,7.0,7.0,West,desktop,0,0,0.0
7694,52.0,1.0,9.0,3.0,Midwest,desktop,0,0,0.0
7695,38.0,5.0,9.0,0.0,Northeast,mobile,1,0,0.0
7696,34.0,5.0,13.0,8.0,West,mobile,1,1,31.4
7697,22.0,4.0,8.0,3.0,nan,mobile,1,0,0.0
7698,49.0,2.0,9.0,0.0,Northeast,tablet,0,0,0.0
7699,56.0,1.0,13.0,6.0,Northeast,desktop,0,1,22.64
7700,40.0,4.0,2.0,8.0,Southeast,tablet,0,0,0.0
7701,35.0,2.0,2.0,4.0,Northeast,mobile,0,1,17.85
7702,57.0,5.0,8.0,5.0,Midwest,mobile,1,0,0.0
7703,62.0,4.0,12.0,5.0,Northeast,desktop,1,0,0.0
7704,40.0,3.0,14.0,8.0,nan,mobile,1,0,0.0
7705,30.0,5.0,6.0,10.0,Northeast,desktop,1,0,0.0
7706,51.0,3.0,2.0,1.0,Northeast,mobile,0,0,0.0
7707,48.0,4.0,10.0,2.0,Southeast,mobile,0,0,0.0
7708,36.0,2.0,4.0,10.0,Midwest,mobile,0,0,0.0
7709,56.0,5.0,2.0,4.0,West,desktop,1,0,0.0
7710,30.0,1.0,9.0,7.0,West,mobile,0,0,0.0
7711,24.0,2.0,12.0,0.0,nan,desktop,1,0,0.0
7712,31.0,1.0,8.0,4.0,Southeast,mobile,0,0,0.0
7713,53.0,5.0,5.0,7.0,Northeast,mobile,1,0,0.0
7714,46.0,4.0,2.0,4.0,nan,desktop,1,0,0.0
7715,51.0,2.0,13.0,3.0,Midwest,tablet,0,1,23.61
7716,43.0,5.0,2.0,3.0,Midwest,mobile,0,0,0.0
7717,26.0,4.0,9.0,8.0,Midwest,tablet,0,0,0.0
7718,52.0,4.0,2.0,7.0,Northeast,mobile,0,0,0.0
7719,50.0,3.0,7.0,3.0,Southeast,mobile,0,0,0.0
7720,58.0,2.0,8.0,0.0,Southeast,mobile,1,0,0.0
7721,27.0,5.0,12.0,3.0,Southeast,mobile,0,1,26.54
7722,23.0,1.0,13.0,8.0,Southeast,mobile,1,1,26.57
7723,35.0,2.0,13.0,9.0,Midwest,desktop,0,1,19.88
7724,56.0,2.0,7.0,9.0,West,mobile,0,0,0.0
7725,26.0,4.0,7.0,11.0,nan,tablet,1,1,25.7
7726,58.0,5.0,6.0,3.0,Northeast,mobile,0,0,0.0
7727,62.0,5.0,3.0,8.0,nan,tablet,1,0,0.0
7728,52.0,2.0,3.0,1.0,Southeast,mobile,0,0,0.0
7729,63.0,3.0,2.0,10.0,Midwest,mobile,0,0,0.0
7730,51.0,3.0,13.0,11.0,Northeast,mobile,1,1,24.89
7731,25.0,5.0,10.0,5.0,Northeast,mobile,0,0,0.0
7732,62.0,5.0,14.0,7.0,West,mobile,1,0,0.0
7733,56.0,2.0,4.0,3.0,Midwest,desktop,0,0,0.0
7734,60.0,5.0,10.0,8.0,Southeast,desktop,0,0,0.0
7735,27.0,5.0,0.0,2.0,nan,tablet,0,0,0.0
7736,37.0,2.0,7.0,7.0,nan,desktop,0,0,0.0
7737,30.0,4.0,6.0,5.0,Southeast,desktop,1,1,29.19
7738,49.0,5.0,13.0,2.0,Northeast,mobile,1,1,30.6
7739,48.0,2.0,6.0,9.0,Southeast,desktop,0,0,0.0
7740,45.0,2.0,7.0,9.0,West,desktop,0,0,0.0
7741,29.0,5.0,13.0,0.0,Southeast,mobile,1,0,0.0
7742,26.0,5.0,5.0,5.0,Midwest,mobile,1,1,28.6
7743,64.0,5.0,13.0,7.0,nan,mobile,1,0,0.0
7744,31.0,2.0,2.0,3.0,nan,desktop,0,0,0.0
7745,63.0,2.0,12.0,3.0,Midwest,desktop,0,0,0.0
7746,43.0,1.0,2.0,7.0,nan,mobile,0,0,0.0
7747,22.0,4.0,8.0,4.0,Southeast,mobile,1,0,0.0
7748,41.0,5.0,6.0,10.0,Midwest,mobile,1,0,0.0
7749,59.0,5.0,1.0,8.0,Northeast,mobile,0,0,0.0
7750,46.0,3.0,5.0,9.0,Southeast,mobile,0,0,0.0
7751,62.0,1.0,1.0,10.0,West,desktop,0,0,0.0
7752,56.0,5.0,3.0,8.0,West,tablet,0,1,24.35
7753,60.0,5.0,11.0,6.0,Midwest,desktop,1,0,0.0
7754,56.0,2.0,7.0,3.0,West,mobile,0,1,23.91
7755,51.0,4.0,10.0,3.0,Southeast,mobile,1,1,33.37
7756,33.0,2.0,10.0,3.0,nan,mobile,1,0,0.0
7757,48.0,5.0,10.0,0.0,West,desktop,1,0,0.0
7758,33.0,3.0,9.0,9.0,nan,desktop,1,0,0.0
7759,49.0,5.0,8.0,11.0,West,mobile,1,0,0.0
7760,48.0,4.0,11.0,9.0,Midwest,desktop,0,1,24.38
7761,56.0,4.0,13.0,3.0,West,desktop,1,0,0.0
7762,38.0,1.0,12.0,10.0,Northeast,tablet,0,1,26.51
7763,34.0,3.0,6.0,7.0,Southeast,tablet,1,1,24.39
7764,63.0,4.0,2.0,11.0,Midwest,mobile,1,0,0.0
7765,36.0,3.0,4.0,9.0,Northeast,mobile,0,0,0.0
7766,49.0,2.0,14.0,4.0,West,mobile,0,0,0.0
7767,60.0,3.0,10.0,6.0,Southeast,desktop,1,0,0.0
7768,33.0,2.0,2.0,7.0,nan,tablet,0,0,0.0
7769,38.0,5.0,5.0,4.0,West,mobile,1,0,0.0
7770,26.0,1.0,11.0,6.0,Southeast,mobile,0,1,23.94
7771,29.0,2.0,13.0,8.0,Northeast,mobile,0,0,0.0
7772,53.0,1.0,8.0,3.0,Northeast,mobile,0,0,0.0
7773,27.0,2.0,13.0,2.0,Northeast,mobile,0,0,0.0
7774,35.0,2.0,7.0,6.0,Southeast,mobile,0,0,0.0
7775,27.0,5.0,11.0,9.0,Northeast,mobile,1,1,30.28
7776,30.0,4.0,13.0,11.0,Midwest,tablet,1,1,26.22
7777,56.0,1.0,8.0,10.0,Midwest,mobile,0,0,0.0
7778,32.0,3.0,11.0,11.0,West,mobile,1,0,0.0
7779,43.0,1.0,2.0,3.0,nan,mobile,0,0,0.0
7780,51.0,1.0,0.0,6.0,Northeast,mobile,0,0,0.0
7781,61.0,3.0,7.0,3.0,nan,mobile,0,0,0.0
7782,50.0,3.0,9.0,2.0,Midwest,mobile,1,0,0.0
7783,39.0,1.0,4.0,0.0,West,tablet,0,1,23.33
7784,26.0,5.0,7.0,10.0,Southeast,desktop,0,0,0.0
7785,40.0,5.0,6.0,4.0,Midwest,mobile,1,1,24.35
7786,50.0,5.0,6.0,10.0,Southeast,mobile,1,0,0.0
7787,22.0,5.0,11.0,3.0,Midwest,mobile,1,0,0.0
7788,48.0,3.0,0.0,6.0,Southeast,mobile,1,1,21.89
7789,22.0,2.0,3.0,4.0,Northeast,mobile,1,0,0.0
7790,56.0,3.0,13.0,5.0,Southeast,mobile,1,0,0.0
7791,63.0,1.0,13.0,7.0,West,tablet,0,0,0.0
7792,25.0,2.0,4.0,2.0,Southeast,desktop,1,0,0.0
7793,62.0,2.0,6.0,5.0,West,mobile,0,0,0.0
7794,33.0,3.0,14.0,3.0,Midwest,desktop,1,0,0.0
7795,25.0,5.0,6.0,11.0,nan,mobile,1,0,0.0
7796,56.0,4.0,12.0,0.0,Southeast,desktop,1,0,0.0
7797,35.0,4.0,1.0,10.0,nan,mobile,1,0,0.0
7798,40.0,3.0,12.0,5.0,Northeast,desktop,0,0,0.0
7799,64.0,1.0,7.0,11.0,Northeast,desktop,0,1,18.94
7800,61.0,5.0,8.0,1.0,Southeast,desktop,0,0,0.0
7801,45.0,1.0,4.0,4.0,nan,tablet,1,1,23.76
7802,51.0,4.0,12.0,6.0,West,desktop,1,0,0.0
7803,33.0,1.0,4.0,3.0,Southeast,mobile,0,0,0.0
7804,24.0,3.0,3.0,2.0,Northeast,desktop,0,1,22.76
7805,52.0,1.0,6.0,0.0,West,mobile,0,0,0.0
7806,41.0,5.0,8.0,10.0,nan,desktop,1,0,0.0
7807,61.0,3.0,0.0,7.0,Southeast,mobile,0,0,0.0
7808,34.0,5.0,8.0,1.0,Northeast,desktop,0,0,0.0
7809,31.0,3.0,4.0,10.0,nan,desktop,0,1,22.17
7810,54.0,2.0,6.0,5.0,Southeast,mobile,0,0,0.0
7811,44.0,2.0,3.0,11.0,Southeast,desktop,0,1,22.55
7812,28.0,4.0,8.0,1.0,nan,mobile,1,0,0.0
7813,49.0,4.0,1.0,3.0,West,desktop,0,0,0.0
7814,59.0,5.0,11.0,6.0,Northeast,mobile,1,0,0.0
7815,48.0,1.0,3.0,8.0,Midwest,mobile,0,0,0.0
7816,53.0,3.0,2.0,3.0,Midwest,mobile,0,0,0.0
7817,29.0,2.0,0.0,4.0,Southeast,mobile,1,0,0.0
7818,47.0,5.0,14.0,1.0,West,mobile,1,0,0.0
7819,51.0,2.0,10.0,10.0,Northeast,mobile,1,1,24.92
7820,46.0,1.0,7.0,7.0,Midwest,mobile,0,1,24.46
7821,62.0,2.0,4.0,10.0,Midwest,desktop,1,0,0.0
7822,62.0,5.0,10.0,6.0,West,mobile,1,1,29.32
7823,45.0,3.0,6.0,9.0,Northeast,desktop,0,0,0.0
7824,59.0,4.0,13.0,2.0,West,mobile,0,1,25.68
7825,25.0,3.0,11.0,3.0,Midwest,mobile,0,1,26.49
7826,61.0,1.0,14.0,11.0,nan,mobile,0,0,0.0
7827,28.0,5.0,13.0,2.0,Southeast,mobile,1,0,0.0
7828,57.0,1.0,8.0,9.0,nan,mobile,1,0,0.0
7829,41.0,2.0,0.0,10.0,Northeast,mobile,1,0,0.0
7830,37.0,4.0,14.0,7.0,nan,desktop,1,0,0.0
7831,58.0,5.0,3.0,8.0,West,desktop,1,0,0.0
7832,29.0,2.0,8.0,11.0,Midwest,tablet,0,0,0.0
7833,46.0,5.0,11.0,0.0,Northeast,desktop,1,0,0.0
7834,34.0,1.0,3.0,8.0,West,mobile,1,0,0.0
7835,33.0,3.0,11.0,10.0,Midwest,mobile,0,0,0.0
7836,63.0,2.0,8.0,5.0,West,mobile,0,1,17.33
7837,29.0,5.0,13.0,0.0,Midwest,tablet,1,1,30.6
7838,63.0,1.0,1.0,11.0,Southeast,tablet,0,0,0.0
7839,23.0,3.0,4.0,8.0,Northeast,desktop,1,0,0.0
7840,30.0,1.0,10.0,7.0,nan,mobile,0,0,0.0
7841,38.0,1.0,13.0,9.0,Southeast,mobile,1,0,0.0
7842,31.0,3.0,3.0,1.0,Midwest,tablet,0,0,0.0
7843,33.0,2.0,10.0,10.0,Midwest,desktop,0,0,0.0
7844,50.0,3.0,6.0,1.0,West,mobile,0,0,0.0
7845,24.0,2.0,13.0,0.0,Southeast,mobile,1,0,0.0
7846,45.0,3.0,5.0,1.0,West,mobile,1,1,27.13
7847,39.0,2.0,14.0,9.0,Northeast,mobile,1,0,0.0
7848,46.0,4.0,3.0,4.0,West,desktop,0,0,0.0
7849,36.0,5.0,14.0,10.0,nan,mobile,1,0,0.0
7850,61.0,1.0,10.0,0.0,nan,mobile,0,0,0.0
7851,36.0,3.0,3.0,2.0,Northeast,mobile,0,0,0.0
7852,45.0,5.0,4.0,6.0,Midwest,tablet,0,0,0.0
7853,40.0,5.0,1.0,5.0,nan,desktop,1,0,0.0
7854,46.0,5.0,14.0,5.0,West,tablet,0,1,28.34
7855,39.0,1.0,2.0,1.0,nan,mobile,0,0,0.0
7856,50.0,5.0,0.0,4.0,West,mobile,0,0,0.0
7857,30.0,1.0,8.0,0.0,nan,desktop,0,0,0.0
7858,43.0,2.0,6.0,5.0,Northeast,mobile,0,0,0.0
7859,58.0,3.0,10.0,2.0,Northeast,desktop,0,0,0.0
7860,47.0,5.0,6.0,5.0,West,desktop,1,0,0.0
7861,30.0,3.0,3.0,8.0,West,desktop,1,0,0.0
7862,54.0,4.0,8.0,11.0,Northeast,desktop,1,0,0.0
7863,35.0,3.0,12.0,6.0,West,mobile,0,0,0.0
7864,61.0,3.0,1.0,5.0,Southeast,mobile,0,0,0.0
7865,57.0,1.0,4.0,1.0,West,mobile,0,0,0.0
7866,62.0,5.0,12.0,11.0,Midwest,mobile,1,0,0.0
7867,57.0,1.0,13.0,10.0,West,desktop,1,1,26.64
7868,50.0,2.0,3.0,10.0,Midwest,desktop,0,0,0.0
7869,50.0,5.0,12.0,7.0,Northeast,desktop,1,0,0.0
7870,33.0,3.0,5.0,5.0,West,desktop,0,0,0.0
7871,37.0,2.0,10.0,0.0,nan,desktop,0,0,0.0
7872,59.0,2.0,8.0,0.0,West,mobile,1,0,0.0
7873,48.0,1.0,6.0,10.0,nan,desktop,0,0,0.0
7874,51.0,2.0,0.0,10.0,Northeast,desktop,0,0,0.0
7875,31.0,5.0,5.0,8.0,Midwest,desktop,0,0,0.0
7876,37.0,5.0,9.0,2.0,Southeast,desktop,1,1,29.49
7877,32.0,4.0,11.0,0.0,West,mobile,1,0,0.0
7878,48.0,4.0,3.0,0.0,Southeast,mobile,1,0,0.0
7879,44.0,2.0,2.0,10.0,Northeast,desktop,0,0,0.0
7880,40.0,4.0,11.0,10.0,Midwest,mobile,1,0,0.0
7881,55.0,5.0,3.0,7.0,Midwest,mobile,1,1,23.16
7882,57.0,2.0,4.0,7.0,West,tablet,0,0,0.0
7883,61.0,3.0,6.0,9.0,West,tablet,0,0,0.0
7884,36.0,5.0,9.0,2.0,nan,mobile,1,0,0.0
7885,42.0,1.0,4.0,10.0,West,mobile,0,0,0.0
7886,40.0,3.0,7.0,3.0,Southeast,desktop,0,1,23.09
7887,62.0,4.0,14.0,2.0,nan,desktop,1,0,0.0
7888,56.0,2.0,13.0,8.0,West,mobile,1,0,0.0
7889,61.0,1.0,6.0,10.0,nan,desktop,1,0,0.0
7890,30.0,1.0,5.0,1.0,Midwest,mobile,1,0,0.0
7891,45.0,5.0,5.0,3.0,Northeast,mobile,0,0,0.0
7892,46.0,2.0,7.0,8.0,West,mobile,0,0,0.0
7893,40.0,5.0,5.0,8.0,Northeast,tablet,1,1,25.05
7894,41.0,4.0,8.0,5.0,nan,mobile,1,1,24.52
7895,58.0,4.0,8.0,6.0,West,mobile,0,0,0.0
7896,37.0,2.0,1.0,10.0,Midwest,mobile,0,0,0.0
7897,41.0,3.0,8.0,3.0,Northeast,mobile,1,0,0.0
7898,26.0,2.0,8.0,7.0,Southeast,mobile,1,1,27.05
7899,49.0,2.0,13.0,3.0,Southeast,mobile,1,1,30.83
7900,22.0,2.0,7.0,11.0,Northeast,mobile,1,1,27.63
7901,54.0,2.0,6.0,0.0,Northeast,desktop,0,0,0.0
7902,48.0,2.0,2.0,10.0,West,mobile,0,0,0.0
7903,63.0,2.0,1.0,5.0,Northeast,tablet,0,0,0.0
7904,46.0,3.0,9.0,4.0,Midwest,desktop,0,0,0.0
7905,52.0,3.0,6.0,2.0,Midwest,desktop,1,0,0.0
7906,62.0,5.0,7.0,5.0,Southeast,mobile,0,0,0.0
7907,31.0,1.0,4.0,10.0,nan,mobile,1,0,0.0
7908,34.0,5.0,2.0,11.0,Midwest,tablet,1,0,0.0
7909,44.0,5.0,14.0,3.0,West,desktop,1,0,0.0
7910,23.0,5.0,9.0,1.0,Southeast,mobile,1,0,0.0
7911,32.0,5.0,8.0,0.0,Northeast,mobile,1,0,0.0
7912,41.0,4.0,7.0,5.0,Northeast,mobile,1,0,0.0
7913,32.0,3.0,0.0,11.0,Southeast,desktop,1,0,0.0
7914,23.0,5.0,13.0,6.0,Southeast,tablet,1,1,29.52
7915,54.0,5.0,9.0,2.0,Northeast,desktop,1,0,0.0
7916,33.0,2.0,8.0,4.0,Southeast,tablet,1,0,0.0
7917,22.0,2.0,14.0,5.0,Northeast,desktop,0,0,0.0
7918,50.0,1.0,3.0,1.0,nan,desktop,0,0,0.0
7919,31.0,4.0,3.0,11.0,Southeast,mobile,1,1,25.96
7920,41.0,5.0,11.0,2.0,West,mobile,1,1,31.86
7921,54.0,5.0,13.0,1.0,nan,mobile,1,0,0.0
7922,36.0,5.0,6.0,5.0,nan,mobile,1,0,0.0
7923,47.0,5.0,2.0,6.0,Midwest,desktop,1,0,0.0
7924,56.0,2.0,12.0,10.0,Southeast,mobile,0,1,22.19
7925,53.0,5.0,2.0,1.0,nan,mobile,1,0,0.0
7926,36.0,2.0,6.0,6.0,nan,mobile,0,0,0.0
7927,39.0,3.0,6.0,7.0,West,mobile,0,0,0.0
7928,28.0,2.0,3.0,3.0,Midwest,mobile,0,1,23.1
7929,28.0,2.0,14.0,2.0,Northeast,mobile,1,0,0.0
7930,34.0,3.0,7.0,2.0,West,desktop,1,0,0.0
7931,62.0,4.0,9.0,5.0,Southeast,tablet,1,0,0.0
7932,62.0,5.0,1.0,7.0,Northeast,mobile,0,1,18.87
7933,58.0,3.0,12.0,5.0,Midwest,tablet,1,0,0.0
7934,32.0,2.0,5.0,2.0,Southeast,mobile,0,0,0.0
7935,47.0,4.0,1.0,3.0,Midwest,mobile,0,0,0.0
7936,37.0,3.0,8.0,0.0,Southeast,desktop,0,0,0.0
7937,33.0,2.0,8.0,4.0,Northeast,tablet,0,0,0.0
7938,29.0,1.0,9.0,0.0,Midwest,desktop,0,0,0.0
7939,63.0,3.0,11.0,9.0,Southeast,mobile,0,0,0.0
7940,49.0,4.0,5.0,8.0,Midwest,mobile,1,0,0.0
7941,52.0,3.0,4.0,7.0,Midwest,tablet,0,0,0.0
7942,33.0,4.0,2.0,10.0,Midwest,mobile,1,0,0.0
7943,64.0,4.0,14.0,7.0,nan,mobile,1,0,0.0
7944,31.0,1.0,4.0,6.0,West,desktop,0,0,0.0
7945,29.0,5.0,14.0,6.0,West,mobile,0,0,0.0
7946,47.0,2.0,7.0,3.0,West,mobile,1,0,0.0
7947,62.0,2.0,14.0,5.0,nan,tablet,1,0,0.0
7948,54.0,2.0,8.0,2.0,West,desktop,0,0,0.0
7949,62.0,4.0,14.0,5.0,Northeast,mobile,1,0,0.0
7950,47.0,4.0,12.0,3.0,Midwest,mobile,0,0,0.0
7951,32.0,1.0,0.0,2.0,Midwest,mobile,0,0,0.0
7952,43.0,1.0,0.0,3.0,nan,tablet,0,0,0.0
7953,43.0,4.0,2.0,1.0,Midwest,desktop,0,0,0.0
7954,63.0,3.0,8.0,7.0,Southeast,desktop,0,0,0.0
7955,34.0,2.0,2.0,1.0,Midwest,tablet,0,0,0.0
7956,34.0,2.0,2.0,11.0,Midwest,mobile,1,0,0.0
7957,39.0,4.0,3.0,6.0,Midwest,mobile,1,0,0.0
7958,42.0,5.0,13.0,2.0,Southeast,tablet,1,0,0.0
7959,47.0,5.0,4.0,11.0,Southeast,mobile,1,0,0.0
7960,30.0,5.0,10.0,4.0,nan,mobile,1,0,0.0
7961,56.0,1.0,5.0,6.0,Midwest,mobile,0,0,0.0
7962,43.0,3.0,4.0,7.0,West,tablet,0,0,0.0
7963,42.0,2.0,2.0,11.0,nan,desktop,1,1,28.6
7964,42.0,2.0,8.0,5.0,West,desktop,0,0,0.0
7965,61.0,5.0,8.0,9.0,Southeast,mobile,0,0,0.0
7966,55.0,2.0,12.0,1.0,Northeast,mobile,1,0,0.0
7967,46.0,4.0,12.0,1.0,West,mobile,1,1,23.76
7968,41.0,1.0,2.0,1.0,West,mobile,0,0,0.0
7969,31.0,4.0,8.0,11.0,Southeast,desktop,0,0,0.0
7970,28.0,2.0,4.0,6.0,West,mobile,0,0,0.0
7971,62.0,1.0,9.0,5.0,Midwest,tablet,0,0,0.0
7972,62.0,1.0,7.0,7.0,West,desktop,0,0,0.0
7973,33.0,2.0,5.0,4.0,Midwest,mobile,0,0,0.0
7974,33.0,4.0,3.0,7.0,West,mobile,0,0,0.0
7975,58.0,5.0,7.0,6.0,Southeast,mobile,1,1,29.4
7976,32.0,5.0,2.0,9.0,Southeast,mobile,1,0,0.0
7977,51.0,5.0,7.0,7.0,West,desktop,1,1,27.41
7978,60.0,1.0,2.0,2.0,Southeast,desktop,0,0,0.0
7979,61.0,4.0,2.0,3.0,Midwest,mobile,0,0,0.0
7980,50.0,5.0,4.0,5.0,Southeast,tablet,1,1,25.03
7981,26.0,4.0,11.0,11.0,West,mobile,0,0,0.0
7982,60.0,3.0,11.0,5.0,West,desktop,0,0,0.0
7983,30.0,5.0,14.0,5.0,Northeast,mobile,1,1,32.73
7984,34.0,1.0,14.0,2.0,West,mobile,0,0,0.0
7985,29.0,1.0,3.0,0.0,Southeast,tablet,0,1,18.24
7986,24.0,1.0,3.0,8.0,Southeast,desktop,0,0,0.0
7987,30.0,4.0,14.0,11.0,Northeast,mobile,0,0,0.0
7988,40.0,1.0,12.0,3.0,Southeast,mobile,1,0,0.0
7989,22.0,1.0,9.0,2.0,Southeast,tablet,0,0,0.0
7990,32.0,3.0,6.0,7.0,Southeast,desktop,1,1,25.39
7991,28.0,3.0,3.0,11.0,Northeast,desktop,1,0,0.0
7992,53.0,2.0,1.0,5.0,West,desktop,0,0,0.0
7993,51.0,5.0,13.0,11.0,West,mobile,1,0,0.0
7994,31.0,3.0,8.0,2.0,Midwest,desktop,1,0,0.0
7995,59.0,4.0,0.0,11.0,Northeast,tablet,0,0,0.0
7996,25.0,4.0,5.0,2.0,Midwest,mobile,0,1,21.62
7997,28.0,4.0,11.0,0.0,West,tablet,0,0,0.0
7998,42.0,3.0,4.0,5.0,West,tablet,1,0,0.0
7999,61.0,3.0,13.0,2.0,West,mobile,1,0,0.0
8000,34.0,1.0,5.0,2.0,Northeast,tablet,1,0,0.0
