respondent_id,task_id,alternative,meals_per_week,cuisine_variety,dietary_options,live_cooking_class,servings,price_per_week,chosen
1,1,A,2,premium,yes,no,2,110,0
1,1,B,2,premium,no,no,2,110,0
1,1,C,6,premium,yes,yes,2,30,1
1,2,A,6,premium,no,yes,2,65,1
1,2,B,4,standard,no,yes,4,30,0
1,2,C,6,premium,no,yes,1,85,0
1,3,A,6,premium,yes,no,2,65,0
1,3,B,4,standard,yes,no,4,85,0
1,3,C,6,premium,no,yes,2,45,1
1,4,A,4,standard,yes,no,1,45,1
1,4,B,4,premium,yes,no,1,110,0
1,4,C,4,premium,no,no,4,110,0
1,5,A,2,premium,yes,no,4,30,0
1,5,B,6,standard,yes,yes,4,85,0
1,5,C,4,premium,no,yes,2,65,1
1,6,A,4,premium,yes,no,4,65,0
1,6,B,2,premium,yes,yes,2,65,0
1,6,C,2,premium,yes,no,2,30,1
1,7,A,6,premium,no,no,4,30,1
1,7,B,6,standard,yes,no,2,85,0
1,7,C,2,premium,yes,yes,4,85,0
1,8,A,4,standard,no,no,4,85,0
1,8,B,6,standard,yes,no,4,65,1
1,8,C,6,standard,no,yes,2,65,0
2,1,A,4,standard,yes,no,2,30,1
2,1,B,4,premium,no,yes,2,85,0
2,1,C,4,standard,yes,yes,1,85,0
2,2,A,2,standard,no,yes,1,65,0
2,2,B,6,standard,yes,no,4,65,1
2,2,C,4,standard,no,yes,1,85,0
2,3,A,2,premium,no,yes,2,30,0
2,3,B,6,standard,yes,no,1,65,1
2,3,C,2,standard,yes,no,4,30,0
2,4,A,6,premium,no,no,2,65,1
2,4,B,2,standard,no,yes,2,65,0
2,4,C,4,premium,no,no,1,65,0
2,5,A,4,standard,yes,no,4,45,0
2,5,B,4,premium,yes,no,1,30,1
2,5,C,4,premium,no,yes,2,30,0
2,6,A,2,standard,no,yes,4,85,1
2,6,B,6,premium,no,no,2,110,0
2,6,C,6,standard,no,no,1,65,0
2,7,A,6,standard,no,yes,2,45,0
2,7,B,4,premium,yes,no,4,110,0
2,7,C,2,standard,yes,no,1,65,1
2,8,A,6,premium,no,yes,1,65,1
2,8,B,4,standard,no,yes,2,85,0
2,8,C,4,standard,yes,no,4,85,0
3,1,A,2,standard,no,yes,4,30,0
3,1,B,6,standard,no,yes,4,110,0
3,1,C,2,standard,no,no,4,85,1
3,2,A,6,standard,no,no,1,30,0
3,2,B,2,premium,yes,no,1,65,0
3,2,C,6,premium,yes,yes,2,30,1
3,3,A,6,standard,no,no,2,110,0
3,3,B,2,standard,yes,no,1,65,1
3,3,C,4,premium,no,yes,2,45,0
3,4,A,2,premium,yes,no,4,30,0
3,4,B,6,standard,no,yes,1,65,1
3,4,C,2,premium,yes,yes,2,65,0
3,5,A,2,premium,no,yes,2,45,1
3,5,B,4,premium,yes,yes,4,110,0
3,5,C,6,premium,no,no,1,45,0
3,6,A,2,standard,yes,no,1,45,0
3,6,B,6,premium,yes,yes,4,30,1
3,6,C,6,standard,no,yes,2,30,0
3,7,A,6,premium,yes,no,1,45,0
3,7,B,4,standard,no,no,2,30,0
3,7,C,6,standard,no,no,4,30,1
3,8,A,6,standard,yes,yes,4,110,0
3,8,B,6,premium,yes,no,2,30,1
3,8,C,6,standard,no,no,2,65,0
4,1,A,6,premium,yes,no,1,110,0
4,1,B,2,standard,no,yes,4,30,1
4,1,C,6,premium,yes,yes,1,110,0
4,2,A,4,premium,yes,no,4,65,1
4,2,B,2,premium,yes,yes,4,65,0
4,2,C,6,standard,yes,yes,1,45,0
4,3,A,4,standard,no,no,2,45,1
4,3,B,6,standard,no,no,1,85,0
4,3,C,2,standard,yes,yes,4,110,0
4,4,A,6,premium,no,yes,1,110,0
4,4,B,4,premium,yes,yes,1,45,1
4,4,C,2,premium,no,no,2,85,0
4,5,A,4,standard,yes,yes,2,30,1
4,5,B,4,premium,yes,no,4,110,0
4,5,C,2,premium,no,yes,2,85,0
4,6,A,6,premium,no,no,2,85,0
4,6,B,2,standard,no,yes,1,65,0
4,6,C,4,standard,yes,yes,4,85,1
4,7,A,2,premium,yes,no,4,30,0
4,7,B,6,standard,no,yes,4,65,0
4,7,C,6,premium,no,yes,4,45,1
4,8,A,6,standard,yes,no,1,30,1
4,8,B,6,standard,no,yes,2,65,0
4,8,C,6,standard,no,yes,1,65,0
5,1,A,2,standard,yes,yes,1,85,0
5,1,B,6,premium,no,no,1,110,1
5,1,C,6,premium,no,no,2,65,0
5,2,A,6,premium,no,no,4,65,1
5,2,B,2,standard,no,no,2,110,0
5,2,C,6,premium,yes,no,2,110,0
5,3,A,2,standard,yes,yes,1,85,0
5,3,B,2,premium,yes,no,4,110,1
5,3,C,6,standard,no,no,2,30,0
5,4,A,2,premium,yes,no,1,30,1
5,4,B,2,standard,yes,yes,4,110,0
5,4,C,6,standard,no,yes,1,30,0
5,5,A,6,premium,yes,yes,2,30,1
5,5,B,4,standard,no,no,4,65,0
5,5,C,4,premium,yes,yes,1,110,0
5,6,A,2,standard,no,yes,2,110,0
5,6,B,6,premium,yes,no,1,85,1
5,6,C,2,standard,no,yes,2,85,0
5,7,A,4,premium,yes,no,2,85,0
5,7,B,2,premium,yes,yes,2,30,1
5,7,C,2,premium,yes,no,2,65,0
5,8,A,2,standard,no,yes,4,65,0
5,8,B,6,standard,no,no,4,30,1
5,8,C,6,standard,no,no,2,65,0
6,1,A,2,standard,yes,no,4,65,1
6,1,B,4,standard,yes,no,1,65,0
6,1,C,4,standard,no,no,1,65,0
6,2,A,4,premium,yes,no,1,85,0
6,2,B,4,premium,no,no,2,85,0
6,2,C,4,standard,yes,yes,4,85,1
6,3,A,6,premium,no,yes,1,45,0
6,3,B,4,premium,no,no,1,30,0
6,3,C,2,standard,yes,yes,4,30,1
6,4,A,6,standard,no,yes,4,30,1
6,4,B,4,premium,yes,yes,2,45,0
6,4,C,6,standard,no,yes,4,30,0
6,5,A,4,premium,no,no,4,85,0
6,5,B,2,premium,yes,no,4,85,1
6,5,C,4,standard,yes,no,4,65,0
6,6,A,6,premium,yes,yes,1,110,0
6,6,B,6,premium,yes,no,2,65,1
6,6,C,6,standard,no,no,4,85,0
6,7,A,2,standard,no,yes,4,30,1
6,7,B,4,standard,no,no,1,65,0
6,7,C,6,premium,yes,no,1,30,0
6,8,A,4,premium,no,yes,4,85,0
6,8,B,4,standard,yes,no,4,65,0
6,8,C,6,standard,yes,yes,1,65,1
7,1,A,4,premium,no,yes,1,110,0
7,1,B,4,standard,yes,no,4,65,1
7,1,C,4,standard,no,no,4,110,0
7,2,A,2,standard,no,no,2,110,0
7,2,B,6,standard,no,no,1,65,0
7,2,C,4,standard,no,no,1,85,1
7,3,A,6,standard,yes,yes,2,110,0
7,3,B,4,premium,no,yes,2,85,1
7,3,C,4,premium,no,no,2,85,0
7,4,A,4,premium,no,yes,1,45,1
7,4,B,6,premium,yes,yes,2,45,0
7,4,C,2,standard,no,no,2,85,0
7,5,A,2,premium,no,no,1,85,0
7,5,B,4,standard,no,yes,2,110,0
7,5,C,2,premium,no,yes,1,30,1
7,6,A,6,premium,yes,yes,2,85,0
7,6,B,2,premium,yes,yes,2,110,1
7,6,C,4,standard,yes,no,1,85,0
7,7,A,2,premium,yes,no,4,65,0
7,7,B,6,premium,yes,yes,1,45,1
7,7,C,4,premium,yes,no,4,110,0
7,8,A,2,standard,yes,yes,4,30,1
7,8,B,6,standard,yes,no,2,85,0
7,8,C,4,premium,yes,yes,2,45,0
8,1,A,2,premium,yes,yes,4,65,0
8,1,B,2,standard,no,yes,1,65,1
8,1,C,4,standard,no,no,1,30,0
8,2,A,6,premium,yes,no,2,65,1
8,2,B,6,premium,yes,yes,2,65,0
8,2,C,6,standard,no,yes,2,45,0
8,3,A,6,premium,no,yes,2,85,0
8,3,B,2,standard,yes,no,1,45,1
8,3,C,2,standard,no,yes,1,45,0
8,4,A,4,standard,yes,no,4,110,1
8,4,B,4,premium,no,yes,4,110,0
8,4,C,2,premium,no,no,1,65,0
8,5,A,6,premium,yes,no,1,30,0
8,5,B,6,premium,yes,no,1,30,1
8,5,C,2,standard,yes,no,4,65,0
8,6,A,6,standard,yes,no,4,30,0
8,6,B,6,premium,no,no,4,45,0
8,6,C,4,standard,no,no,1,30,1
8,7,A,2,premium,no,no,1,45,0
8,7,B,4,standard,yes,yes,2,110,0
8,7,C,4,standard,no,no,2,45,1
8,8,A,6,standard,no,yes,2,30,1
8,8,B,4,standard,yes,yes,1,30,0
8,8,C,4,standard,no,no,1,110,0
9,1,A,2,standard,yes,yes,2,45,1
9,1,B,2,premium,no,yes,4,110,0
9,1,C,4,standard,no,yes,2,85,0
9,2,A,2,standard,no,yes,2,65,0
9,2,B,6,premium,yes,yes,1,45,1
9,2,C,6,premium,no,no,2,85,0
9,3,A,4,standard,yes,no,4,30,1
9,3,B,6,standard,no,no,4,30,0
9,3,C,4,premium,yes,yes,1,85,0
9,4,A,2,standard,yes,no,4,85,0
9,4,B,2,standard,yes,yes,1,110,1
9,4,C,2,standard,yes,no,2,110,0
9,5,A,2,premium,no,yes,1,85,1
9,5,B,2,standard,yes,no,2,65,0
9,5,C,2,standard,no,yes,4,110,0
9,6,A,6,premium,yes,no,2,85,0
9,6,B,2,premium,yes,no,4,85,0
9,6,C,4,premium,yes,yes,1,85,1
9,7,A,6,standard,no,yes,2,65,0
9,7,B,4,standard,yes,no,4,110,0
9,7,C,4,standard,no,yes,2,30,1
9,8,A,6,premium,yes,yes,1,45,1
9,8,B,4,standard,yes,yes,2,110,0
9,8,C,4,standard,no,yes,1,85,0
10,1,A,4,standard,yes,yes,4,110,0
10,1,B,6,premium,yes,no,1,45,1
10,1,C,4,premium,no,no,1,110,0
10,2,A,4,standard,yes,no,2,85,0
10,2,B,4,premium,no,no,1,85,0
10,2,C,4,premium,yes,no,1,30,1
10,3,A,2,standard,no,yes,1,45,0
10,3,B,2,premium,yes,no,1,30,1
10,3,C,4,premium,yes,yes,2,45,0
10,4,A,2,standard,no,no,1,30,1
10,4,B,2,standard,no,yes,1,85,0
10,4,C,6,standard,yes,no,1,45,0
10,5,A,6,premium,no,yes,2,110,0
10,5,B,4,premium,yes,no,2,30,1
10,5,C,6,standard,no,yes,2,30,0
10,6,A,4,standard,no,no,2,30,0
10,6,B,2,premium,no,yes,2,85,0
10,6,C,6,standard,yes,no,4,65,1
10,7,A,4,premium,no,no,1,110,0
10,7,B,6,standard,no,no,1,110,0
10,7,C,4,standard,yes,no,1,65,1
10,8,A,4,premium,yes,no,2,65,0
10,8,B,6,standard,no,no,1,30,1
10,8,C,2,premium,no,yes,1,85,0
11,1,A,4,premium,yes,no,2,30,1
11,1,B,4,standard,no,yes,1,65,0
11,1,C,6,premium,no,no,2,65,0
11,2,A,4,standard,no,yes,1,45,1
11,2,B,6,premium,no,no,4,65,0
11,2,C,4,premium,yes,no,4,110,0
11,3,A,6,standard,yes,yes,4,45,1
11,3,B,4,standard,yes,no,1,85,0
11,3,C,4,premium,no,yes,2,85,0
11,4,A,2,premium,yes,no,2,110,0
11,4,B,2,standard,yes,no,2,65,0
11,4,C,6,standard,no,no,4,85,1
11,5,A,4,premium,yes,no,1,85,0
11,5,B,4,premium,no,no,2,110,1
11,5,C,4,standard,yes,no,1,85,0
11,6,A,2,premium,yes,yes,1,110,0
11,6,B,4,premium,yes,yes,1,45,1
11,6,C,4,premium,yes,no,4,85,0
11,7,A,4,premium,yes,yes,1,65,1
11,7,B,2,premium,no,no,4,65,0
11,7,C,4,standard,no,no,4,30,0
11,8,A,2,standard,yes,no,4,30,1
11,8,B,2,premium,yes,yes,4,45,0
11,8,C,6,premium,no,no,4,45,0
12,1,A,6,premium,yes,no,4,65,0
12,1,B,4,premium,yes,yes,2,85,1
12,1,C,6,standard,no,yes,1,45,0
12,2,A,4,standard,yes,no,4,110,0
12,2,B,6,premium,no,no,1,110,0
12,2,C,6,premium,no,no,4,65,1
12,3,A,6,standard,no,yes,4,110,0
12,3,B,2,premium,yes,yes,1,85,1
12,3,C,6,premium,no,yes,1,65,0
12,4,A,4,standard,no,no,2,65,0
12,4,B,4,standard,no,no,2,110,0
12,4,C,2,premium,yes,no,2,30,1
12,5,A,2,standard,yes,yes,2,30,0
12,5,B,2,standard,no,yes,1,30,0
12,5,C,6,standard,no,no,2,85,1
12,6,A,6,standard,yes,yes,1,45,0
12,6,B,4,premium,no,yes,2,30,1
12,6,C,6,premium,yes,no,1,65,0
12,7,A,6,premium,no,yes,1,110,0
12,7,B,2,premium,no,no,4,85,1
12,7,C,2,premium,no,no,1,65,0
12,8,A,6,standard,no,yes,4,110,0
12,8,B,6,premium,yes,no,2,45,1
12,8,C,2,premium,yes,yes,1,65,0
13,1,A,6,standard,no,no,1,65,0
13,1,B,2,standard,yes,no,1,30,0
13,1,C,2,standard,yes,yes,1,30,1
13,2,A,2,standard,no,yes,1,110,0
13,2,B,4,premium,no,yes,1,30,1
13,2,C,4,standard,yes,yes,2,45,0
13,3,A,6,standard,no,no,2,45,0
13,3,B,4,standard,yes,yes,4,30,1
13,3,C,6,standard,no,no,1,30,0
13,4,A,6,standard,yes,yes,1,65,1
13,4,B,6,standard,no,yes,4,110,0
13,4,C,6,premium,no,no,2,45,0
13,5,A,2,premium,yes,yes,2,110,0
13,5,B,4,premium,no,no,2,30,1
13,5,C,6,premium,no,no,2,45,0
13,6,A,4,premium,no,no,4,45,1
13,6,B,2,premium,no,no,2,65,0
13,6,C,4,premium,yes,no,2,30,0
13,7,A,6,standard,yes,yes,1,65,0
13,7,B,6,standard,yes,yes,2,30,1
13,7,C,4,standard,no,yes,2,30,0
13,8,A,4,standard,no,no,2,30,1
13,8,B,2,standard,yes,yes,1,45,0
13,8,C,4,standard,no,no,2,45,0
14,1,A,6,premium,no,yes,4,30,1
14,1,B,6,standard,no,no,2,85,0
14,1,C,4,standard,no,yes,4,85,0
14,2,A,4,standard,no,no,1,45,0
14,2,B,4,premium,no,yes,4,110,0
14,2,C,6,standard,yes,yes,1,65,1
14,3,A,6,standard,yes,yes,2,30,1
14,3,B,4,standard,no,no,4,30,0
14,3,C,6,premium,no,yes,2,45,0
14,4,A,4,premium,yes,yes,4,45,1
14,4,B,6,standard,no,no,4,65,0
14,4,C,4,standard,no,yes,2,65,0
14,5,A,4,standard,no,no,2,85,0
14,5,B,6,standard,yes,no,4,65,1
14,5,C,6,premium,yes,no,2,110,0
14,6,A,6,standard,yes,yes,4,45,1
14,6,B,2,premium,yes,yes,4,30,0
14,6,C,4,standard,yes,yes,4,65,0
14,7,A,2,standard,no,no,2,30,1
14,7,B,4,premium,yes,no,4,110,0
14,7,C,6,standard,yes,yes,1,45,0
14,8,A,2,premium,no,yes,1,110,0
14,8,B,6,premium,yes,no,4,65,0
14,8,C,6,premium,yes,no,1,30,1
15,1,A,4,premium,yes,yes,4,65,0
15,1,B,6,standard,no,no,1,30,0
15,1,C,6,premium,no,yes,1,45,1
15,2,A,6,premium,yes,no,2,85,0
15,2,B,4,standard,yes,yes,1,45,1
15,2,C,6,premium,no,no,2,65,0
15,3,A,4,standard,no,no,1,30,1
15,3,B,4,premium,no,no,1,110,0
15,3,C,4,premium,no,no,2,85,0
15,4,A,2,standard,no,no,1,65,1
15,4,B,4,premium,no,yes,2,30,0
15,4,C,2,premium,yes,no,2,110,0
15,5,A,6,standard,no,no,1,110,0
15,5,B,6,standard,yes,yes,1,110,0
15,5,C,6,premium,yes,no,4,65,1
15,6,A,6,standard,yes,no,1,110,0
15,6,B,2,standard,yes,yes,1,85,1
15,6,C,4,premium,no,yes,2,110,0
15,7,A,2,premium,no,yes,4,110,0
15,7,B,2,premium,no,yes,4,65,0
15,7,C,4,standard,yes,no,1,45,1
15,8,A,4,premium,yes,no,1,110,0
15,8,B,6,premium,no,no,1,30,1
15,8,C,6,standard,no,yes,4,45,0
16,1,A,2,standard,yes,no,2,30,1
16,1,B,6,standard,no,no,1,65,0
16,1,C,4,premium,no,yes,2,85,0
16,2,A,4,premium,yes,yes,1,45,1
16,2,B,2,standard,no,no,2,65,0
16,2,C,4,premium,yes,no,1,85,0
16,3,A,2,premium,no,yes,1,65,0
16,3,B,6,standard,yes,yes,4,30,1
16,3,C,6,premium,yes,no,4,30,0
16,4,A,6,standard,no,yes,1,65,1
16,4,B,4,standard,yes,no,4,30,0
16,4,C,6,premium,no,no,4,85,0
16,5,A,4,premium,no,no,4,30,0
16,5,B,6,premium,yes,yes,4,85,1
16,5,C,6,standard,no,yes,1,110,0
16,6,A,6,premium,yes,yes,4,45,0
16,6,B,4,standard,yes,yes,2,65,1
16,6,C,2,premium,no,no,2,45,0
16,7,A,4,premium,no,yes,1,110,0
16,7,B,6,standard,yes,no,1,110,0
16,7,C,6,standard,no,no,2,45,1
16,8,A,2,premium,yes,no,4,45,0
16,8,B,6,standard,yes,no,2,45,1
16,8,C,2,standard,no,no,4,65,0
17,1,A,2,premium,yes,yes,1,110,0
17,1,B,2,standard,no,yes,1,45,1
17,1,C,4,standard,no,no,1,65,0
17,2,A,2,standard,no,no,2,30,1
17,2,B,2,standard,yes,no,4,45,0
17,2,C,6,standard,yes,yes,1,110,0
17,3,A,4,premium,no,yes,2,110,0
17,3,B,6,premium,yes,yes,2,65,1
17,3,C,6,standard,yes,no,2,65,0
17,4,A,6,premium,yes,yes,4,30,1
17,4,B,6,standard,no,yes,1,110,0
17,4,C,6,premium,yes,yes,1,110,0
17,5,A,6,premium,yes,yes,2,45,1
17,5,B,6,premium,yes,no,1,30,0
17,5,C,2,standard,yes,no,2,110,0
17,6,A,6,standard,yes,no,1,110,0
17,6,B,6,standard,yes,yes,4,30,0
17,6,C,2,premium,yes,yes,2,45,1
17,7,A,2,standard,yes,no,4,45,0
17,7,B,6,premium,yes,yes,2,45,0
17,7,C,6,premium,yes,no,4,30,1
17,8,A,2,standard,yes,yes,4,110,0
17,8,B,6,standard,no,no,2,85,0
17,8,C,2,standard,no,no,1,30,1
18,1,A,4,premium,yes,yes,1,110,1
18,1,B,2,standard,yes,no,1,110,0
18,1,C,2,standard,yes,yes,1,85,0
18,2,A,2,standard,no,no,1,45,1
18,2,B,2,premium,no,yes,2,110,0
18,2,C,4,standard,yes,no,1,45,0
18,3,A,6,standard,no,yes,2,45,1
18,3,B,2,standard,no,no,4,85,0
18,3,C,4,premium,no,no,2,110,0
18,4,A,4,standard,yes,yes,2,45,1
18,4,B,2,premium,yes,yes,2,30,0
18,4,C,2,premium,no,yes,1,85,0
18,5,A,6,premium,no,yes,1,85,1
18,5,B,4,standard,no,no,4,45,0
18,5,C,2,premium,yes,yes,2,65,0
18,6,A,6,standard,yes,yes,1,85,0
18,6,B,2,premium,yes,no,2,85,1
18,6,C,4,premium,no,yes,4,110,0
18,7,A,4,standard,no,yes,1,30,0
18,7,B,4,standard,yes,yes,1,45,1
18,7,C,4,premium,yes,no,2,110,0
18,8,A,2,standard,no,yes,1,85,0
18,8,B,6,premium,yes,no,2,45,1
18,8,C,6,premium,no,yes,2,65,0
19,1,A,6,standard,yes,no,2,110,0
19,1,B,6,standard,no,yes,2,45,1
19,1,C,4,premium,no,yes,4,110,0
19,2,A,6,standard,yes,no,2,30,0
19,2,B,4,premium,no,yes,1,85,0
19,2,C,4,premium,yes,yes,1,65,1
19,3,A,2,premium,yes,yes,1,45,0
19,3,B,6,premium,no,no,1,110,0
19,3,C,2,premium,yes,yes,4,45,1
19,4,A,2,standard,no,no,1,110,0
19,4,B,2,standard,no,no,2,110,0
19,4,C,6,premium,no,yes,1,85,1
19,5,A,6,premium,no,no,4,45,0
19,5,B,2,standard,no,no,2,85,0
19,5,C,6,standard,no,no,4,45,1
19,6,A,4,premium,yes,no,4,85,1
19,6,B,2,standard,yes,no,2,85,0
19,6,C,4,premium,no,no,4,65,0
19,7,A,4,premium,no,yes,4,30,1
19,7,B,2,premium,yes,yes,2,85,0
19,7,C,4,standard,yes,no,1,65,0
19,8,A,6,premium,yes,no,4,110,0
19,8,B,4,premium,no,yes,4,65,1
19,8,C,4,standard,no,yes,4,110,0
20,1,A,6,premium,no,no,2,65,0
20,1,B,6,standard,yes,yes,2,65,0
20,1,C,4,standard,yes,yes,2,65,1
20,2,A,4,standard,yes,no,2,85,0
20,2,B,4,premium,yes,no,1,65,0
20,2,C,6,standard,no,yes,4,30,1
20,3,A,2,standard,no,yes,1,45,0
20,3,B,2,premium,yes,yes,1,85,0
20,3,C,4,premium,no,yes,4,45,1
20,4,A,4,premium,yes,yes,1,110,0
20,4,B,2,premium,no,yes,4,110,0
20,4,C,4,premium,no,no,2,65,1
20,5,A,2,premium,no,yes,4,110,0
20,5,B,4,premium,yes,no,1,45,1
20,5,C,4,premium,no,yes,1,65,0
20,6,A,6,standard,no,no,2,30,1
20,6,B,4,standard,yes,yes,4,65,0
20,6,C,2,standard,no,yes,4,65,0
20,7,A,2,premium,yes,no,4,30,0
20,7,B,2,standard,yes,yes,4,30,1
20,7,C,2,premium,no,no,2,85,0
20,8,A,4,premium,yes,yes,1,30,1
20,8,B,4,standard,yes,yes,2,65,0
20,8,C,6,standard,yes,no,4,85,0
21,1,A,6,standard,yes,no,4,65,0
21,1,B,6,standard,yes,no,4,30,1
21,1,C,2,standard,no,yes,2,30,0
21,2,A,4,premium,yes,yes,1,85,0
21,2,B,2,standard,yes,no,2,85,0
21,2,C,6,standard,no,no,4,45,1
21,3,A,2,premium,yes,yes,2,45,1
21,3,B,4,premium,yes,no,1,110,0
21,3,C,4,premium,yes,no,4,85,0
21,4,A,2,premium,yes,no,1,110,1
21,4,B,2,premium,yes,yes,2,65,0
21,4,C,4,premium,yes,no,2,85,0
21,5,A,4,standard,yes,yes,2,45,0
21,5,B,6,premium,no,yes,1,45,0
21,5,C,6,standard,no,no,4,65,1
21,6,A,6,premium,yes,no,1,110,0
21,6,B,6,standard,yes,yes,2,110,1
21,6,C,2,standard,no,yes,2,110,0
21,7,A,6,standard,no,no,2,65,1
21,7,B,6,premium,no,no,2,45,0
21,7,C,2,premium,yes,yes,1,110,0
21,8,A,2,standard,no,yes,4,65,0
21,8,B,2,standard,no,no,1,85,0
21,8,C,2,standard,yes,no,2,30,1
22,1,A,2,standard,no,no,4,85,0
22,1,B,2,standard,no,yes,4,30,1
22,1,C,4,standard,no,no,2,65,0
22,2,A,6,premium,no,yes,1,30,1
22,2,B,4,premium,yes,no,4,65,0
22,2,C,6,standard,no,yes,4,110,0
22,3,A,6,standard,yes,yes,2,85,0
22,3,B,2,premium,yes,yes,4,30,0
22,3,C,4,standard,yes,yes,2,30,1
22,4,A,2,standard,no,yes,2,45,1
22,4,B,2,standard,no,yes,1,65,0
22,4,C,2,standard,no,no,4,110,0
22,5,A,4,standard,no,yes,4,65,0
22,5,B,6,premium,yes,no,4,65,1
22,5,C,6,premium,no,no,1,45,0
22,6,A,6,premium,no,no,4,45,1
22,6,B,2,standard,no,no,2,45,0
22,6,C,6,premium,no,no,2,85,0
22,7,A,2,premium,no,no,2,45,0
22,7,B,2,premium,no,yes,1,45,1
22,7,C,2,premium,no,no,4,30,0
22,8,A,6,premium,no,no,1,110,0
22,8,B,6,premium,no,yes,1,85,0
22,8,C,4,premium,yes,yes,2,45,1
23,1,A,6,standard,no,yes,2,30,1
23,1,B,2,premium,yes,no,1,30,0
23,1,C,6,standard,yes,no,2,45,0
23,2,A,6,standard,no,no,4,45,0
23,2,B,4,standard,no,no,2,30,1
23,2,C,2,standard,no,yes,2,110,0
23,3,A,6,standard,no,yes,1,85,0
23,3,B,6,premium,no,yes,1,65,1
23,3,C,2,premium,yes,yes,4,45,0
23,4,A,4,premium,no,no,1,85,0
23,4,B,2,standard,yes,yes,4,85,0
23,4,C,6,premium,yes,yes,2,30,1
23,5,A,4,standard,no,no,4,45,0
23,5,B,6,standard,no,yes,1,45,0
23,5,C,6,premium,yes,no,4,45,1
23,6,A,4,premium,no,no,4,45,0
23,6,B,4,premium,yes,no,2,110,0
23,6,C,6,standard,yes,yes,1,85,1
23,7,A,6,premium,yes,no,1,110,1
23,7,B,2,premium,no,no,1,110,0
23,7,C,6,standard,no,yes,2,85,0
23,8,A,2,standard,yes,yes,1,45,1
23,8,B,2,premium,no,no,2,110,0
23,8,C,2,premium,no,no,1,45,0
24,1,A,4,standard,yes,no,4,110,0
24,1,B,6,standard,no,yes,1,65,0
24,1,C,6,premium,yes,no,4,30,1
24,2,A,2,standard,yes,no,4,65,0
24,2,B,2,standard,yes,yes,4,45,1
24,2,C,4,premium,yes,no,2,30,0
24,3,A,4,standard,yes,yes,4,85,0
24,3,B,4,premium,no,no,4,45,0
24,3,C,6,standard,yes,yes,2,45,1
24,4,A,4,standard,no,no,4,45,0
24,4,B,2,premium,no,no,1,45,0
24,4,C,6,premium,yes,yes,1,45,1
24,5,A,2,premium,yes,yes,2,30,1
24,5,B,6,standard,yes,yes,2,110,0
24,5,C,6,standard,no,no,2,65,0
24,6,A,2,premium,yes,yes,2,85,1
24,6,B,6,premium,no,yes,2,110,0
24,6,C,4,premium,no,no,1,65,0
24,7,A,4,standard,no,no,4,45,0
24,7,B,6,premium,no,no,4,30,0
24,7,C,4,premium,yes,yes,1,30,1
24,8,A,4,premium,no,no,2,45,0
24,8,B,6,standard,no,yes,2,30,1
24,8,C,6,standard,yes,yes,4,110,0
25,1,A,6,standard,no,no,4,65,0
25,1,B,4,standard,no,yes,2,110,0
25,1,C,4,premium,yes,no,2,45,1
25,2,A,2,standard,no,yes,4,65,0
25,2,B,4,premium,yes,no,4,30,1
25,2,C,2,standard,yes,no,1,45,0
25,3,A,2,premium,no,no,4,65,0
25,3,B,2,standard,no,yes,1,30,1
25,3,C,6,standard,no,yes,1,110,0
25,4,A,2,standard,yes,no,2,85,0
25,4,B,6,standard,no,yes,1,30,1
25,4,C,6,premium,yes,yes,1,30,0
25,5,A,6,standard,no,yes,4,65,1
25,5,B,2,premium,yes,no,1,65,0
25,5,C,6,premium,no,no,2,110,0
25,6,A,2,premium,yes,yes,4,45,1
25,6,B,6,standard,no,no,2,65,0
25,6,C,2,standard,no,no,4,45,0
25,7,A,6,premium,no,yes,2,30,0
25,7,B,4,premium,yes,yes,1,45,0
25,7,C,4,standard,yes,no,1,30,1
25,8,A,4,premium,no,no,4,65,0
25,8,B,4,premium,yes,no,2,30,1
25,8,C,2,premium,no,yes,4,45,0
26,1,A,4,premium,no,yes,4,85,0
26,1,B,4,premium,no,yes,1,45,1
26,1,C,4,premium,yes,no,4,45,0
26,2,A,4,standard,no,yes,4,65,0
26,2,B,4,standard,no,no,4,65,0
26,2,C,2,standard,yes,yes,4,30,1
26,3,A,2,premium,yes,yes,1,30,1
26,3,B,2,premium,yes,yes,1,85,0
26,3,C,2,premium,yes,yes,4,65,0
26,4,A,2,premium,no,yes,2,65,0
26,4,B,6,premium,no,yes,2,30,1
26,4,C,2,standard,yes,yes,2,65,0
26,5,A,6,premium,yes,yes,2,85,1
26,5,B,4,premium,no,yes,1,85,0
26,5,C,6,premium,yes,yes,1,85,0
26,6,A,6,premium,yes,yes,1,30,1
26,6,B,4,premium,no,no,1,85,0
26,6,C,6,premium,no,yes,4,65,0
26,7,A,2,premium,no,yes,1,45,0
26,7,B,2,standard,yes,no,2,30,1
26,7,C,2,standard,yes,yes,2,65,0
26,8,A,2,premium,yes,no,4,85,0
26,8,B,6,premium,yes,no,4,85,0
26,8,C,6,premium,no,no,1,30,1
27,1,A,6,premium,yes,no,4,110,1
27,1,B,6,standard,no,no,2,85,0
27,1,C,6,premium,no,yes,4,45,0
27,2,A,2,premium,yes,yes,4,65,0
27,2,B,6,standard,yes,no,1,30,0
27,2,C,6,standard,no,yes,2,30,1
27,3,A,4,standard,no,yes,4,45,0
27,3,B,6,premium,no,yes,2,30,1
27,3,C,6,premium,no,yes,4,110,0
27,4,A,4,premium,yes,no,1,110,0
27,4,B,6,premium,no,yes,1,45,1
27,4,C,2,standard,yes,yes,1,65,0
27,5,A,2,premium,yes,no,1,110,0
27,5,B,4,standard,yes,no,4,45,1
27,5,C,4,premium,no,no,1,85,0
27,6,A,6,standard,no,no,1,65,0
27,6,B,6,standard,yes,yes,2,85,1
27,6,C,2,premium,no,yes,4,85,0
27,7,A,4,premium,no,yes,2,30,0
27,7,B,4,premium,yes,yes,2,110,1
27,7,C,4,premium,no,yes,1,85,0
27,8,A,4,standard,no,yes,2,30,1
27,8,B,6,standard,no,no,2,65,0
27,8,C,6,standard,no,no,1,65,0
28,1,A,6,premium,yes,no,4,45,1
28,1,B,6,premium,no,no,2,65,0
28,1,C,6,premium,yes,yes,2,65,0
28,2,A,4,standard,no,no,2,85,0
28,2,B,6,standard,yes,yes,1,45,1
28,2,C,2,premium,yes,yes,2,65,0
28,3,A,2,standard,no,yes,2,110,0
28,3,B,6,premium,no,yes,4,110,0
28,3,C,4,standard,yes,yes,4,65,1
28,4,A,2,standard,yes,no,4,30,1
28,4,B,4,standard,yes,yes,2,85,0
28,4,C,6,premium,no,no,1,65,0
28,5,A,6,premium,yes,yes,4,65,0
28,5,B,2,premium,no,no,4,110,0
28,5,C,4,premium,yes,yes,1,85,1
28,6,A,2,premium,no,yes,1,65,1
28,6,B,6,premium,no,no,2,65,0
28,6,C,4,standard,yes,no,1,110,0
28,7,A,2,standard,yes,yes,2,110,0
28,7,B,4,standard,yes,yes,2,65,0
28,7,C,2,premium,yes,no,1,45,1
28,8,A,2,standard,yes,yes,4,85,0
28,8,B,2,standard,yes,yes,2,110,0
28,8,C,2,standard,no,yes,2,45,1
29,1,A,2,standard,no,yes,1,110,1
29,1,B,4,standard,no,yes,1,110,0
29,1,C,4,premium,no,no,4,110,0
29,2,A,6,premium,yes,yes,1,45,0
29,2,B,6,premium,yes,yes,1,65,0
29,2,C,4,premium,no,no,2,30,1
29,3,A,2,standard,yes,no,1,110,0
29,3,B,6,standard,no,yes,2,110,0
29,3,C,4,standard,no,yes,2,65,1
29,4,A,4,standard,no,yes,4,85,0
29,4,B,2,standard,no,no,2,110,0
29,4,C,6,standard,yes,no,1,65,1
29,5,A,6,standard,no,yes,1,85,0
29,5,B,2,premium,yes,no,1,110,0
29,5,C,4,standard,no,yes,4,45,1
29,6,A,6,standard,yes,no,4,45,0
29,6,B,2,premium,yes,yes,1,30,1
29,6,C,4,premium,no,yes,4,110,0
29,7,A,4,premium,yes,yes,2,30,1
29,7,B,4,standard,no,no,2,110,0
29,7,C,4,standard,no,yes,1,110,0
29,8,A,2,premium,no,no,1,85,0
29,8,B,4,standard,yes,yes,2,65,0
29,8,C,2,standard,yes,no,2,30,1
30,1,A,2,standard,yes,yes,1,85,0
30,1,B,6,premium,yes,yes,2,45,1
30,1,C,4,premium,yes,no,2,85,0
30,2,A,4,premium,yes,no,2,85,0
30,2,B,6,premium,no,yes,1,65,1
30,2,C,4,standard,no,yes,2,30,0
30,3,A,6,standard,yes,no,1,30,0
30,3,B,2,premium,no,yes,2,30,1
30,3,C,4,standard,no,yes,2,45,0
30,4,A,6,standard,yes,yes,2,30,1
30,4,B,6,premium,yes,yes,4,85,0
30,4,C,2,standard,no,no,4,110,0
30,5,A,4,standard,no,yes,4,85,0
30,5,B,4,premium,yes,yes,2,45,1
30,5,C,4,standard,yes,no,1,85,0
30,6,A,6,standard,no,yes,4,45,1
30,6,B,4,standard,no,yes,4,45,0
30,6,C,4,standard,no,no,1,110,0
30,7,A,4,premium,yes,no,1,85,1
30,7,B,2,standard,yes,no,4,65,0
30,7,C,2,standard,yes,no,2,65,0
30,8,A,2,premium,no,no,4,85,0
30,8,B,6,standard,no,no,2,45,0
30,8,C,6,standard,yes,no,1,45,1
31,1,A,2,standard,no,no,1,65,0
31,1,B,2,standard,no,yes,1,45,1
31,1,C,4,standard,no,yes,2,30,0
31,2,A,4,premium,yes,yes,2,110,0
31,2,B,6,standard,no,yes,2,45,1
31,2,C,6,premium,yes,no,1,45,0
31,3,A,4,standard,yes,yes,1,110,0
31,3,B,4,standard,no,yes,2,65,0
31,3,C,4,premium,yes,no,2,65,1
31,4,A,6,standard,no,yes,4,30,0
31,4,B,2,premium,yes,yes,2,30,1
31,4,C,6,standard,no,yes,2,30,0
31,5,A,4,standard,no,yes,2,65,0
31,5,B,4,standard,yes,yes,4,110,0
31,5,C,6,premium,yes,no,4,45,1
31,6,A,2,premium,yes,no,1,110,0
31,6,B,6,standard,yes,no,4,65,1
31,6,C,2,standard,yes,yes,1,110,0
31,7,A,2,standard,no,yes,4,65,0
31,7,B,2,standard,yes,no,2,30,1
31,7,C,2,standard,yes,yes,1,85,0
31,8,A,2,standard,yes,yes,2,45,0
31,8,B,6,standard,no,yes,4,30,1
31,8,C,2,standard,no,yes,1,30,0
32,1,A,2,premium,yes,yes,1,85,0
32,1,B,4,premium,no,yes,4,45,1
32,1,C,6,standard,yes,yes,1,30,0
32,2,A,6,standard,no,yes,2,85,0
32,2,B,6,premium,no,no,4,65,0
32,2,C,6,premium,no,no,4,85,1
32,3,A,4,premium,yes,yes,2,45,1
32,3,B,2,premium,no,no,2,85,0
32,3,C,4,premium,yes,no,1,30,0
32,4,A,4,premium,no,yes,2,45,0
32,4,B,6,premium,yes,yes,1,30,1
32,4,C,4,standard,no,no,2,45,0
32,5,A,2,standard,no,no,2,45,1
32,5,B,6,premium,no,yes,2,45,0
32,5,C,4,premium,no,no,2,45,0
32,6,A,6,premium,yes,no,1,30,1
32,6,B,4,premium,yes,no,1,110,0
32,6,C,6,premium,no,no,2,85,0
32,7,A,6,premium,yes,no,1,110,0
32,7,B,4,standard,yes,yes,1,85,1
32,7,C,4,premium,yes,no,2,85,0
32,8,A,2,premium,yes,no,1,45,0
32,8,B,2,premium,no,no,1,65,1
32,8,C,6,standard,yes,no,1,85,0
33,1,A,2,premium,yes,yes,1,110,1
33,1,B,2,premium,yes,no,1,85,0
33,1,C,2,premium,yes,no,1,45,0
33,2,A,6,premium,yes,no,4,45,0
33,2,B,4,standard,yes,yes,4,110,0
33,2,C,4,premium,no,yes,1,110,1
33,3,A,2,standard,no,no,2,45,0
33,3,B,2,standard,yes,yes,1,30,1
33,3,C,2,premium,yes,yes,1,85,0
33,4,A,4,standard,no,yes,1,45,0
33,4,B,6,standard,no,yes,2,85,0
33,4,C,2,standard,no,yes,1,30,1
33,5,A,4,standard,yes,no,4,45,0
33,5,B,6,standard,no,no,4,30,1
33,5,C,2,premium,no,no,2,85,0
33,6,A,4,standard,yes,no,1,85,0
33,6,B,4,premium,yes,yes,2,30,0
33,6,C,2,premium,no,no,1,45,1
33,7,A,2,premium,no,yes,1,85,0
33,7,B,2,premium,no,yes,1,30,1
33,7,C,4,standard,no,yes,1,45,0
33,8,A,2,standard,yes,no,4,110,0
33,8,B,4,standard,yes,yes,1,110,1
33,8,C,6,standard,no,yes,1,85,0
34,1,A,4,standard,yes,yes,1,110,0
34,1,B,4,premium,no,yes,2,110,1
34,1,C,4,premium,no,no,1,110,0
34,2,A,4,premium,yes,no,4,65,0
34,2,B,6,standard,no,no,4,30,0
34,2,C,6,premium,no,yes,1,30,1
34,3,A,2,premium,no,yes,1,85,0
34,3,B,6,standard,no,yes,2,30,1
34,3,C,4,standard,yes,yes,2,85,0
34,4,A,4,premium,yes,no,1,30,0
34,4,B,2,standard,no,no,4,30,1
34,4,C,4,standard,no,yes,4,85,0
34,5,A,2,standard,yes,no,4,45,0
34,5,B,2,standard,yes,no,2,110,0
34,5,C,2,premium,no,yes,1,30,1
34,6,A,2,premium,no,no,1,65,0
34,6,B,2,standard,no,yes,2,30,1
34,6,C,4,standard,no,no,2,110,0
34,7,A,4,premium,yes,yes,4,110,1
34,7,B,6,standard,no,no,4,65,0
34,7,C,2,standard,no,yes,2,110,0
34,8,A,4,standard,yes,no,4,30,0
34,8,B,2,premium,no,no,4,45,1
34,8,C,2,premium,no,no,1,30,0
35,1,A,6,standard,no,no,2,30,0
35,1,B,6,premium,no,yes,1,30,1
35,1,C,6,premium,no,yes,1,85,0
35,2,A,2,standard,no,yes,1,45,0
35,2,B,6,standard,yes,yes,2,30,1
35,2,C,2,standard,no,no,1,30,0
35,3,A,2,standard,no,no,2,45,0
35,3,B,4,premium,yes,yes,2,65,0
35,3,C,2,standard,no,yes,2,85,1
35,4,A,2,premium,no,no,2,45,1
35,4,B,6,premium,no,yes,2,30,0
35,4,C,6,standard,no,no,2,65,0
35,5,A,4,premium,yes,yes,2,45,1
35,5,B,4,standard,no,yes,4,30,0
35,5,C,2,standard,yes,no,1,30,0
35,6,A,4,premium,no,yes,4,65,0
35,6,B,2,premium,yes,yes,2,45,1
35,6,C,2,premium,no,no,4,30,0
35,7,A,4,premium,yes,yes,4,45,1
35,7,B,6,premium,no,no,4,110,0
35,7,C,4,standard,no,no,4,65,0
35,8,A,6,premium,no,no,4,30,1
35,8,B,4,standard,yes,no,1,45,0
35,8,C,2,standard,no,no,2,65,0
36,1,A,6,standard,no,no,1,65,0
36,1,B,6,premium,no,no,4,45,0
36,1,C,4,premium,no,yes,2,30,1
36,2,A,6,premium,no,no,2,65,0
36,2,B,6,standard,yes,no,2,110,0
36,2,C,4,standard,no,yes,1,45,1
36,3,A,4,standard,yes,yes,4,65,1
36,3,B,6,premium,yes,no,1,45,0
36,3,C,6,standard,no,yes,1,110,0
36,4,A,6,standard,yes,no,1,85,0
36,4,B,4,premium,yes,no,2,110,0
36,4,C,4,premium,no,yes,1,110,1
36,5,A,6,premium,yes,no,4,85,0
36,5,B,6,standard,yes,yes,2,30,1
36,5,C,4,standard,yes,no,2,85,0
36,6,A,2,premium,no,no,1,85,0
36,6,B,2,standard,no,no,2,65,0
36,6,C,6,standard,yes,yes,4,110,1
36,7,A,6,premium,no,no,4,30,0
36,7,B,2,premium,yes,no,2,45,1
36,7,C,4,standard,yes,yes,1,45,0
36,8,A,2,premium,no,no,1,85,0
36,8,B,6,premium,no,no,4,110,0
36,8,C,2,premium,yes,yes,2,30,1
37,1,A,2,premium,no,yes,1,30,1
37,1,B,2,premium,no,no,2,85,0
37,1,C,4,standard,no,no,4,85,0
37,2,A,4,standard,yes,yes,4,65,1
37,2,B,4,standard,yes,yes,2,65,0
37,2,C,4,premium,yes,no,4,110,0
37,3,A,2,standard,no,yes,1,110,0
37,3,B,6,premium,yes,yes,1,85,0
37,3,C,2,premium,no,yes,4,45,1
37,4,A,6,premium,yes,yes,2,30,0
37,4,B,4,premium,no,yes,4,85,1
37,4,C,4,standard,no,yes,4,65,0
37,5,A,6,premium,no,yes,4,65,0
37,5,B,4,premium,yes,yes,2,45,1
37,5,C,4,premium,yes,yes,1,110,0
37,6,A,6,premium,yes,no,1,65,0
37,6,B,6,premium,yes,yes,2,110,0
37,6,C,6,standard,yes,no,4,65,1
37,7,A,4,premium,yes,no,2,30,0
37,7,B,6,standard,no,no,1,30,1
37,7,C,4,premium,no,yes,2,45,0
37,8,A,4,premium,yes,yes,2,110,0
37,8,B,4,standard,no,no,2,65,0
37,8,C,4,standard,yes,yes,1,30,1
38,1,A,2,standard,no,yes,1,45,0
38,1,B,2,premium,yes,no,2,110,0
38,1,C,4,premium,no,yes,2,85,1
38,2,A,2,premium,no,yes,4,110,0
38,2,B,2,standard,yes,yes,1,45,1
38,2,C,2,premium,yes,no,1,45,0
38,3,A,2,premium,no,no,4,85,0
38,3,B,2,standard,no,yes,2,85,1
38,3,C,4,standard,yes,yes,2,110,0
38,4,A,6,premium,no,no,2,110,0
38,4,B,2,standard,no,yes,2,30,1
38,4,C,2,standard,no,yes,2,110,0
38,5,A,6,standard,no,no,1,65,0
38,5,B,6,standard,no,yes,4,30,0
38,5,C,4,standard,no,no,2,30,1
38,6,A,4,premium,no,yes,4,85,0
38,6,B,4,premium,no,no,2,30,1
38,6,C,6,standard,no,yes,2,85,0
38,7,A,4,premium,no,yes,4,110,0
38,7,B,2,premium,yes,yes,1,30,0
38,7,C,2,standard,yes,yes,2,65,1
38,8,A,4,premium,no,no,1,110,0
38,8,B,4,premium,yes,no,4,30,1
38,8,C,2,premium,yes,no,2,30,0
39,1,A,2,standard,no,yes,4,45,0
39,1,B,6,standard,yes,no,2,45,0
39,1,C,6,standard,yes,no,2,30,1
39,2,A,2,standard,yes,yes,2,110,0
39,2,B,2,premium,no,no,1,65,0
39,2,C,4,standard,no,no,4,45,1
39,3,A,6,standard,no,no,4,85,0
39,3,B,6,premium,no,no,4,65,1
39,3,C,2,standard,yes,no,1,85,0
39,4,A,2,standard,yes,no,2,45,0
39,4,B,4,premium,yes,yes,2,45,0
39,4,C,6,standard,no,yes,2,30,1
39,5,A,2,standard,yes,no,2,30,1
39,5,B,2,standard,yes,yes,1,45,0
39,5,C,4,premium,yes,yes,2,30,0
39,6,A,6,standard,yes,yes,4,110,0
39,6,B,2,premium,yes,yes,2,85,0
39,6,C,6,premium,yes,yes,2,85,1
39,7,A,2,premium,yes,yes,4,110,0
39,7,B,2,standard,yes,yes,4,85,0
39,7,C,6,premium,yes,no,2,85,1
39,8,A,4,premium,yes,yes,4,30,1
39,8,B,6,premium,no,no,2,85,0
39,8,C,6,premium,yes,no,2,45,0
40,1,A,2,standard,no,yes,1,45,0
40,1,B,6,premium,yes,no,2,45,1
40,1,C,6,standard,yes,yes,4,65,0
40,2,A,4,standard,no,no,1,110,0
40,2,B,2,standard,no,yes,2,45,0
40,2,C,4,standard,no,no,4,30,1
40,3,A,2,premium,no,yes,2,110,1
40,3,B,4,premium,no,yes,2,110,0
40,3,C,4,premium,no,no,2,85,0
40,4,A,4,standard,no,yes,1,110,0
40,4,B,4,standard,no,yes,4,110,0
40,4,C,2,premium,yes,no,4,45,1
40,5,A,2,standard,yes,no,1,65,0
40,5,B,2,premium,yes,yes,2,85,0
40,5,C,4,standard,no,no,1,30,1
40,6,A,2,standard,no,no,2,85,0
40,6,B,6,premium,yes,yes,1,85,0
40,6,C,6,premium,yes,no,4,65,1
40,7,A,6,standard,no,no,1,85,0
40,7,B,6,premium,yes,yes,2,85,1
40,7,C,2,premium,yes,no,2,85,0
40,8,A,6,premium,yes,yes,2,65,1
40,8,B,4,premium,yes,no,2,65,0
40,8,C,2,standard,no,no,4,85,0
41,1,A,4,premium,yes,yes,2,85,0
41,1,B,2,premium,no,yes,4,65,0
41,1,C,4,premium,yes,yes,2,45,1
41,2,A,6,standard,yes,no,2,85,1
41,2,B,2,standard,no,yes,1,65,0
41,2,C,6,premium,no,no,1,65,0
41,3,A,2,premium,yes,no,1,65,1
41,3,B,2,standard,no,yes,4,65,0
41,3,C,2,standard,yes,no,1,30,0
41,4,A,2,standard,no,yes,1,30,1
41,4,B,6,standard,no,yes,2,110,0
41,4,C,4,premium,yes,no,1,110,0
41,5,A,6,premium,no,no,2,30,0
41,5,B,6,premium,no,yes,4,65,0
41,5,C,6,premium,yes,yes,4,45,1
41,6,A,4,standard,yes,yes,4,85,0
41,6,B,2,premium,no,no,2,85,0
41,6,C,2,premium,no,yes,2,65,1
41,7,A,6,premium,no,no,2,45,0
41,7,B,2,standard,no,yes,4,65,1
41,7,C,4,premium,yes,no,2,45,0
41,8,A,2,standard,no,yes,1,65,1
41,8,B,6,premium,no,no,1,110,0
41,8,C,4,premium,yes,yes,1,65,0
42,1,A,4,standard,no,yes,2,65,0
42,1,B,6,standard,no,no,4,30,0
42,1,C,6,standard,no,yes,4,30,1
42,2,A,6,premium,yes,no,1,65,0
42,2,B,4,premium,yes,yes,4,85,1
42,2,C,2,standard,no,yes,1,110,0
42,3,A,4,standard,yes,no,1,85,0
42,3,B,6,standard,yes,no,2,30,0
42,3,C,4,standard,yes,no,1,65,1
42,4,A,6,premium,yes,no,2,30,0
42,4,B,4,standard,yes,no,2,30,0
42,4,C,6,standard,yes,yes,2,30,1
42,5,A,2,standard,no,no,2,45,0
42,5,B,2,standard,no,yes,2,110,0
42,5,C,6,premium,yes,no,4,30,1
42,6,A,6,standard,yes,no,4,45,1
42,6,B,2,standard,yes,yes,1,45,0
42,6,C,6,premium,no,no,1,65,0
42,7,A,4,standard,no,yes,1,45,0
42,7,B,6,standard,no,yes,2,30,1
42,7,C,4,premium,no,yes,2,45,0
42,8,A,6,standard,yes,no,2,45,0
42,8,B,4,premium,yes,yes,1,110,0
42,8,C,4,premium,yes,yes,2,65,1
43,1,A,6,premium,no,yes,4,30,1
43,1,B,2,standard,yes,no,4,110,0
43,1,C,4,standard,no,yes,4,65,0
43,2,A,6,standard,yes,no,2,45,1
43,2,B,4,standard,no,no,1,85,0
43,2,C,4,premium,no,yes,1,65,0
43,3,A,2,standard,no,yes,1,45,0
43,3,B,4,premium,no,yes,4,85,0
43,3,C,6,standard,no,yes,1,30,1
43,4,A,6,premium,yes,no,4,45,0
43,4,B,4,premium,yes,no,4,30,1
43,4,C,2,standard,yes,no,2,85,0
43,5,A,2,standard,no,no,1,85,0
43,5,B,2,standard,no,yes,4,110,0
43,5,C,2,premium,no,yes,1,30,1
43,6,A,4,premium,no,no,1,45,0
43,6,B,2,standard,no,yes,1,85,0
43,6,C,4,premium,yes,yes,2,45,1
43,7,A,2,premium,yes,no,4,85,0
43,7,B,2,premium,yes,yes,2,65,0
43,7,C,2,standard,yes,yes,4,85,1
43,8,A,6,premium,no,yes,4,45,1
43,8,B,4,standard,yes,yes,2,85,0
43,8,C,4,premium,no,no,2,110,0
44,1,A,4,premium,yes,yes,2,85,1
44,1,B,6,premium,no,no,1,65,0
44,1,C,2,premium,no,no,1,65,0
44,2,A,4,standard,no,yes,4,30,0
44,2,B,2,standard,yes,no,2,45,1
44,2,C,2,standard,no,yes,4,65,0
44,3,A,2,standard,no,no,4,65,0
44,3,B,2,standard,no,yes,1,30,1
44,3,C,6,standard,no,no,2,65,0
44,4,A,2,premium,no,no,4,30,1
44,4,B,6,standard,no,yes,2,65,0
44,4,C,6,premium,no,yes,1,110,0
44,5,A,4,premium,yes,yes,4,85,0
44,5,B,6,premium,no,yes,4,30,1
44,5,C,6,premium,no,no,2,110,0
44,6,A,2,standard,yes,no,1,30,0
44,6,B,4,premium,yes,yes,2,110,0
44,6,C,6,standard,yes,yes,4,30,1
44,7,A,6,standard,no,yes,4,30,1
44,7,B,2,premium,no,yes,4,85,0
44,7,C,2,standard,yes,no,2,65,0
44,8,A,2,standard,no,no,2,65,1
44,8,B,2,standard,no,yes,2,30,0
44,8,C,2,premium,no,yes,2,30,0
45,1,A,6,standard,yes,yes,4,85,0
45,1,B,6,standard,yes,yes,2,45,1
45,1,C,6,premium,yes,no,2,85,0
45,2,A,4,standard,yes,yes,2,65,0
45,2,B,4,premium,yes,yes,4,110,0
45,2,C,2,standard,no,yes,2,85,1
45,3,A,6,standard,yes,yes,1,45,0
45,3,B,2,standard,no,no,2,65,0
45,3,C,2,premium,yes,no,4,30,1
45,4,A,4,premium,yes,yes,2,45,1
45,4,B,4,premium,yes,yes,4,65,0
45,4,C,2,standard,no,yes,2,85,0
45,5,A,2,premium,yes,yes,1,45,0
45,5,B,6,standard,yes,no,4,110,0
45,5,C,6,standard,yes,yes,4,30,1
45,6,A,2,premium,yes,no,4,110,0
45,6,B,6,standard,yes,yes,4,85,0
45,6,C,2,standard,no,no,1,30,1
45,7,A,2,standard,no,yes,4,65,0
45,7,B,2,premium,yes,no,1,85,0
45,7,C,2,premium,no,no,4,30,1
45,8,A,6,premium,no,yes,1,65,1
45,8,B,6,premium,no,no,4,110,0
45,8,C,2,standard,no,yes,2,110,0
46,1,A,4,premium,yes,yes,1,85,0
46,1,B,6,standard,yes,no,4,65,1
46,1,C,2,standard,no,yes,2,110,0
46,2,A,2,standard,yes,no,1,110,0
46,2,B,6,standard,no,no,4,30,0
46,2,C,6,premium,yes,yes,4,30,1
46,3,A,4,premium,no,yes,4,85,1
46,3,B,4,premium,yes,yes,2,110,0
46,3,C,4,standard,yes,no,4,85,0
46,4,A,6,premium,yes,no,4,65,1
46,4,B,4,premium,yes,no,4,65,0
46,4,C,6,premium,yes,yes,4,85,0
46,5,A,4,standard,yes,no,1,45,0
46,5,B,6,standard,no,yes,1,30,0
46,5,C,6,premium,no,no,2,85,1
46,6,A,6,premium,yes,no,1,45,1
46,6,B,2,standard,no,yes,2,110,0
46,6,C,4,standard,yes,no,4,85,0
46,7,A,2,premium,no,yes,1,45,0
46,7,B,4,standard,yes,no,2,85,1
46,7,C,4,standard,yes,yes,4,85,0
46,8,A,6,standard,yes,yes,2,110,0
46,8,B,4,standard,no,yes,4,30,1
46,8,C,4,standard,yes,no,4,85,0
47,1,A,6,premium,yes,no,1,30,0
47,1,B,6,premium,no,no,2,30,1
47,1,C,4,premium,no,no,2,65,0
47,2,A,2,standard,no,no,4,45,0
47,2,B,6,premium,yes,yes,1,45,1
47,2,C,6,premium,no,yes,4,110,0
47,3,A,4,standard,no,no,1,110,1
47,3,B,6,premium,yes,no,4,65,0
47,3,C,6,standard,no,no,1,65,0
47,4,A,4,premium,yes,yes,1,65,1
47,4,B,2,standard,yes,no,4,65,0
47,4,C,2,standard,yes,yes,4,65,0
47,5,A,4,standard,yes,no,2,30,1
47,5,B,4,premium,yes,yes,4,45,0
47,5,C,2,premium,yes,no,1,85,0
47,6,A,4,premium,yes,no,2,110,0
47,6,B,4,premium,no,no,4,85,0
47,6,C,6,premium,yes,no,2,110,1
47,7,A,6,standard,yes,yes,4,65,1
47,7,B,6,premium,no,yes,4,30,0
47,7,C,2,standard,no,no,4,65,0
47,8,A,4,standard,yes,no,4,85,0
47,8,B,6,standard,no,no,2,45,1
47,8,C,6,standard,yes,no,2,85,0
48,1,A,6,premium,yes,no,2,30,1
48,1,B,2,standard,yes,no,4,45,0
48,1,C,4,premium,yes,no,4,30,0
48,2,A,4,premium,no,yes,1,85,0
48,2,B,6,premium,yes,no,4,65,0
48,2,C,6,premium,yes,no,2,85,1
48,3,A,2,premium,no,yes,4,30,1
48,3,B,2,standard,yes,no,1,30,0
48,3,C,4,premium,yes,no,1,45,0
48,4,A,2,premium,no,no,1,30,0
48,4,B,4,premium,no,no,2,85,1
48,4,C,4,standard,no,yes,4,85,0
48,5,A,4,premium,yes,no,1,45,1
48,5,B,6,premium,no,no,2,85,0
48,5,C,6,premium,no,no,2,65,0
48,6,A,6,standard,yes,no,2,110,0
48,6,B,6,standard,no,yes,4,30,1
48,6,C,6,standard,yes,no,4,85,0
48,7,A,6,premium,yes,yes,1,65,1
48,7,B,4,premium,no,yes,1,110,0
48,7,C,6,standard,yes,no,4,85,0
48,8,A,6,standard,no,no,4,45,1
48,8,B,2,standard,no,yes,2,110,0
48,8,C,4,premium,no,yes,2,85,0
49,1,A,6,standard,no,yes,1,110,0
49,1,B,4,standard,no,yes,4,65,0
49,1,C,6,standard,yes,no,2,30,1
49,2,A,2,standard,yes,yes,4,85,0
49,2,B,6,premium,yes,no,2,85,0
49,2,C,2,premium,yes,no,2,30,1
49,3,A,4,standard,yes,no,4,85,1
49,3,B,6,standard,yes,no,1,85,0
49,3,C,2,standard,yes,no,2,45,0
49,4,A,4,standard,yes,yes,4,110,0
49,4,B,2,standard,yes,no,4,65,0
49,4,C,2,premium,yes,yes,2,30,1
49,5,A,4,premium,no,no,4,65,1
49,5,B,4,standard,no,yes,4,110,0
49,5,C,4,standard,no,no,2,65,0
49,6,A,4,premium,yes,no,4,30,1
49,6,B,4,standard,yes,no,4,45,0
49,6,C,2,premium,yes,no,1,30,0
49,7,A,6,premium,yes,no,2,85,0
49,7,B,4,premium,yes,yes,1,45,1
49,7,C,2,standard,no,no,2,110,0
49,8,A,4,premium,yes,yes,2,45,1
49,8,B,4,premium,no,no,1,65,0
49,8,C,2,premium,yes,yes,2,110,0
50,1,A,2,standard,yes,no,4,30,1
50,1,B,4,standard,no,no,1,45,0
50,1,C,4,premium,no,no,1,85,0
50,2,A,6,standard,no,yes,1,65,0
50,2,B,4,standard,no,no,1,65,0
50,2,C,6,standard,yes,yes,4,30,1
50,3,A,2,premium,yes,no,1,45,1
50,3,B,4,premium,no,no,2,45,0
50,3,C,6,premium,no,yes,4,85,0
50,4,A,4,standard,no,no,2,85,0
50,4,B,4,standard,yes,no,1,30,1
50,4,C,4,standard,yes,yes,2,110,0
50,5,A,2,standard,no,no,4,110,0
50,5,B,2,premium,no,no,2,110,0
50,5,C,4,standard,yes,yes,1,65,1
50,6,A,2,standard,yes,no,2,85,0
50,6,B,2,premium,yes,no,2,85,1
50,6,C,2,premium,no,no,2,30,0
50,7,A,4,standard,no,no,4,45,0
50,7,B,6,premium,yes,no,2,110,1
50,7,C,6,premium,no,yes,2,110,0
50,8,A,4,standard,no,yes,2,65,0
50,8,B,6,standard,yes,no,4,110,0
50,8,C,4,standard,no,no,4,30,1
51,1,A,4,standard,no,no,2,30,1
51,1,B,2,standard,no,yes,4,85,0
51,1,C,2,standard,yes,yes,2,65,0
51,2,A,6,premium,no,yes,2,65,1
51,2,B,2,standard,no,no,4,65,0
51,2,C,6,premium,yes,yes,2,85,0
51,3,A,6,standard,no,no,4,30,1
51,3,B,6,standard,yes,yes,4,110,0
51,3,C,2,premium,no,no,1,85,0
51,4,A,6,standard,no,no,4,30,1
51,4,B,6,standard,no,yes,2,65,0
51,4,C,4,standard,yes,no,1,45,0
51,5,A,4,standard,yes,yes,1,45,0
51,5,B,4,premium,no,yes,1,30,1
51,5,C,6,standard,no,yes,2,65,0
51,6,A,6,premium,no,yes,1,45,0
51,6,B,6,premium,yes,yes,4,30,1
51,6,C,4,standard,no,no,1,65,0
51,7,A,4,premium,no,yes,4,65,0
51,7,B,2,premium,yes,no,2,85,0
51,7,C,2,standard,yes,no,2,30,1
51,8,A,6,premium,no,yes,4,30,1
51,8,B,2,premium,yes,no,2,110,0
51,8,C,2,standard,yes,no,2,65,0
52,1,A,2,standard,yes,yes,2,110,0
52,1,B,6,premium,yes,no,2,45,0
52,1,C,6,standard,yes,yes,1,85,1
52,2,A,2,premium,no,no,4,30,1
52,2,B,2,standard,no,no,4,110,0
52,2,C,6,standard,no,yes,2,85,0
52,3,A,6,standard,yes,no,4,45,1
52,3,B,4,premium,yes,no,1,45,0
52,3,C,6,standard,yes,no,1,85,0
52,4,A,4,premium,no,no,2,85,1
52,4,B,4,standard,yes,no,4,85,0
52,4,C,6,premium,yes,no,2,110,0
52,5,A,6,premium,yes,yes,1,65,0
52,5,B,4,premium,yes,yes,2,85,0
52,5,C,4,standard,no,yes,2,45,1
52,6,A,4,premium,yes,no,1,45,1
52,6,B,6,premium,no,no,4,30,0
52,6,C,2,standard,yes,no,1,45,0
52,7,A,4,standard,yes,yes,2,85,1
52,7,B,6,standard,no,no,4,110,0
52,7,C,6,premium,no,no,1,65,0
52,8,A,2,premium,yes,no,2,45,0
52,8,B,6,standard,no,no,1,45,1
52,8,C,4,premium,yes,no,1,110,0
53,1,A,2,premium,no,no,2,65,0
53,1,B,2,standard,yes,no,4,65,0
53,1,C,6,standard,yes,yes,2,45,1
53,2,A,6,standard,yes,no,2,85,0
53,2,B,6,premium,yes,yes,4,65,1
53,2,C,2,standard,yes,yes,1,45,0
53,3,A,6,premium,yes,no,2,85,0
53,3,B,6,standard,yes,yes,2,110,0
53,3,C,4,premium,no,yes,1,85,1
53,4,A,6,premium,yes,no,1,30,1
53,4,B,6,premium,no,no,4,65,0
53,4,C,2,premium,no,no,2,110,0
53,5,A,2,standard,no,no,1,45,0
53,5,B,4,standard,no,no,1,110,0
53,5,C,4,standard,yes,yes,4,30,1
53,6,A,4,premium,yes,no,2,110,0
53,6,B,4,standard,no,yes,4,65,0
53,6,C,6,premium,yes,no,2,30,1
53,7,A,2,premium,no,yes,4,85,0
53,7,B,2,standard,no,no,1,65,0
53,7,C,4,standard,no,no,1,65,1
53,8,A,4,standard,no,no,1,45,1
53,8,B,6,premium,yes,no,2,65,0
53,8,C,4,standard,no,no,4,110,0
54,1,A,6,premium,yes,no,4,65,1
54,1,B,2,premium,yes,no,2,45,0
54,1,C,2,premium,no,yes,1,85,0
54,2,A,2,premium,yes,no,4,30,0
54,2,B,6,premium,yes,yes,1,65,1
54,2,C,6,standard,yes,no,2,65,0
54,3,A,6,premium,no,yes,1,30,1
54,3,B,2,premium,no,yes,4,85,0
54,3,C,6,standard,no,yes,4,85,0
54,4,A,6,premium,yes,no,2,65,1
54,4,B,2,standard,yes,yes,2,110,0
54,4,C,2,standard,yes,no,2,45,0
54,5,A,4,standard,no,no,4,45,0
54,5,B,4,premium,yes,yes,1,65,0
54,5,C,4,standard,yes,yes,1,45,1
54,6,A,4,premium,yes,no,1,85,0
54,6,B,2,standard,yes,no,2,45,1
54,6,C,2,standard,no,no,2,45,0
54,7,A,6,premium,no,yes,2,30,1
54,7,B,6,standard,yes,yes,1,85,0
54,7,C,4,standard,no,yes,1,30,0
54,8,A,6,premium,yes,no,4,30,0
54,8,B,6,standard,no,no,2,30,1
54,8,C,2,premium,yes,yes,2,85,0
55,1,A,4,standard,no,yes,1,30,1
55,1,B,6,premium,no,yes,1,65,0
55,1,C,6,premium,no,yes,4,30,0
55,2,A,6,standard,no,no,4,85,0
55,2,B,2,premium,yes,no,4,30,1
55,2,C,6,standard,no,no,2,30,0
55,3,A,2,standard,yes,no,4,65,1
55,3,B,6,standard,no,yes,4,110,0
55,3,C,2,standard,yes,no,1,45,0
55,4,A,4,standard,no,yes,4,30,1
55,4,B,4,standard,no,no,4,65,0
55,4,C,6,standard,no,no,2,30,0
55,5,A,2,standard,no,no,4,85,0
55,5,B,4,premium,yes,no,2,30,0
55,5,C,6,standard,yes,yes,1,30,1
55,6,A,6,standard,yes,yes,1,65,1
55,6,B,4,standard,yes,no,4,110,0
55,6,C,2,standard,yes,no,2,45,0
55,7,A,6,premium,no,no,4,65,1
55,7,B,4,standard,yes,yes,1,65,0
55,7,C,4,standard,yes,yes,4,45,0
55,8,A,2,premium,no,no,2,110,0
55,8,B,4,premium,yes,yes,4,110,1
55,8,C,4,standard,yes,yes,4,65,0
56,1,A,6,premium,no,no,4,110,0
56,1,B,2,standard,yes,no,4,30,1
56,1,C,2,premium,yes,yes,4,45,0
56,2,A,4,premium,no,yes,4,85,0
56,2,B,6,premium,no,yes,2,45,1
56,2,C,2,standard,yes,no,4,65,0
56,3,A,2,standard,no,yes,1,110,0
56,3,B,4,standard,yes,no,4,45,1
56,3,C,4,standard,yes,no,4,45,0
56,4,A,4,standard,no,yes,1,65,1
56,4,B,6,standard,no,no,4,85,0
56,4,C,6,premium,no,no,2,30,0
56,5,A,6,standard,no,no,2,85,0
56,5,B,2,premium,no,no,2,30,1
56,5,C,4,standard,no,yes,1,85,0
56,6,A,6,standard,yes,no,2,110,0
56,6,B,6,premium,yes,no,2,30,1
56,6,C,6,premium,yes,yes,1,85,0
56,7,A,4,premium,yes,yes,4,110,0
56,7,B,2,premium,yes,yes,1,65,1
56,7,C,4,standard,no,yes,2,85,0
56,8,A,4,premium,no,yes,1,65,0
56,8,B,4,premium,no,yes,1,45,0
56,8,C,4,standard,no,yes,4,30,1
57,1,A,2,standard,yes,yes,1,45,0
57,1,B,4,premium,no,no,4,85,0
57,1,C,6,premium,yes,no,1,45,1
57,2,A,4,standard,no,yes,1,65,0
57,2,B,4,standard,yes,yes,1,65,0
57,2,C,2,standard,yes,no,1,45,1
57,3,A,4,premium,no,no,2,45,0
57,3,B,6,standard,no,yes,2,85,1
57,3,C,4,standard,no,no,4,45,0
57,4,A,6,standard,yes,no,4,85,0
57,4,B,2,standard,no,no,1,110,0
57,4,C,4,standard,no,no,4,45,1
57,5,A,6,premium,no,yes,4,110,0
57,5,B,2,premium,yes,yes,1,85,0
57,5,C,2,standard,no,no,4,85,1
57,6,A,4,premium,no,no,1,110,0
57,6,B,6,standard,no,no,2,110,0
57,6,C,2,premium,no,yes,1,110,1
57,7,A,6,premium,yes,no,1,30,0
57,7,B,2,premium,yes,yes,4,30,0
57,7,C,6,premium,yes,yes,1,30,1
57,8,A,4,premium,yes,no,1,30,1
57,8,B,6,premium,no,no,1,110,0
57,8,C,2,premium,no,no,4,65,0
58,1,A,4,premium,yes,no,4,85,1
58,1,B,2,standard,yes,no,1,65,0
58,1,C,4,premium,yes,yes,4,30,0
58,2,A,2,premium,no,yes,4,110,0
58,2,B,6,standard,yes,no,2,85,0
58,2,C,4,standard,yes,yes,4,45,1
58,3,A,6,premium,no,no,1,30,1
58,3,B,4,standard,yes,no,2,65,0
58,3,C,4,standard,no,yes,2,110,0
58,4,A,6,premium,no,yes,2,30,1
58,4,B,4,premium,no,no,4,45,0
58,4,C,4,standard,no,yes,2,30,0
58,5,A,4,standard,no,no,1,65,0
58,5,B,4,premium,no,no,4,110,1
58,5,C,6,standard,no,no,1,110,0
58,6,A,6,premium,yes,no,2,110,1
58,6,B,4,premium,no,no,1,85,0
58,6,C,4,standard,yes,no,1,110,0
58,7,A,2,premium,yes,no,1,110,0
58,7,B,6,premium,yes,yes,1,65,1
58,7,C,6,standard,yes,no,1,45,0
58,8,A,6,standard,yes,no,2,85,1
58,8,B,2,standard,no,yes,1,45,0
58,8,C,4,standard,no,no,4,110,0
59,1,A,6,standard,yes,yes,1,30,1
59,1,B,6,standard,yes,yes,2,110,0
59,1,C,6,standard,no,no,1,110,0
59,2,A,4,premium,yes,no,2,45,1
59,2,B,6,premium,yes,yes,2,110,0
59,2,C,2,premium,no,no,2,65,0
59,3,A,2,premium,yes,no,4,65,1
59,3,B,2,premium,yes,yes,1,65,0
59,3,C,2,premium,yes,no,4,65,0
59,4,A,4,premium,no,yes,1,30,0
59,4,B,4,premium,yes,no,1,85,0
59,4,C,4,standard,no,yes,4,45,1
59,5,A,2,standard,no,yes,4,85,0
59,5,B,6,standard,yes,no,1,45,0
59,5,C,4,premium,no,yes,4,30,1
59,6,A,2,standard,yes,no,1,65,0
59,6,B,6,standard,yes,no,1,30,1
59,6,C,6,standard,no,yes,2,45,0
59,7,A,2,standard,no,yes,2,85,0
59,7,B,2,standard,no,yes,4,45,0
59,7,C,6,premium,yes,no,4,65,1
59,8,A,6,premium,no,no,2,45,1
59,8,B,6,standard,yes,yes,4,85,0
59,8,C,2,standard,yes,yes,4,65,0
60,1,A,2,standard,yes,yes,4,45,1
60,1,B,4,premium,no,yes,4,110,0
60,1,C,6,premium,yes,yes,4,45,0
60,2,A,4,standard,yes,yes,1,85,0
60,2,B,4,standard,yes,yes,2,45,1
60,2,C,6,standard,yes,yes,4,65,0
60,3,A,6,premium,no,yes,1,65,0
60,3,B,2,standard,no,yes,2,110,0
60,3,C,2,premium,no,no,1,30,1
60,4,A,4,premium,no,no,4,30,0
60,4,B,6,premium,yes,yes,1,65,0
60,4,C,6,premium,no,yes,4,30,1
60,5,A,2,premium,yes,yes,2,30,1
60,5,B,4,standard,yes,yes,1,110,0
60,5,C,2,standard,yes,no,4,85,0
60,6,A,6,premium,yes,yes,4,85,0
60,6,B,6,standard,no,yes,1,45,1
60,6,C,2,standard,yes,yes,1,85,0
60,7,A,6,premium,yes,yes,1,110,1
60,7,B,2,standard,no,yes,1,85,0
60,7,C,6,premium,no,yes,2,85,0
60,8,A,4,premium,no,yes,1,30,0
60,8,B,6,standard,no,yes,1,85,0
60,8,C,2,standard,no,yes,1,30,1
61,1,A,6,standard,no,yes,2,85,0
61,1,B,4,premium,yes,no,4,65,0
61,1,C,6,standard,yes,yes,2,45,1
61,2,A,6,standard,yes,yes,1,45,0
61,2,B,4,standard,yes,yes,4,65,1
61,2,C,4,premium,yes,no,2,110,0
61,3,A,4,standard,no,yes,4,110,0
61,3,B,6,premium,yes,yes,4,65,0
61,3,C,6,premium,no,yes,2,30,1
61,4,A,4,premium,yes,yes,2,85,0
61,4,B,4,standard,yes,no,4,85,0
61,4,C,6,premium,yes,yes,2,65,1
61,5,A,4,standard,no,yes,4,65,0
61,5,B,6,standard,yes,yes,2,85,0
61,5,C,4,premium,yes,yes,1,45,1
61,6,A,4,premium,no,yes,2,85,0
61,6,B,2,standard,no,no,2,30,0
61,6,C,4,premium,yes,no,2,65,1
61,7,A,6,standard,no,yes,2,65,0
61,7,B,2,standard,yes,yes,4,65,1
61,7,C,6,standard,no,no,1,45,0
61,8,A,2,standard,no,yes,4,110,0
61,8,B,6,standard,yes,no,4,85,1
61,8,C,6,premium,yes,yes,1,30,0
62,1,A,6,premium,yes,yes,2,65,1
62,1,B,6,standard,no,yes,2,30,0
62,1,C,2,premium,yes,yes,4,85,0
62,2,A,2,standard,no,no,2,85,0
62,2,B,4,standard,yes,no,2,30,1
62,2,C,2,standard,no,no,2,85,0
62,3,A,2,standard,no,no,2,85,1
62,3,B,6,premium,no,no,2,30,0
62,3,C,4,standard,no,no,4,110,0
62,4,A,2,premium,yes,yes,2,30,1
62,4,B,6,premium,no,no,1,110,0
62,4,C,4,premium,yes,no,1,110,0
62,5,A,6,standard,no,yes,2,85,0
62,5,B,2,premium,yes,no,4,30,1
62,5,C,6,premium,yes,no,2,65,0
62,6,A,4,premium,yes,yes,4,110,1
62,6,B,2,standard,yes,no,4,30,0
62,6,C,2,premium,yes,no,1,65,0
62,7,A,4,premium,no,no,1,110,0
62,7,B,4,standard,yes,no,2,45,1
62,7,C,2,standard,no,yes,1,45,0
62,8,A,2,premium,yes,yes,4,30,1
62,8,B,4,premium,yes,no,2,45,0
62,8,C,2,standard,yes,yes,2,45,0
63,1,A,4,standard,yes,no,2,65,0
63,1,B,2,premium,yes,yes,1,30,1
63,1,C,4,premium,no,no,4,30,0
63,2,A,6,premium,no,no,1,85,0
63,2,B,2,standard,no,yes,2,85,0
63,2,C,2,standard,no,no,4,65,1
63,3,A,6,premium,no,no,4,30,0
63,3,B,2,premium,yes,yes,1,65,1
63,3,C,2,premium,yes,no,2,85,0
63,4,A,4,premium,yes,no,2,30,1
63,4,B,4,premium,yes,yes,2,110,0
63,4,C,6,premium,no,no,4,65,0
63,5,A,4,standard,no,no,2,65,0
63,5,B,4,standard,yes,no,1,65,0
63,5,C,4,premium,yes,yes,2,85,1
63,6,A,6,standard,no,yes,2,30,1
63,6,B,6,standard,yes,no,2,110,0
63,6,C,4,premium,yes,yes,2,110,0
63,7,A,2,premium,no,yes,4,30,1
63,7,B,6,standard,yes,yes,1,30,0
63,7,C,4,standard,no,no,1,30,0
63,8,A,4,premium,no,no,4,45,0
63,8,B,6,standard,no,no,4,30,0
63,8,C,6,premium,yes,yes,4,65,1
64,1,A,2,standard,no,yes,4,65,0
64,1,B,2,premium,no,yes,4,45,1
64,1,C,2,standard,no,no,4,30,0
64,2,A,6,premium,yes,no,1,30,1
64,2,B,6,standard,yes,no,4,110,0
64,2,C,2,standard,yes,no,1,45,0
64,3,A,4,standard,no,no,1,110,0
64,3,B,2,premium,yes,yes,2,45,0
64,3,C,6,standard,no,yes,1,30,1
64,4,A,6,standard,yes,yes,2,65,1
64,4,B,2,standard,yes,no,1,85,0
64,4,C,6,standard,no,no,1,85,0
64,5,A,4,standard,no,yes,1,85,0
64,5,B,4,standard,yes,yes,4,30,0
64,5,C,4,premium,no,yes,4,65,1
64,6,A,2,standard,yes,yes,2,30,0
64,6,B,4,standard,no,no,1,110,0
64,6,C,4,standard,no,yes,2,45,1
64,7,A,2,standard,yes,no,1,85,0
64,7,B,2,standard,yes,no,1,45,1
64,7,C,4,standard,yes,no,4,65,0
64,8,A,2,premium,no,no,1,45,0
64,8,B,6,standard,no,yes,2,30,1
64,8,C,6,standard,no,no,4,30,0
65,1,A,2,premium,yes,yes,2,85,0
65,1,B,6,standard,yes,yes,4,85,0
65,1,C,6,premium,no,yes,1,45,1
65,2,A,4,standard,yes,no,1,30,1
65,2,B,2,premium,no,yes,1,65,0
65,2,C,6,standard,no,yes,1,110,0
65,3,A,6,standard,no,yes,2,110,0
65,3,B,4,standard,yes,no,4,65,1
65,3,C,6,standard,no,yes,2,85,0
65,4,A,2,standard,yes,yes,2,110,0
65,4,B,4,premium,yes,no,1,85,0
65,4,C,2,premium,no,no,4,85,1
65,5,A,6,standard,yes,no,4,30,0
65,5,B,2,standard,no,yes,2,30,0
65,5,C,6,standard,yes,yes,1,65,1
65,6,A,2,standard,yes,yes,2,45,0
65,6,B,2,standard,yes,no,1,110,0
65,6,C,4,standard,no,yes,2,45,1
65,7,A,4,premium,no,yes,2,30,1
65,7,B,4,standard,no,no,4,45,0
65,7,C,2,premium,no,no,2,65,0
65,8,A,2,standard,no,no,2,110,0
65,8,B,6,standard,yes,yes,4,45,1
65,8,C,4,standard,no,no,2,65,0
66,1,A,6,premium,no,no,2,30,1
66,1,B,2,premium,no,no,2,30,0
66,1,C,2,premium,yes,yes,2,85,0
66,2,A,4,standard,no,no,1,110,0
66,2,B,4,premium,yes,yes,4,30,1
66,2,C,6,standard,yes,no,1,110,0
66,3,A,6,standard,no,yes,1,30,1
66,3,B,2,premium,no,no,1,30,0
66,3,C,6,standard,no,no,2,65,0
66,4,A,4,standard,yes,yes,1,85,0
66,4,B,4,standard,no,yes,4,45,1
66,4,C,6,standard,no,no,4,110,0
66,5,A,2,standard,no,yes,2,85,0
66,5,B,6,premium,yes,yes,4,110,1
66,5,C,4,standard,no,yes,1,110,0
66,6,A,6,standard,yes,no,4,65,0
66,6,B,4,standard,no,yes,4,30,1
66,6,C,2,premium,no,yes,1,45,0
66,7,A,2,premium,yes,no,1,85,0
66,7,B,2,premium,no,yes,2,85,0
66,7,C,6,standard,yes,yes,4,45,1
66,8,A,4,premium,no,no,4,110,0
66,8,B,6,premium,no,no,1,45,0
66,8,C,4,standard,no,yes,1,65,1
67,1,A,2,standard,yes,no,2,30,1
67,1,B,4,premium,yes,yes,4,110,0
67,1,C,2,premium,no,no,2,45,0
67,2,A,4,standard,yes,yes,4,85,0
67,2,B,4,premium,no,yes,2,65,0
67,2,C,6,standard,yes,no,2,45,1
67,3,A,4,standard,no,yes,4,65,0
67,3,B,4,standard,yes,yes,4,45,0
67,3,C,4,standard,no,no,2,65,1
67,4,A,2,premium,no,yes,4,45,1
67,4,B,4,standard,no,no,4,110,0
67,4,C,2,standard,yes,no,2,85,0
67,5,A,4,standard,no,yes,2,45,1
67,5,B,2,standard,yes,yes,2,45,0
67,5,C,4,standard,yes,yes,4,45,0
67,6,A,4,premium,no,no,1,65,0
67,6,B,4,premium,yes,no,1,45,0
67,6,C,2,standard,no,yes,1,30,1
67,7,A,4,premium,no,no,2,30,1
67,7,B,4,premium,yes,no,2,110,0
67,7,C,4,premium,yes,no,1,65,0
67,8,A,2,standard,yes,yes,4,85,0
67,8,B,4,premium,no,no,4,30,1
67,8,C,2,standard,no,no,1,65,0
68,1,A,2,standard,yes,yes,2,65,0
68,1,B,4,standard,no,yes,4,45,1
68,1,C,6,premium,no,yes,4,65,0
68,2,A,6,standard,no,no,1,85,1
68,2,B,4,standard,no,yes,2,85,0
68,2,C,2,standard,no,no,4,65,0
68,3,A,6,standard,no,yes,4,65,0
68,3,B,2,premium,yes,no,1,85,1
68,3,C,2,premium,yes,no,1,65,0
68,4,A,4,premium,yes,yes,4,65,0
68,4,B,2,premium,yes,yes,4,65,1
68,4,C,4,standard,no,no,4,85,0
68,5,A,6,premium,no,no,4,110,0
68,5,B,6,premium,no,yes,4,110,0
68,5,C,6,standard,no,yes,2,30,1
68,6,A,2,premium,yes,no,1,110,0
68,6,B,2,standard,yes,no,1,65,1
68,6,C,2,standard,no,yes,4,110,0
68,7,A,6,premium,no,no,4,110,0
68,7,B,2,standard,yes,yes,4,65,1
68,7,C,6,premium,no,no,4,30,0
68,8,A,4,premium,yes,yes,4,45,0
68,8,B,4,standard,no,yes,1,65,0
68,8,C,4,standard,yes,no,1,45,1
69,1,A,2,premium,no,no,1,45,0
69,1,B,4,premium,no,yes,4,30,1
69,1,C,4,standard,yes,no,2,30,0
69,2,A,2,premium,no,no,1,110,0
69,2,B,6,premium,yes,no,1,110,0
69,2,C,6,standard,no,yes,1,85,1
69,3,A,2,premium,yes,no,4,30,0
69,3,B,2,standard,no,yes,4,30,1
69,3,C,4,premium,yes,no,1,65,0
69,4,A,4,standard,yes,yes,4,65,1
69,4,B,6,premium,yes,yes,4,110,0
69,4,C,2,premium,no,yes,4,85,0
69,5,A,2,standard,yes,yes,2,110,0
69,5,B,2,premium,no,yes,4,85,1
69,5,C,4,premium,no,no,2,65,0
69,6,A,6,premium,no,yes,4,45,1
69,6,B,6,premium,no,no,1,110,0
69,6,C,6,premium,yes,no,4,45,0
69,7,A,4,standard,yes,no,4,45,1
69,7,B,4,standard,yes,yes,1,30,0
69,7,C,4,premium,no,no,2,30,0
69,8,A,4,premium,no,no,1,110,0
69,8,B,6,standard,no,no,1,110,1
69,8,C,6,standard,no,no,2,110,0
70,1,A,4,standard,no,yes,4,85,0
70,1,B,4,premium,no,no,2,85,0
70,1,C,4,premium,yes,no,2,110,1
70,2,A,4,standard,yes,yes,1,85,0
70,2,B,2,standard,yes,no,4,110,0
70,2,C,4,standard,yes,no,4,85,1
70,3,A,6,premium,no,no,4,85,0
70,3,B,4,premium,yes,yes,2,65,0
70,3,C,2,premium,yes,no,1,65,1
70,4,A,4,standard,yes,yes,1,30,0
70,4,B,6,premium,yes,no,4,85,0
70,4,C,6,premium,yes,no,1,30,1
70,5,A,4,premium,no,no,2,85,1
70,5,B,2,standard,no,no,4,110,0
70,5,C,4,standard,no,no,2,85,0
70,6,A,4,standard,no,no,1,110,0
70,6,B,6,premium,no,yes,2,65,1
70,6,C,4,standard,yes,no,1,110,0
70,7,A,6,standard,no,no,2,85,0
70,7,B,4,premium,yes,no,1,85,1
70,7,C,4,premium,no,no,2,65,0
70,8,A,4,premium,no,no,1,30,1
70,8,B,4,premium,yes,no,1,85,0
70,8,C,2,premium,no,yes,2,85,0
71,1,A,6,standard,no,no,2,65,1
71,1,B,2,standard,no,no,1,45,0
71,1,C,2,standard,no,no,1,85,0
71,2,A,6,premium,no,yes,2,30,0
71,2,B,4,premium,no,no,4,65,0
71,2,C,2,premium,no,no,1,65,1
71,3,A,6,standard,no,no,2,85,0
71,3,B,2,premium,yes,no,1,85,0
71,3,C,2,standard,no,no,1,85,1
71,4,A,4,premium,no,yes,1,65,0
71,4,B,6,standard,yes,no,1,65,0
71,4,C,4,premium,yes,yes,2,45,1
71,5,A,4,premium,no,no,1,45,0
71,5,B,2,premium,yes,no,4,110,0
71,5,C,2,premium,yes,no,4,45,1
71,6,A,2,standard,no,no,2,85,0
71,6,B,2,standard,yes,yes,1,65,1
71,6,C,2,standard,yes,yes,4,85,0
71,7,A,2,premium,yes,yes,1,85,0
71,7,B,2,premium,yes,yes,4,30,1
71,7,C,2,premium,yes,no,2,65,0
71,8,A,2,premium,no,yes,4,65,0
71,8,B,2,premium,yes,no,4,85,0
71,8,C,6,standard,yes,no,1,45,1
72,1,A,6,premium,yes,no,1,30,0
72,1,B,2,premium,no,yes,4,110,1
72,1,C,2,standard,no,no,4,65,0
72,2,A,6,premium,no,yes,4,65,1
72,2,B,4,premium,no,no,4,110,0
72,2,C,2,standard,yes,no,1,30,0
72,3,A,6,premium,yes,yes,1,85,0
72,3,B,2,standard,no,yes,4,30,0
72,3,C,4,standard,no,no,2,45,1
72,4,A,4,premium,no,no,1,30,0
72,4,B,2,standard,yes,no,1,45,1
72,4,C,4,standard,no,no,1,45,0
72,5,A,4,premium,no,no,1,65,0
72,5,B,6,standard,no,yes,4,65,1
72,5,C,4,premium,no,yes,1,65,0
72,6,A,6,standard,yes,no,4,85,0
72,6,B,6,standard,yes,no,4,85,1
72,6,C,4,standard,no,yes,4,110,0
72,7,A,6,premium,no,yes,1,85,1
72,7,B,4,standard,yes,no,4,45,0
72,7,C,2,standard,no,no,4,110,0
72,8,A,4,standard,yes,yes,4,85,1
72,8,B,6,standard,no,no,2,110,0
72,8,C,2,premium,yes,yes,4,110,0
73,1,A,4,premium,no,yes,1,85,0
73,1,B,6,premium,yes,no,1,85,1
73,1,C,2,standard,yes,yes,2,85,0
73,2,A,4,standard,no,no,2,45,1
73,2,B,4,premium,no,no,1,110,0
73,2,C,6,standard,no,yes,4,65,0
73,3,A,2,premium,yes,yes,2,30,1
73,3,B,6,standard,no,yes,4,65,0
73,3,C,4,premium,no,yes,4,45,0
73,4,A,6,premium,yes,yes,4,65,1
73,4,B,6,premium,no,no,4,85,0
73,4,C,4,premium,no,no,1,45,0
73,5,A,2,standard,no,no,4,65,0
73,5,B,4,standard,yes,no,4,65,0
73,5,C,2,premium,yes,no,2,65,1
73,6,A,6,standard,yes,yes,1,65,0
73,6,B,6,standard,yes,yes,4,30,1
73,6,C,6,premium,no,yes,2,110,0
73,7,A,6,standard,yes,yes,1,65,1
73,7,B,6,standard,no,no,2,30,0
73,7,C,6,standard,no,no,4,110,0
73,8,A,6,premium,yes,no,4,110,0
73,8,B,4,premium,no,yes,1,110,0
73,8,C,4,premium,no,yes,1,110,1
74,1,A,2,standard,yes,yes,2,30,1
74,1,B,6,premium,yes,no,2,85,0
74,1,C,6,standard,yes,yes,2,45,0
74,2,A,4,premium,yes,yes,4,45,0
74,2,B,6,standard,yes,no,1,65,1
74,2,C,2,premium,no,no,2,85,0
74,3,A,2,standard,no,no,2,30,1
74,3,B,4,premium,no,no,4,85,0
74,3,C,2,premium,no,yes,1,85,0
74,4,A,2,premium,yes,yes,1,45,0
74,4,B,2,standard,no,yes,2,45,1
74,4,C,6,premium,no,no,2,45,0
74,5,A,2,premium,yes,no,4,65,0
74,5,B,2,standard,no,no,4,30,1
74,5,C,2,standard,no,no,2,45,0
74,6,A,4,standard,no,yes,1,85,0
74,6,B,6,standard,yes,no,2,65,1
74,6,C,2,premium,no,no,4,45,0
74,7,A,6,premium,no,yes,2,85,0
74,7,B,6,standard,yes,yes,4,85,0
74,7,C,2,premium,no,no,1,30,1
74,8,A,4,premium,no,yes,4,85,0
74,8,B,2,standard,yes,no,1,45,0
74,8,C,2,standard,yes,no,4,45,1
75,1,A,6,standard,no,no,4,85,0
75,1,B,6,premium,no,no,2,30,1
75,1,C,6,premium,yes,yes,4,85,0
75,2,A,4,standard,no,yes,4,45,0
75,2,B,2,premium,yes,no,2,30,1
75,2,C,2,premium,yes,yes,1,45,0
75,3,A,6,premium,no,no,4,65,0
75,3,B,4,premium,yes,no,4,65,0
75,3,C,2,standard,no,yes,2,30,1
75,4,A,4,standard,no,yes,1,85,0
75,4,B,4,standard,yes,yes,2,85,1
75,4,C,2,standard,no,yes,2,85,0
75,5,A,2,premium,yes,yes,4,110,1
75,5,B,2,premium,no,yes,4,110,0
75,5,C,4,standard,no,no,4,65,0
75,6,A,2,premium,no,no,2,85,0
75,6,B,4,standard,no,yes,2,30,0
75,6,C,2,premium,no,yes,1,85,1
75,7,A,4,standard,yes,yes,4,110,0
75,7,B,4,standard,no,no,4,65,0
75,7,C,4,premium,no,no,1,30,1
75,8,A,2,standard,yes,yes,2,65,0
75,8,B,4,standard,yes,yes,1,65,0
75,8,C,4,premium,no,yes,2,30,1
76,1,A,2,standard,no,no,4,30,0
76,1,B,4,premium,yes,yes,4,65,1
76,1,C,4,premium,no,no,4,30,0
76,2,A,6,premium,yes,yes,2,110,0
76,2,B,6,standard,yes,yes,4,85,0
76,2,C,6,standard,no,no,1,45,1
76,3,A,4,premium,yes,no,4,30,1
76,3,B,2,standard,yes,no,4,110,0
76,3,C,6,standard,no,no,4,30,0
76,4,A,6,standard,yes,yes,4,65,0
76,4,B,4,premium,yes,yes,1,45,0
76,4,C,4,premium,yes,yes,1,65,1
76,5,A,6,premium,yes,yes,2,65,0
76,5,B,4,premium,no,yes,2,85,0
76,5,C,6,premium,yes,no,1,65,1
76,6,A,6,premium,no,yes,4,65,1
76,6,B,2,standard,yes,yes,1,30,0
76,6,C,6,standard,no,yes,2,110,0
76,7,A,4,standard,yes,no,4,85,1
76,7,B,2,premium,no,no,2,85,0
76,7,C,4,premium,no,yes,1,85,0
76,8,A,2,premium,no,yes,2,85,0
76,8,B,6,standard,no,yes,4,30,1
76,8,C,2,standard,no,no,1,110,0
77,1,A,4,premium,no,no,2,110,0
77,1,B,4,premium,no,no,4,85,1
77,1,C,2,premium,yes,no,2,65,0
77,2,A,6,standard,no,no,1,45,0
77,2,B,4,standard,no,no,4,85,0
77,2,C,2,standard,yes,no,4,110,1
77,3,A,2,standard,yes,no,2,45,0
77,3,B,6,premium,yes,yes,2,45,1
77,3,C,2,premium,no,no,1,45,0
77,4,A,4,standard,no,yes,2,45,0
77,4,B,6,premium,no,yes,4,65,0
77,4,C,2,standard,yes,yes,1,65,1
77,5,A,4,standard,yes,yes,1,45,0
77,5,B,6,standard,yes,no,1,30,1
77,5,C,2,standard,yes,no,2,110,0
77,6,A,6,premium,no,no,1,45,1
77,6,B,2,premium,yes,no,4,85,0
77,6,C,6,premium,no,yes,2,30,0
77,7,A,4,premium,yes,yes,2,45,0
77,7,B,2,premium,yes,yes,1,110,0
77,7,C,2,premium,yes,no,1,30,1
77,8,A,4,standard,yes,no,2,110,0
77,8,B,2,standard,yes,no,1,85,0
77,8,C,4,premium,yes,no,2,30,1
78,1,A,2,standard,no,yes,4,110,0
78,1,B,6,premium,no,no,2,45,1
78,1,C,4,premium,no,yes,4,65,0
78,2,A,2,premium,yes,no,1,110,0
78,2,B,6,premium,yes,yes,2,45,1
78,2,C,6,premium,no,yes,4,30,0
78,3,A,4,standard,no,yes,4,65,1
78,3,B,2,standard,no,no,2,30,0
78,3,C,2,standard,yes,no,1,85,0
78,4,A,2,premium,yes,yes,4,110,0
78,4,B,4,premium,yes,yes,2,30,1
78,4,C,6,standard,no,no,4,30,0
78,5,A,4,premium,yes,yes,4,85,0
78,5,B,6,standard,yes,no,4,85,1
78,5,C,6,premium,no,no,2,65,0
78,6,A,2,standard,no,yes,4,110,0
78,6,B,2,premium,yes,yes,2,110,1
78,6,C,6,standard,no,yes,2,65,0
78,7,A,4,premium,no,no,4,45,0
78,7,B,2,standard,yes,yes,1,65,0
78,7,C,4,standard,yes,yes,2,45,1
78,8,A,2,standard,no,no,2,65,0
78,8,B,4,premium,yes,yes,1,110,0
78,8,C,2,premium,no,yes,2,45,1
79,1,A,4,standard,no,no,1,110,0
79,1,B,4,premium,no,yes,1,30,0
79,1,C,2,premium,yes,yes,4,45,1
79,2,A,2,premium,yes,yes,2,30,1
79,2,B,4,standard,yes,yes,2,85,0
79,2,C,4,premium,yes,yes,4,85,0
79,3,A,2,standard,yes,yes,2,85,0
79,3,B,6,premium,no,yes,2,85,0
79,3,C,6,standard,yes,no,4,30,1
79,4,A,2,standard,no,no,2,85,0
79,4,B,6,premium,yes,no,4,30,1
79,4,C,6,standard,yes,no,1,45,0
79,5,A,4,premium,no,yes,1,30,0
79,5,B,2,standard,no,yes,2,45,0
79,5,C,2,premium,no,yes,2,65,1
79,6,A,2,standard,yes,no,1,110,0
79,6,B,4,premium,yes,no,2,45,0
79,6,C,4,premium,yes,yes,1,45,1
79,7,A,6,premium,no,no,1,30,1
79,7,B,2,standard,no,no,4,110,0
79,7,C,6,standard,yes,yes,1,110,0
79,8,A,4,standard,no,no,1,30,0
79,8,B,6,premium,yes,yes,2,30,1
79,8,C,6,standard,yes,no,1,45,0
80,1,A,4,premium,yes,no,1,30,1
80,1,B,4,premium,yes,yes,1,65,0
80,1,C,2,standard,yes,yes,4,110,0
80,2,A,4,standard,yes,yes,2,65,0
80,2,B,4,premium,no,yes,1,110,0
80,2,C,2,premium,no,yes,2,110,1
80,3,A,4,standard,yes,yes,2,85,0
80,3,B,2,premium,no,yes,2,65,0
80,3,C,2,standard,yes,yes,2,45,1
80,4,A,4,standard,no,yes,2,30,0
80,4,B,6,standard,yes,no,2,30,0
80,4,C,2,premium,yes,yes,4,30,1
80,5,A,6,premium,yes,yes,2,30,1
80,5,B,6,standard,yes,no,4,110,0
80,5,C,4,premium,no,no,1,30,0
80,6,A,6,premium,no,no,2,30,1
80,6,B,4,standard,yes,no,4,85,0
80,6,C,6,premium,yes,no,2,65,0
80,7,A,2,premium,yes,yes,1,30,0
80,7,B,4,premium,yes,no,1,110,0
80,7,C,6,premium,yes,yes,2,30,1
80,8,A,4,premium,yes,yes,2,110,0
80,8,B,2,standard,yes,yes,2,65,1
80,8,C,4,standard,no,yes,1,45,0
81,1,A,4,premium,yes,yes,2,65,0
81,1,B,4,premium,yes,no,4,110,1
81,1,C,6,standard,no,yes,2,45,0
81,2,A,4,standard,yes,no,2,45,1
81,2,B,2,premium,no,no,4,110,0
81,2,C,2,standard,no,yes,4,30,0
81,3,A,2,standard,yes,yes,1,30,1
81,3,B,4,standard,yes,no,2,85,0
81,3,C,2,standard,no,yes,4,65,0
81,4,A,2,premium,no,yes,4,85,1
81,4,B,4,standard,no,no,2,110,0
81,4,C,2,standard,yes,no,4,110,0
81,5,A,6,premium,no,no,4,85,0
81,5,B,6,standard,no,no,2,45,1
81,5,C,2,premium,yes,no,2,85,0
81,6,A,4,premium,yes,no,2,110,0
81,6,B,4,premium,no,yes,4,65,0
81,6,C,2,premium,yes,yes,1,45,1
81,7,A,2,premium,yes,yes,4,65,0
81,7,B,2,premium,yes,no,2,30,1
81,7,C,2,standard,no,yes,4,45,0
81,8,A,4,premium,no,no,4,85,0
81,8,B,2,standard,no,yes,4,85,0
81,8,C,4,standard,no,no,4,30,1
82,1,A,4,standard,no,yes,2,45,0
82,1,B,4,premium,no,yes,1,45,1
82,1,C,4,premium,yes,no,1,45,0
82,2,A,6,premium,yes,no,2,85,0
82,2,B,2,premium,yes,no,4,65,0
82,2,C,6,premium,no,yes,1,45,1
82,3,A,6,standard,yes,yes,4,45,1
82,3,B,6,standard,no,no,4,85,0
82,3,C,4,premium,yes,no,1,110,0
82,4,A,6,premium,yes,no,4,65,0
82,4,B,4,standard,no,yes,2,85,0
82,4,C,4,premium,yes,no,4,85,1
82,5,A,4,premium,yes,no,4,85,0
82,5,B,4,standard,no,yes,2,30,0
82,5,C,2,premium,no,yes,2,30,1
82,6,A,2,standard,no,yes,2,85,0
82,6,B,2,standard,yes,yes,2,45,0
82,6,C,6,standard,no,yes,4,30,1
82,7,A,4,standard,no,yes,1,65,0
82,7,B,6,premium,no,yes,4,65,0
82,7,C,2,standard,yes,yes,1,30,1
82,8,A,6,premium,yes,no,4,30,0
82,8,B,6,standard,no,yes,4,65,1
82,8,C,2,standard,yes,no,4,65,0
83,1,A,6,standard,yes,no,2,65,1
83,1,B,6,standard,no,yes,1,85,0
83,1,C,2,premium,yes,yes,1,45,0
83,2,A,2,standard,yes,no,4,45,1
83,2,B,4,standard,no,yes,2,85,0
83,2,C,2,premium,no,yes,2,30,0
83,3,A,4,premium,no,no,4,110,1
83,3,B,6,standard,no,no,4,85,0
83,3,C,6,premium,no,yes,2,110,0
83,4,A,2,premium,no,no,4,110,1
83,4,B,2,standard,yes,no,2,110,0
83,4,C,6,premium,yes,yes,4,110,0
83,5,A,4,premium,yes,no,4,110,0
83,5,B,6,premium,no,yes,1,30,1
83,5,C,2,standard,yes,no,1,30,0
83,6,A,6,standard,yes,no,1,85,0
83,6,B,2,standard,no,no,4,45,0
83,6,C,2,standard,no,yes,4,30,1
83,7,A,4,premium,no,no,4,110,1
83,7,B,2,standard,yes,no,2,110,0
83,7,C,6,premium,yes,yes,1,110,0
83,8,A,4,standard,no,no,2,30,0
83,8,B,2,premium,yes,no,1,45,0
83,8,C,2,premium,yes,yes,2,30,1
84,1,A,6,standard,no,no,2,85,0
84,1,B,2,standard,no,yes,4,30,1
84,1,C,2,premium,yes,yes,4,110,0
84,2,A,6,standard,no,yes,2,110,0
84,2,B,4,premium,yes,yes,4,45,1
84,2,C,6,premium,yes,yes,4,85,0
84,3,A,2,standard,no,yes,2,30,0
84,3,B,2,standard,no,no,2,65,0
84,3,C,2,standard,yes,yes,4,65,1
84,4,A,6,premium,no,yes,2,65,0
84,4,B,2,premium,no,yes,1,65,1
84,4,C,2,premium,yes,yes,1,85,0
84,5,A,4,premium,no,yes,1,45,0
84,5,B,4,premium,yes,no,2,45,1
84,5,C,2,premium,no,no,2,45,0
84,6,A,2,premium,yes,yes,1,65,0
84,6,B,6,standard,no,yes,4,45,1
84,6,C,4,standard,yes,yes,4,65,0
84,7,A,4,standard,no,no,2,110,0
84,7,B,6,standard,no,yes,4,45,1
84,7,C,6,premium,no,yes,1,65,0
84,8,A,6,premium,yes,yes,4,110,0
84,8,B,2,premium,no,yes,2,45,1
84,8,C,6,premium,yes,yes,1,85,0
85,1,A,4,premium,no,no,1,30,1
85,1,B,4,standard,yes,no,1,110,0
85,1,C,2,standard,no,yes,4,45,0
85,2,A,6,standard,yes,no,2,110,0
85,2,B,4,premium,yes,no,4,85,0
85,2,C,2,standard,yes,yes,4,30,1
85,3,A,4,standard,no,no,1,45,1
85,3,B,6,standard,no,no,4,110,0
85,3,C,4,standard,no,yes,2,30,0
85,4,A,6,standard,yes,no,2,85,0
85,4,B,2,premium,no,yes,2,30,1
85,4,C,6,standard,yes,yes,1,85,0
85,5,A,6,premium,no,yes,4,30,1
85,5,B,6,premium,no,yes,4,45,0
85,5,C,2,standard,no,yes,2,45,0
85,6,A,6,premium,no,no,2,65,0
85,6,B,6,premium,no,yes,4,65,1
85,6,C,6,premium,yes,yes,1,110,0
85,7,A,2,premium,no,no,2,85,0
85,7,B,2,standard,no,no,1,45,1
85,7,C,4,standard,yes,no,4,85,0
85,8,A,2,premium,yes,no,2,65,1
85,8,B,2,premium,yes,yes,2,110,0
85,8,C,2,premium,no,yes,1,110,0
86,1,A,6,standard,yes,yes,1,45,1
86,1,B,2,standard,yes,no,2,85,0
86,1,C,6,premium,yes,yes,4,45,0
86,2,A,2,premium,no,yes,1,30,0
86,2,B,6,premium,yes,yes,1,65,0
86,2,C,6,premium,no,no,4,45,1
86,3,A,4,standard,no,yes,4,45,0
86,3,B,6,standard,no,yes,2,110,0
86,3,C,2,premium,yes,yes,1,30,1
86,4,A,6,premium,yes,no,2,65,0
86,4,B,6,standard,no,no,1,110,0
86,4,C,6,standard,yes,yes,4,45,1
86,5,A,6,premium,no,yes,4,65,0
86,5,B,2,premium,yes,yes,4,85,1
86,5,C,2,standard,no,no,4,110,0
86,6,A,6,standard,yes,yes,2,45,0
86,6,B,2,premium,no,no,2,30,1
86,6,C,6,premium,no,no,1,110,0
86,7,A,4,premium,no,yes,4,110,0
86,7,B,2,standard,yes,yes,1,65,0
86,7,C,4,premium,yes,no,4,30,1
86,8,A,2,premium,no,no,2,30,0
86,8,B,6,standard,no,no,1,30,1
86,8,C,4,standard,no,no,4,85,0
87,1,A,4,premium,yes,no,2,85,0
87,1,B,2,premium,yes,no,1,30,0
87,1,C,6,premium,no,yes,4,85,1
87,2,A,4,premium,yes,no,4,65,0
87,2,B,4,standard,no,yes,4,85,0
87,2,C,6,standard,yes,no,4,65,1
87,3,A,4,standard,no,yes,2,45,1
87,3,B,2,premium,yes,no,2,30,0
87,3,C,2,standard,no,yes,1,45,0
87,4,A,2,standard,yes,no,2,85,0
87,4,B,6,standard,yes,yes,1,45,1
87,4,C,6,standard,no,no,4,85,0
87,5,A,6,premium,yes,no,2,85,0
87,5,B,4,premium,yes,no,1,110,0
87,5,C,6,premium,no,no,1,30,1
87,6,A,4,premium,no,yes,4,45,1
87,6,B,6,standard,yes,no,1,65,0
87,6,C,6,standard,yes,yes,2,110,0
87,7,A,4,premium,yes,no,1,30,1
87,7,B,2,premium,yes,no,4,65,0
87,7,C,2,standard,no,yes,1,110,0
87,8,A,4,standard,no,yes,2,85,1
87,8,B,6,standard,yes,yes,1,65,0
87,8,C,2,premium,yes,no,1,30,0
88,1,A,6,premium,yes,no,2,65,0
88,1,B,4,premium,no,yes,4,30,1
88,1,C,4,premium,no,no,4,30,0
88,2,A,4,premium,yes,yes,4,30,1
88,2,B,2,premium,yes,no,1,30,0
88,2,C,2,standard,no,yes,1,45,0
88,3,A,2,premium,no,yes,2,65,0
88,3,B,4,standard,yes,no,1,65,0
88,3,C,2,standard,yes,no,2,30,1
88,4,A,4,standard,yes,yes,1,85,1
88,4,B,2,standard,no,no,1,85,0
88,4,C,4,standard,no,yes,2,65,0
88,5,A,4,premium,yes,no,4,65,1
88,5,B,4,premium,yes,yes,4,110,0
88,5,C,2,standard,no,yes,4,110,0
88,6,A,4,premium,yes,no,1,30,1
88,6,B,2,premium,yes,yes,4,110,0
88,6,C,2,standard,no,no,1,45,0
88,7,A,2,standard,no,yes,2,85,0
88,7,B,4,standard,yes,yes,2,65,1
88,7,C,2,standard,no,no,2,110,0
88,8,A,2,standard,no,yes,2,110,0
88,8,B,2,standard,yes,yes,4,45,1
88,8,C,2,standard,no,no,4,110,0
89,1,A,2,standard,no,yes,4,110,0
89,1,B,4,standard,yes,no,1,110,0
89,1,C,4,standard,yes,no,1,110,1
89,2,A,2,premium,no,yes,2,85,0
89,2,B,4,premium,no,yes,2,65,1
89,2,C,2,standard,no,yes,4,65,0
89,3,A,6,standard,yes,no,1,45,1
89,3,B,4,standard,yes,yes,2,65,0
89,3,C,2,standard,yes,yes,1,30,0
89,4,A,4,premium,yes,yes,2,110,0
89,4,B,6,standard,no,yes,1,85,0
89,4,C,4,standard,yes,yes,4,65,1
89,5,A,2,standard,no,yes,1,65,0
89,5,B,4,standard,yes,no,4,85,0
89,5,C,6,standard,yes,yes,2,85,1
89,6,A,2,premium,yes,yes,1,45,1
89,6,B,2,premium,yes,yes,1,110,0
89,6,C,4,standard,no,yes,2,110,0
89,7,A,4,premium,no,no,4,110,0
89,7,B,4,standard,no,no,1,110,0
89,7,C,2,premium,no,yes,4,85,1
89,8,A,6,standard,yes,yes,1,85,1
89,8,B,4,standard,yes,no,1,110,0
89,8,C,6,standard,no,no,1,30,0
90,1,A,6,standard,yes,yes,4,85,0
90,1,B,6,premium,yes,yes,4,85,0
90,1,C,4,premium,no,yes,1,85,1
90,2,A,4,premium,yes,yes,2,45,1
90,2,B,6,premium,yes,no,2,45,0
90,2,C,6,premium,no,no,2,65,0
90,3,A,6,premium,no,yes,2,85,0
90,3,B,6,premium,yes,yes,2,65,0
90,3,C,4,premium,no,yes,4,30,1
90,4,A,4,premium,no,no,1,65,0
90,4,B,2,standard,yes,yes,2,45,0
90,4,C,4,standard,no,no,2,65,1
90,5,A,4,premium,no,no,1,30,1
90,5,B,2,premium,yes,yes,4,85,0
90,5,C,4,standard,no,no,4,65,0
90,6,A,4,premium,yes,no,4,45,1
90,6,B,2,premium,yes,no,4,30,0
90,6,C,2,standard,no,yes,4,85,0
90,7,A,6,premium,no,yes,4,30,1
90,7,B,6,premium,no,yes,1,85,0
90,7,C,2,standard,yes,yes,4,45,0
90,8,A,2,standard,yes,yes,1,65,0
90,8,B,2,premium,no,no,4,85,0
90,8,C,4,standard,no,no,2,45,1
91,1,A,2,standard,yes,yes,1,30,1
91,1,B,2,standard,no,no,4,45,0
91,1,C,4,premium,no,no,2,65,0
91,2,A,6,premium,no,no,1,45,1
91,2,B,2,standard,no,no,2,65,0
91,2,C,2,premium,yes,no,1,45,0
91,3,A,6,standard,no,yes,2,65,1
91,3,B,4,premium,no,yes,1,110,0
91,3,C,2,standard,no,no,2,110,0
91,4,A,2,premium,no,yes,4,85,0
91,4,B,6,premium,no,no,2,85,0
91,4,C,4,premium,no,yes,2,45,1
91,5,A,2,standard,no,yes,4,65,0
91,5,B,4,standard,no,no,4,30,0
91,5,C,2,premium,yes,no,1,30,1
91,6,A,4,standard,no,yes,2,45,0
91,6,B,6,standard,no,no,1,65,0
91,6,C,4,standard,yes,no,2,30,1
91,7,A,4,premium,no,yes,2,30,1
91,7,B,6,standard,no,no,2,30,0
91,7,C,2,premium,yes,no,2,110,0
91,8,A,6,premium,no,yes,4,110,0
91,8,B,6,standard,no,no,4,45,0
91,8,C,2,standard,no,yes,2,45,1
92,1,A,6,premium,yes,no,1,85,1
92,1,B,6,premium,no,no,4,85,0
92,1,C,6,standard,yes,yes,4,65,0
92,2,A,2,premium,yes,yes,2,85,0
92,2,B,4,standard,yes,yes,1,110,0
92,2,C,2,standard,yes,no,1,45,1
92,3,A,6,premium,no,no,4,45,1
92,3,B,2,premium,yes,no,4,65,0
92,3,C,2,premium,yes,yes,1,65,0
92,4,A,4,premium,no,yes,1,85,1
92,4,B,2,standard,yes,no,1,85,0
92,4,C,2,premium,no,no,1,65,0
92,5,A,4,premium,no,no,1,85,0
92,5,B,2,premium,no,no,4,110,0
92,5,C,6,premium,no,yes,1,45,1
92,6,A,4,standard,yes,yes,1,30,0
92,6,B,2,standard,no,no,4,45,1
92,6,C,6,standard,yes,no,2,85,0
92,7,A,2,premium,yes,yes,4,110,1
92,7,B,4,premium,no,yes,1,110,0
92,7,C,4,premium,no,no,2,110,0
92,8,A,2,standard,no,no,4,85,0
92,8,B,6,premium,yes,yes,2,110,0
92,8,C,2,premium,yes,yes,2,30,1
93,1,A,4,standard,yes,yes,4,45,1
93,1,B,4,standard,yes,yes,1,85,0
93,1,C,6,standard,yes,yes,1,30,0
93,2,A,2,premium,no,yes,4,110,0
93,2,B,2,premium,yes,yes,1,110,0
93,2,C,2,standard,no,no,1,30,1
93,3,A,2,premium,no,yes,4,45,0
93,3,B,2,standard,yes,no,4,45,1
93,3,C,6,premium,no,yes,1,30,0
93,4,A,4,standard,no,yes,4,65,0
93,4,B,2,premium,no,no,1,85,1
93,4,C,4,standard,yes,no,4,110,0
93,5,A,2,premium,no,yes,4,85,1
93,5,B,2,standard,no,no,4,30,0
93,5,C,6,standard,no,yes,4,85,0
93,6,A,6,premium,no,no,1,45,0
93,6,B,4,standard,yes,no,2,45,0
93,6,C,6,standard,yes,no,1,30,1
93,7,A,4,premium,yes,no,4,65,0
93,7,B,2,premium,yes,no,4,45,1
93,7,C,6,standard,no,yes,1,85,0
93,8,A,6,premium,yes,no,1,110,1
93,8,B,6,premium,no,no,2,85,0
93,8,C,2,standard,no,no,4,65,0
94,1,A,6,standard,yes,no,4,85,1
94,1,B,6,standard,no,no,2,110,0
94,1,C,4,premium,no,yes,4,45,0
94,2,A,4,standard,no,no,1,30,1
94,2,B,2,premium,yes,yes,2,85,0
94,2,C,6,standard,yes,yes,2,65,0
94,3,A,4,standard,no,yes,4,65,0
94,3,B,6,standard,no,yes,4,85,0
94,3,C,4,standard,yes,yes,2,45,1
94,4,A,4,standard,no,no,4,65,1
94,4,B,4,standard,yes,yes,4,65,0
94,4,C,4,premium,yes,no,4,110,0
94,5,A,2,standard,no,yes,4,85,0
94,5,B,2,premium,yes,yes,4,65,1
94,5,C,2,premium,yes,yes,2,65,0
94,6,A,2,standard,no,no,1,110,0
94,6,B,6,standard,yes,no,4,45,1
94,6,C,2,standard,yes,yes,1,110,0
94,7,A,6,premium,no,no,1,65,1
94,7,B,4,standard,yes,no,4,85,0
94,7,C,6,standard,yes,yes,4,85,0
94,8,A,2,premium,no,no,1,110,0
94,8,B,2,premium,no,yes,1,45,0
94,8,C,4,premium,yes,yes,2,45,1
95,1,A,6,premium,no,yes,1,85,0
95,1,B,2,premium,yes,no,2,30,0
95,1,C,4,standard,yes,yes,2,45,1
95,2,A,4,premium,no,yes,4,45,1
95,2,B,2,standard,yes,no,1,30,0
95,2,C,6,standard,yes,yes,1,45,0
95,3,A,4,premium,yes,no,2,30,0
95,3,B,4,premium,no,yes,2,85,1
95,3,C,2,premium,no,yes,2,85,0
95,4,A,6,premium,yes,yes,2,65,1
95,4,B,2,premium,no,no,2,85,0
95,4,C,2,standard,no,yes,4,85,0
95,5,A,6,premium,no,yes,1,85,0
95,5,B,4,standard,no,yes,2,85,0
95,5,C,6,standard,yes,no,4,65,1
95,6,A,6,standard,no,no,2,45,0
95,6,B,4,premium,no,yes,4,65,0
95,6,C,6,premium,no,yes,2,30,1
95,7,A,6,standard,no,no,1,65,0
95,7,B,2,premium,no,no,4,65,1
95,7,C,2,standard,no,yes,2,85,0
95,8,A,2,premium,yes,no,4,110,0
95,8,B,2,standard,yes,no,4,65,0
95,8,C,2,standard,no,yes,1,30,1
96,1,A,4,premium,no,yes,4,110,0
96,1,B,6,standard,no,yes,2,110,0
96,1,C,6,standard,no,yes,2,45,1
96,2,A,2,standard,no,yes,1,30,0
96,2,B,4,premium,no,no,4,85,1
96,2,C,6,standard,yes,no,2,65,0
96,3,A,4,standard,yes,yes,2,45,0
96,3,B,2,standard,no,no,1,30,1
96,3,C,2,standard,no,no,4,65,0
96,4,A,6,standard,no,no,1,45,0
96,4,B,2,standard,no,no,4,110,0
96,4,C,2,premium,yes,yes,2,65,1
96,5,A,6,standard,yes,no,1,30,0
96,5,B,4,premium,no,no,1,30,0
96,5,C,4,premium,yes,yes,1,65,1
96,6,A,4,standard,yes,no,2,65,0
96,6,B,6,premium,no,yes,1,110,0
96,6,C,4,premium,yes,yes,2,85,1
96,7,A,6,premium,yes,no,4,65,0
96,7,B,2,standard,no,yes,1,45,0
96,7,C,2,standard,yes,no,2,30,1
96,8,A,2,standard,yes,yes,4,85,0
96,8,B,6,standard,no,no,1,85,1
96,8,C,2,premium,yes,no,4,30,0
97,1,A,6,premium,yes,yes,1,85,0
97,1,B,6,standard,no,yes,4,45,0
97,1,C,2,standard,no,yes,2,30,1
97,2,A,6,premium,no,no,4,30,1
97,2,B,4,premium,yes,yes,4,110,0
97,2,C,6,standard,no,no,2,45,0
97,3,A,2,standard,yes,no,2,30,0
97,3,B,6,standard,yes,no,1,65,1
97,3,C,4,standard,yes,no,2,85,0
97,4,A,4,premium,yes,yes,1,110,1
97,4,B,2,standard,no,yes,1,110,0
97,4,C,2,standard,yes,no,2,110,0
97,5,A,4,standard,no,yes,1,65,0
97,5,B,6,premium,no,yes,1,110,0
97,5,C,2,standard,yes,yes,4,110,1
97,6,A,6,premium,no,no,2,45,1
97,6,B,6,premium,yes,yes,1,110,0
97,6,C,4,standard,no,no,1,65,0
97,7,A,6,standard,no,no,4,65,0
97,7,B,2,premium,yes,yes,1,30,0
97,7,C,2,standard,yes,no,4,30,1
97,8,A,2,premium,yes,no,1,45,0
97,8,B,6,premium,no,no,4,65,0
97,8,C,4,premium,yes,yes,2,45,1
98,1,A,2,standard,yes,yes,4,30,1
98,1,B,2,premium,no,yes,4,45,0
98,1,C,6,premium,no,no,1,85,0
98,2,A,6,standard,yes,yes,2,65,1
98,2,B,6,standard,yes,no,4,85,0
98,2,C,2,premium,no,no,4,45,0
98,3,A,4,standard,yes,yes,1,65,0
98,3,B,4,standard,no,no,4,30,1
98,3,C,4,premium,no,no,4,85,0
98,4,A,6,premium,yes,no,1,85,0
98,4,B,4,premium,yes,no,4,85,0
98,4,C,2,premium,no,no,4,110,1
98,5,A,6,standard,no,no,1,85,0
98,5,B,4,premium,no,yes,1,45,0
98,5,C,4,premium,no,yes,4,85,1
98,6,A,2,premium,no,yes,2,65,0
98,6,B,6,standard,yes,yes,1,30,1
98,6,C,2,standard,no,no,4,65,0
98,7,A,2,standard,yes,yes,4,110,0
98,7,B,4,premium,no,no,4,30,1
98,7,C,4,premium,no,yes,1,65,0
98,8,A,4,premium,yes,yes,1,85,0
98,8,B,6,premium,no,yes,2,85,0
98,8,C,4,premium,yes,no,4,85,1
99,1,A,4,premium,yes,yes,2,45,1
99,1,B,6,standard,no,no,2,110,0
99,1,C,4,premium,yes,yes,4,65,0
99,2,A,2,standard,no,no,2,65,0
99,2,B,4,standard,no,yes,4,85,0
99,2,C,4,standard,no,no,1,85,1
99,3,A,6,premium,yes,no,4,85,0
99,3,B,2,premium,yes,no,2,85,0
99,3,C,2,premium,yes,no,1,65,1
99,4,A,4,premium,no,no,1,65,0
99,4,B,6,premium,no,no,2,45,1
99,4,C,2,premium,no,no,2,110,0
99,5,A,4,standard,no,no,4,65,0
99,5,B,4,premium,no,yes,2,30,1
99,5,C,2,standard,no,no,2,110,0
99,6,A,6,premium,yes,no,2,85,0
99,6,B,6,standard,no,no,4,30,1
99,6,C,6,standard,no,yes,4,65,0
99,7,A,6,premium,yes,no,4,110,0
99,7,B,2,premium,yes,yes,4,45,1
99,7,C,6,premium,no,yes,1,110,0
99,8,A,2,premium,no,yes,4,30,1
99,8,B,2,standard,yes,no,2,30,0
99,8,C,6,premium,no,no,2,85,0
100,1,A,6,premium,yes,yes,2,65,0
100,1,B,6,standard,no,yes,1,30,1
100,1,C,2,premium,no,no,1,45,0
100,2,A,6,premium,no,no,1,45,0
100,2,B,6,standard,yes,yes,4,85,0
100,2,C,6,standard,yes,yes,4,30,1
100,3,A,4,premium,no,no,2,65,1
100,3,B,2,premium,no,yes,1,65,0
100,3,C,2,premium,yes,no,2,110,0
100,4,A,2,premium,yes,yes,1,65,0
100,4,B,4,premium,no,yes,1,45,0
100,4,C,2,premium,yes,yes,2,65,1
100,5,A,2,premium,no,no,2,30,1
100,5,B,2,standard,yes,no,1,85,0
100,5,C,2,premium,no,yes,2,85,0
100,6,A,6,premium,yes,yes,2,45,0
100,6,B,6,premium,no,no,1,85,1
100,6,C,4,standard,no,yes,2,65,0
100,7,A,4,standard,no,yes,2,30,0
100,7,B,4,standard,no,yes,1,30,1
100,7,C,6,standard,yes,yes,4,110,0
100,8,A,6,premium,yes,no,4,85,0
100,8,B,4,standard,no,yes,1,85,0
100,8,C,6,standard,no,no,1,30,1
101,1,A,2,premium,yes,no,1,85,1
101,1,B,6,standard,yes,no,2,110,0
101,1,C,4,premium,no,yes,2,110,0
101,2,A,6,premium,no,no,1,30,0
101,2,B,2,standard,no,no,4,30,0
101,2,C,2,premium,yes,yes,1,30,1
101,3,A,6,premium,no,yes,4,45,0
101,3,B,2,standard,no,yes,2,85,0
101,3,C,6,premium,yes,yes,4,45,1
101,4,A,6,premium,yes,yes,2,85,0
101,4,B,6,standard,yes,yes,1,30,1
101,4,C,6,premium,yes,no,4,110,0
101,5,A,2,standard,no,no,1,110,0
101,5,B,6,premium,no,no,2,85,0
101,5,C,2,premium,no,yes,1,65,1
101,6,A,4,standard,no,yes,2,45,0
101,6,B,4,premium,yes,no,4,85,1
101,6,C,2,premium,yes,yes,2,110,0
101,7,A,4,premium,yes,yes,1,65,1
101,7,B,4,standard,no,yes,1,85,0
101,7,C,4,standard,no,no,2,65,0
101,8,A,4,standard,yes,no,2,110,0
101,8,B,6,premium,no,no,1,30,1
101,8,C,2,standard,no,no,2,85,0
102,1,A,6,standard,no,no,1,30,1
102,1,B,2,standard,no,no,2,30,0
102,1,C,2,premium,no,no,2,45,0
102,2,A,6,premium,no,yes,2,110,0
102,2,B,4,standard,no,yes,2,85,0
102,2,C,6,standard,yes,no,1,45,1
102,3,A,2,premium,yes,yes,1,65,1
102,3,B,2,standard,no,yes,4,110,0
102,3,C,2,standard,no,no,2,85,0
102,4,A,6,premium,no,no,1,30,0
102,4,B,4,premium,yes,no,2,30,1
102,4,C,4,premium,no,yes,1,65,0
102,5,A,6,premium,no,yes,1,85,1
102,5,B,6,premium,no,yes,2,30,0
102,5,C,2,premium,yes,yes,2,45,0
102,6,A,6,premium,no,yes,4,30,0
102,6,B,6,standard,yes,yes,2,30,1
102,6,C,2,premium,yes,no,4,65,0
102,7,A,4,premium,no,no,4,45,0
102,7,B,4,premium,no,yes,2,65,0
102,7,C,4,premium,no,no,2,30,1
102,8,A,4,standard,yes,yes,2,85,0
102,8,B,6,standard,no,yes,1,85,0
102,8,C,4,standard,yes,no,2,45,1
103,1,A,2,standard,yes,no,2,30,1
103,1,B,2,premium,yes,no,1,45,0
103,1,C,6,standard,no,no,1,30,0
103,2,A,2,standard,no,yes,2,85,1
103,2,B,2,standard,no,no,1,85,0
103,2,C,6,standard,no,no,4,85,0
103,3,A,2,standard,yes,no,2,45,1
103,3,B,2,premium,yes,yes,4,110,0
103,3,C,6,premium,yes,no,1,45,0
103,4,A,6,standard,yes,yes,1,85,1
103,4,B,2,standard,yes,yes,4,85,0
103,4,C,2,premium,no,no,2,30,0
103,5,A,4,premium,yes,no,4,30,1
103,5,B,6,premium,yes,no,2,65,0
103,5,C,6,premium,no,no,2,45,0
103,6,A,4,standard,yes,no,2,30,0
103,6,B,4,standard,yes,yes,1,85,1
103,6,C,4,premium,no,yes,1,30,0
103,7,A,6,standard,yes,no,2,30,1
103,7,B,2,premium,no,no,1,110,0
103,7,C,6,standard,yes,yes,2,85,0
103,8,A,2,premium,yes,yes,2,30,1
103,8,B,2,standard,yes,no,4,30,0
103,8,C,6,premium,no,no,2,45,0
104,1,A,6,standard,no,yes,1,65,1
104,1,B,6,premium,no,no,4,110,0
104,1,C,4,premium,yes,yes,2,85,0
104,2,A,2,standard,no,no,2,85,0
104,2,B,6,premium,yes,yes,1,85,1
104,2,C,2,premium,yes,yes,2,45,0
104,3,A,6,premium,no,no,4,45,0
104,3,B,4,standard,no,yes,1,65,0
104,3,C,4,standard,yes,yes,2,45,1
104,4,A,2,standard,no,yes,4,85,0
104,4,B,6,standard,no,yes,2,65,0
104,4,C,6,standard,yes,yes,2,65,1
104,5,A,2,standard,no,no,4,85,0
104,5,B,4,premium,yes,yes,4,45,0
104,5,C,4,premium,no,yes,2,45,1
104,6,A,2,premium,no,yes,4,30,1
104,6,B,4,premium,no,yes,4,65,0
104,6,C,2,premium,yes,no,1,85,0
104,7,A,2,standard,yes,no,2,30,0
104,7,B,2,premium,yes,no,2,30,0
104,7,C,2,standard,yes,yes,4,30,1
104,8,A,6,premium,yes,no,2,85,1
104,8,B,6,standard,yes,yes,2,110,0
104,8,C,2,standard,yes,no,2,45,0
105,1,A,6,premium,yes,yes,2,110,0
105,1,B,4,premium,yes,no,2,45,1
105,1,C,4,standard,no,no,2,45,0
105,2,A,2,standard,yes,no,1,45,1
105,2,B,4,standard,no,yes,1,85,0
105,2,C,4,standard,no,no,4,45,0
105,3,A,2,standard,yes,no,2,85,0
105,3,B,2,premium,no,no,1,30,1
105,3,C,4,premium,yes,no,4,85,0
105,4,A,6,standard,yes,no,4,45,0
105,4,B,2,premium,yes,no,1,30,1
105,4,C,2,premium,no,no,4,110,0
105,5,A,6,premium,yes,no,2,110,0
105,5,B,4,premium,no,yes,4,85,0
105,5,C,6,premium,no,yes,4,30,1
105,6,A,2,standard,yes,no,4,85,0
105,6,B,2,standard,yes,yes,1,85,0
105,6,C,4,standard,yes,no,1,85,1
105,7,A,4,standard,yes,no,4,85,0
105,7,B,4,premium,yes,yes,1,65,1
105,7,C,6,premium,no,no,1,65,0
105,8,A,2,standard,no,no,2,65,1
105,8,B,4,premium,no,no,2,110,0
105,8,C,4,standard,yes,yes,1,65,0
106,1,A,4,premium,yes,no,2,30,0
106,1,B,2,premium,no,yes,2,110,0
106,1,C,4,premium,yes,yes,4,30,1
106,2,A,2,standard,yes,yes,1,110,1
106,2,B,2,premium,yes,no,4,110,0
106,2,C,6,standard,no,no,2,110,0
106,3,A,6,premium,no,no,4,45,0
106,3,B,2,premium,no,yes,1,45,1
106,3,C,4,standard,no,no,4,45,0
106,4,A,4,premium,no,yes,1,65,0
106,4,B,4,standard,no,no,2,45,1
106,4,C,2,standard,no,no,2,30,0
106,5,A,6,standard,no,no,4,110,0
106,5,B,6,standard,no,no,2,110,0
106,5,C,2,premium,no,no,1,85,1
106,6,A,6,standard,no,yes,4,45,1
106,6,B,6,standard,yes,yes,1,110,0
106,6,C,6,standard,no,no,2,65,0
106,7,A,2,standard,no,no,2,45,0
106,7,B,2,standard,no,no,1,85,0
106,7,C,4,standard,yes,yes,1,30,1
106,8,A,2,standard,yes,yes,4,110,0
106,8,B,4,premium,yes,yes,1,30,1
106,8,C,4,premium,yes,no,4,110,0
107,1,A,4,standard,yes,yes,2,45,1
107,1,B,4,premium,yes,yes,1,85,0
107,1,C,6,standard,no,no,2,30,0
107,2,A,4,standard,yes,no,1,110,0
107,2,B,6,standard,yes,no,1,65,0
107,2,C,6,standard,no,yes,2,30,1
107,3,A,6,premium,yes,yes,1,65,0
107,3,B,4,standard,yes,yes,1,65,1
107,3,C,2,premium,no,no,4,45,0
107,4,A,6,standard,no,yes,1,85,0
107,4,B,2,premium,no,yes,2,30,1
107,4,C,2,standard,no,yes,2,110,0
107,5,A,6,premium,no,yes,4,85,0
107,5,B,4,standard,no,no,1,45,0
107,5,C,4,premium,yes,yes,2,45,1
107,6,A,4,premium,no,no,2,45,0
107,6,B,6,standard,yes,no,2,30,1
107,6,C,2,standard,yes,no,1,45,0
107,7,A,6,standard,yes,yes,1,85,0
107,7,B,2,premium,yes,yes,4,45,1
107,7,C,4,premium,no,no,1,110,0
107,8,A,4,premium,no,yes,1,30,1
107,8,B,2,standard,yes,no,4,65,0
107,8,C,2,standard,no,no,2,85,0
108,1,A,6,premium,no,no,2,30,1
108,1,B,2,standard,no,yes,1,65,0
108,1,C,4,standard,yes,yes,2,85,0
108,2,A,4,standard,no,no,1,110,0
108,2,B,2,premium,no,no,2,30,1
108,2,C,2,standard,no,yes,2,110,0
108,3,A,4,premium,yes,no,1,65,0
108,3,B,6,premium,yes,no,1,65,0
108,3,C,4,premium,yes,yes,2,110,1
108,4,A,2,premium,no,no,1,30,0
108,4,B,4,standard,yes,yes,2,110,0
108,4,C,2,premium,no,yes,2,45,1
108,5,A,6,premium,yes,yes,4,45,0
108,5,B,6,premium,no,no,2,30,1
108,5,C,6,standard,no,no,2,45,0
108,6,A,6,premium,yes,no,2,30,0
108,6,B,4,premium,yes,yes,4,110,1
108,6,C,2,standard,no,yes,2,85,0
108,7,A,2,standard,yes,yes,2,65,1
108,7,B,2,premium,yes,no,1,110,0
108,7,C,4,standard,no,no,1,65,0
108,8,A,6,standard,no,yes,1,85,0
108,8,B,6,premium,no,yes,2,65,0
108,8,C,6,standard,yes,yes,2,30,1
109,1,A,2,standard,no,yes,2,45,0
109,1,B,6,standard,yes,no,1,45,0
109,1,C,2,premium,yes,yes,4,65,1
109,2,A,4,premium,no,yes,4,30,1
109,2,B,6,premium,no,yes,1,45,0
109,2,C,2,premium,yes,yes,4,30,0
109,3,A,4,premium,no,yes,4,85,1
109,3,B,4,standard,no,no,2,45,0
109,3,C,4,premium,yes,yes,2,110,0
109,4,A,2,standard,no,no,1,85,0
109,4,B,4,premium,yes,yes,2,45,1
109,4,C,6,premium,yes,no,1,30,0
109,5,A,6,standard,yes,no,4,30,0
109,5,B,4,premium,yes,no,2,30,1
109,5,C,2,standard,yes,no,4,85,0
109,6,A,4,standard,yes,yes,1,30,0
109,6,B,6,premium,yes,no,1,65,0
109,6,C,6,standard,yes,yes,1,45,1
109,7,A,2,standard,yes,no,1,110,0
109,7,B,2,premium,yes,yes,4,30,1
109,7,C,6,premium,yes,no,1,30,0
109,8,A,2,premium,no,no,1,45,0
109,8,B,4,premium,yes,yes,2,30,1
109,8,C,6,standard,yes,yes,4,110,0
110,1,A,6,standard,yes,yes,1,45,0
110,1,B,6,standard,no,no,4,45,0
110,1,C,6,standard,no,yes,1,85,1
110,2,A,4,standard,no,no,4,30,0
110,2,B,6,premium,no,yes,1,30,0
110,2,C,4,premium,yes,yes,4,45,1
110,3,A,2,premium,no,yes,4,45,0
110,3,B,6,standard,no,yes,2,65,0
110,3,C,6,premium,yes,yes,1,45,1
110,4,A,2,standard,yes,no,4,30,0
110,4,B,6,premium,yes,yes,2,85,0
110,4,C,4,premium,yes,no,2,30,1
110,5,A,2,standard,no,no,2,110,0
110,5,B,4,standard,yes,no,2,85,1
110,5,C,2,premium,no,yes,1,110,0
110,6,A,2,premium,no,no,4,110,0
110,6,B,6,premium,no,no,4,65,0
110,6,C,2,premium,yes,no,4,45,1
110,7,A,2,premium,no,yes,1,65,0
110,7,B,4,premium,yes,yes,1,65,0
110,7,C,6,standard,yes,yes,4,45,1
110,8,A,2,premium,yes,yes,4,110,1
110,8,B,2,standard,no,yes,1,30,0
110,8,C,2,premium,yes,yes,1,45,0
111,1,A,4,standard,yes,yes,1,110,0
111,1,B,6,standard,yes,yes,1,65,0
111,1,C,6,standard,yes,yes,4,45,1
111,2,A,4,standard,no,no,2,110,0
111,2,B,4,premium,no,yes,2,65,1
111,2,C,2,standard,yes,no,1,85,0
111,3,A,2,standard,no,yes,1,85,0
111,3,B,2,premium,yes,no,4,65,1
111,3,C,4,standard,no,yes,2,85,0
111,4,A,6,standard,no,no,1,30,1
111,4,B,2,premium,no,yes,2,85,0
111,4,C,2,premium,no,yes,4,65,0
111,5,A,6,premium,yes,yes,2,45,1
111,5,B,6,standard,no,yes,1,30,0
111,5,C,4,premium,no,no,1,45,0
111,6,A,6,standard,yes,no,2,110,0
111,6,B,4,premium,yes,no,1,85,1
111,6,C,6,standard,yes,no,1,110,0
111,7,A,6,premium,no,yes,1,85,1
111,7,B,4,standard,yes,yes,1,110,0
111,7,C,6,premium,yes,no,4,85,0
111,8,A,4,premium,no,no,4,65,1
111,8,B,4,premium,no,no,1,45,0
111,8,C,4,premium,no,no,1,110,0
112,1,A,6,premium,no,yes,4,65,0
112,1,B,2,standard,yes,no,2,85,0
112,1,C,4,premium,no,yes,2,45,1
112,2,A,2,standard,yes,no,4,30,0
112,2,B,6,premium,yes,no,1,85,1
112,2,C,4,premium,no,yes,1,65,0
112,3,A,6,standard,no,yes,2,110,0
112,3,B,6,premium,yes,yes,2,65,0
112,3,C,2,premium,yes,yes,4,65,1
112,4,A,2,standard,yes,no,1,85,0
112,4,B,4,standard,no,no,1,85,1
112,4,C,4,premium,no,yes,1,85,0
112,5,A,6,standard,no,yes,2,110,0
112,5,B,6,premium,yes,yes,2,85,0
112,5,C,2,premium,yes,no,2,65,1
112,6,A,2,premium,yes,yes,1,30,1
112,6,B,4,premium,no,no,2,45,0
112,6,C,6,standard,yes,no,2,110,0
112,7,A,2,premium,no,yes,2,65,0
112,7,B,4,standard,no,yes,4,110,0
112,7,C,4,standard,no,no,2,45,1
112,8,A,4,premium,yes,yes,2,30,1
112,8,B,4,premium,yes,yes,4,65,0
112,8,C,2,standard,no,yes,4,65,0
113,1,A,6,premium,yes,no,4,85,0
113,1,B,4,standard,yes,yes,4,65,1
113,1,C,6,premium,no,yes,2,30,0
113,2,A,2,premium,no,no,2,45,0
113,2,B,4,standard,yes,yes,1,85,1
113,2,C,2,standard,no,no,1,65,0
113,3,A,6,premium,no,no,2,85,0
113,3,B,2,standard,yes,no,4,85,0
113,3,C,4,standard,yes,no,4,110,1
113,4,A,2,standard,yes,no,1,110,0
113,4,B,2,premium,yes,yes,4,110,0
113,4,C,2,standard,no,yes,4,30,1
113,5,A,2,standard,yes,no,1,65,0
113,5,B,2,standard,no,yes,2,65,1
113,5,C,2,standard,no,no,2,45,0
113,6,A,6,standard,no,yes,2,30,1
113,6,B,4,standard,yes,yes,1,85,0
113,6,C,2,standard,yes,no,4,110,0
113,7,A,6,standard,no,yes,2,85,0
113,7,B,2,premium,yes,yes,4,65,0
113,7,C,2,premium,no,no,1,45,1
113,8,A,6,standard,no,yes,4,30,0
113,8,B,6,premium,no,yes,2,85,0
113,8,C,2,standard,yes,yes,1,45,1
114,1,A,6,premium,no,yes,1,65,1
114,1,B,2,standard,no,yes,1,85,0
114,1,C,4,premium,no,no,1,85,0
114,2,A,4,standard,no,yes,4,45,0
114,2,B,2,standard,no,yes,4,45,1
114,2,C,2,standard,no,no,1,85,0
114,3,A,4,premium,yes,no,2,110,0
114,3,B,2,premium,no,no,4,65,0
114,3,C,2,standard,no,yes,4,30,1
114,4,A,4,premium,yes,no,1,65,0
114,4,B,6,premium,no,no,4,30,1
114,4,C,6,standard,no,no,4,110,0
114,5,A,4,standard,no,yes,2,30,0
114,5,B,6,standard,yes,no,2,45,0
114,5,C,6,standard,no,no,4,45,1
114,6,A,6,premium,yes,yes,1,85,0
114,6,B,4,premium,no,yes,4,85,0
114,6,C,6,premium,no,yes,4,65,1
114,7,A,2,premium,yes,yes,1,85,0
114,7,B,4,standard,yes,no,2,30,1
114,7,C,4,premium,yes,yes,1,110,0
114,8,A,4,premium,no,yes,4,45,0
114,8,B,6,standard,yes,yes,2,85,1
114,8,C,6,standard,no,yes,1,85,0
115,1,A,4,premium,no,yes,2,110,0
115,1,B,4,premium,no,no,1,45,0
115,1,C,2,standard,yes,yes,4,45,1
115,2,A,2,premium,yes,yes,1,65,1
115,2,B,4,premium,no,no,4,30,0
115,2,C,6,premium,no,yes,4,65,0
115,3,A,6,premium,no,no,1,65,0
115,3,B,2,premium,yes,yes,4,65,1
115,3,C,4,premium,no,no,4,65,0
115,4,A,2,standard,yes,no,2,30,0
115,4,B,6,standard,no,yes,4,45,1
115,4,C,2,standard,no,yes,1,45,0
115,5,A,4,premium,yes,no,2,110,1
115,5,B,2,premium,yes,no,1,85,0
115,5,C,2,premium,no,yes,1,110,0
115,6,A,6,premium,no,no,2,110,0
115,6,B,4,premium,yes,no,1,110,0
115,6,C,4,premium,yes,yes,4,85,1
115,7,A,6,premium,yes,no,1,30,0
115,7,B,6,premium,yes,no,2,110,1
115,7,C,6,premium,yes,yes,2,45,0
115,8,A,4,standard,no,yes,1,45,1
115,8,B,4,standard,yes,yes,4,65,0
115,8,C,2,premium,no,yes,2,65,0
116,1,A,4,premium,no,no,1,85,0
116,1,B,2,standard,yes,yes,2,110,0
116,1,C,6,premium,yes,no,1,45,1
116,2,A,2,premium,no,no,2,45,0
116,2,B,6,premium,no,no,1,45,1
116,2,C,4,premium,no,no,1,65,0
116,3,A,4,standard,no,no,1,110,0
116,3,B,6,standard,no,no,2,45,1
116,3,C,6,premium,no,no,1,110,0
116,4,A,6,standard,yes,yes,1,45,0
116,4,B,6,premium,no,yes,4,85,0
116,4,C,6,standard,yes,yes,1,45,1
116,5,A,4,premium,no,yes,4,65,0
116,5,B,6,standard,yes,yes,4,45,1
116,5,C,4,standard,yes,yes,1,30,0
116,6,A,6,premium,yes,no,4,85,0
116,6,B,6,premium,yes,yes,1,30,1
116,6,C,2,premium,no,no,4,65,0
116,7,A,6,standard,yes,no,1,85,0
116,7,B,2,standard,no,no,4,45,0
116,7,C,2,standard,yes,yes,2,110,1
116,8,A,2,premium,no,no,1,45,0
116,8,B,2,standard,no,no,4,85,0
116,8,C,6,standard,no,no,2,30,1
117,1,A,6,premium,yes,yes,2,65,0
117,1,B,2,standard,yes,no,1,45,0
117,1,C,4,premium,no,no,4,30,1
117,2,A,2,standard,yes,yes,2,30,1
117,2,B,4,standard,no,no,4,85,0
117,2,C,6,standard,no,no,4,110,0
117,3,A,6,standard,no,yes,1,45,0
117,3,B,6,premium,yes,yes,4,65,1
117,3,C,6,standard,no,yes,1,85,0
117,4,A,6,premium,yes,yes,4,65,1
117,4,B,4,premium,yes,no,4,85,0
117,4,C,2,premium,yes,yes,1,45,0
117,5,A,4,standard,no,no,1,110,0
117,5,B,4,premium,yes,no,2,45,1
117,5,C,2,standard,yes,no,4,85,0
117,6,A,2,standard,no,no,2,30,1
117,6,B,2,standard,yes,yes,1,30,0
117,6,C,6,premium,yes,no,2,30,0
117,7,A,6,premium,yes,no,1,85,0
117,7,B,6,premium,yes,no,2,30,1
117,7,C,2,standard,yes,no,2,110,0
117,8,A,4,standard,no,yes,4,30,0
117,8,B,6,standard,no,no,2,45,1
117,8,C,2,standard,yes,yes,1,85,0
118,1,A,4,standard,yes,yes,2,85,1
118,1,B,2,premium,yes,no,1,85,0
118,1,C,6,premium,yes,no,1,85,0
118,2,A,6,premium,no,no,4,45,0
118,2,B,6,standard,yes,no,4,65,0
118,2,C,4,standard,no,yes,1,45,1
118,3,A,6,standard,yes,no,1,65,1
118,3,B,2,standard,yes,yes,4,110,0
118,3,C,4,premium,no,no,4,30,0
118,4,A,2,standard,no,no,1,45,0
118,4,B,6,standard,no,yes,1,45,0
118,4,C,4,standard,yes,no,4,30,1
118,5,A,6,standard,no,yes,2,65,0
118,5,B,6,standard,yes,yes,4,45,0
118,5,C,4,premium,yes,yes,4,65,1
118,6,A,6,standard,yes,yes,4,65,0
118,6,B,4,premium,yes,yes,4,110,0
118,6,C,6,premium,no,yes,1,65,1
118,7,A,2,premium,no,yes,2,45,0
118,7,B,6,premium,yes,no,1,45,1
118,7,C,6,standard,no,yes,4,65,0
118,8,A,2,standard,no,no,1,85,0
118,8,B,6,standard,yes,no,2,45,0
118,8,C,6,premium,yes,yes,2,30,1
119,1,A,4,premium,yes,yes,4,85,0
119,1,B,6,premium,yes,no,4,65,0
119,1,C,2,standard,yes,no,1,45,1
119,2,A,4,premium,no,no,1,45,0
119,2,B,2,standard,no,yes,4,65,1
119,2,C,2,premium,no,no,2,65,0
119,3,A,6,standard,no,no,1,65,1
119,3,B,6,standard,yes,yes,2,110,0
119,3,C,2,standard,yes,no,4,110,0
119,4,A,4,premium,yes,yes,2,30,0
119,4,B,2,premium,no,yes,2,110,0
119,4,C,2,standard,yes,no,4,30,1
119,5,A,2,premium,no,no,1,65,0
119,5,B,2,standard,no,yes,2,30,1
119,5,C,4,standard,no,yes,1,45,0
119,6,A,6,standard,no,no,4,45,0
119,6,B,4,standard,yes,yes,4,65,1
119,6,C,6,premium,yes,yes,4,110,0
119,7,A,6,premium,yes,yes,4,30,1
119,7,B,2,standard,yes,yes,4,65,0
119,7,C,4,premium,yes,no,1,65,0
119,8,A,2,premium,no,yes,1,110,0
119,8,B,2,premium,yes,yes,2,65,0
119,8,C,6,premium,no,yes,4,85,1
120,1,A,6,standard,no,yes,1,110,0
120,1,B,6,standard,no,no,4,110,0
120,1,C,4,standard,no,no,2,85,1
120,2,A,4,standard,no,no,1,85,0
120,2,B,6,premium,no,no,1,45,0
120,2,C,4,standard,yes,no,2,45,1
120,3,A,4,premium,no,yes,2,110,0
120,3,B,4,premium,yes,no,1,30,0
120,3,C,4,premium,no,no,4,45,1
120,4,A,2,standard,yes,no,4,85,0
120,4,B,4,standard,yes,yes,1,85,1
120,4,C,6,standard,yes,no,1,110,0
120,5,A,6,standard,no,no,1,30,1
120,5,B,4,standard,yes,no,4,110,0
120,5,C,6,premium,yes,yes,2,85,0
120,6,A,6,standard,yes,yes,1,110,0
120,6,B,6,premium,no,no,1,85,0
120,6,C,6,standard,yes,no,4,30,1
120,7,A,6,standard,no,yes,1,65,0
120,7,B,4,standard,yes,yes,4,65,0
120,7,C,6,standard,yes,yes,4,110,1
120,8,A,6,premium,yes,no,4,45,0
120,8,B,2,premium,yes,yes,1,30,1
120,8,C,6,standard,yes,no,2,110,0
121,1,A,2,standard,yes,no,4,110,0
121,1,B,4,standard,yes,yes,1,85,0
121,1,C,6,standard,no,yes,4,85,1
121,2,A,2,standard,yes,yes,1,30,1
121,2,B,2,standard,yes,no,2,30,0
121,2,C,4,premium,yes,yes,4,110,0
121,3,A,4,standard,yes,yes,4,65,1
121,3,B,4,standard,no,no,1,85,0
121,3,C,4,standard,no,yes,2,65,0
121,4,A,6,standard,no,yes,1,85,0
121,4,B,6,premium,no,yes,4,65,1
121,4,C,2,standard,no,no,2,30,0
121,5,A,2,standard,yes,yes,1,110,0
121,5,B,2,premium,yes,no,1,110,0
121,5,C,4,premium,yes,no,4,45,1
121,6,A,2,standard,yes,yes,4,45,0
121,6,B,6,standard,yes,yes,1,110,0
121,6,C,4,premium,yes,no,4,30,1
121,7,A,2,premium,yes,yes,2,65,1
121,7,B,6,standard,yes,no,2,65,0
121,7,C,6,premium,yes,no,1,110,0
121,8,A,4,standard,yes,no,2,85,0
121,8,B,2,standard,yes,no,2,30,0
121,8,C,4,standard,no,yes,1,45,1
122,1,A,6,standard,no,no,4,45,0
122,1,B,4,standard,yes,yes,2,45,1
122,1,C,4,standard,yes,yes,1,110,0
122,2,A,2,standard,no,yes,2,85,0
122,2,B,2,premium,no,no,4,30,1
122,2,C,2,standard,yes,yes,1,85,0
122,3,A,4,premium,yes,no,1,65,0
122,3,B,2,premium,no,yes,1,30,1
122,3,C,4,premium,no,no,2,45,0
122,4,A,6,premium,no,yes,4,45,1
122,4,B,2,premium,yes,no,2,85,0
122,4,C,4,standard,no,yes,4,85,0
122,5,A,2,premium,yes,yes,4,85,0
122,5,B,4,premium,no,no,2,85,1
122,5,C,4,standard,no,yes,1,65,0
122,6,A,4,standard,no,yes,1,65,0
122,6,B,6,standard,yes,no,4,65,1
122,6,C,2,premium,yes,yes,1,110,0
122,7,A,2,premium,no,yes,4,45,1
122,7,B,2,premium,no,no,2,45,0
122,7,C,2,standard,yes,yes,4,85,0
122,8,A,6,standard,yes,yes,4,45,0
122,8,B,6,premium,no,no,4,65,0
122,8,C,2,premium,yes,no,2,65,1
123,1,A,6,standard,yes,no,4,110,0
123,1,B,6,premium,yes,no,2,85,0
123,1,C,2,premium,yes,yes,1,30,1
123,2,A,4,standard,yes,no,4,65,1
123,2,B,6,premium,no,yes,1,30,0
123,2,C,4,premium,yes,no,1,110,0
123,3,A,2,premium,no,yes,4,45,0
123,3,B,2,premium,no,yes,1,65,0
123,3,C,6,premium,no,no,4,65,1
123,4,A,4,standard,yes,yes,1,110,0
123,4,B,2,standard,yes,yes,4,65,1
123,4,C,4,premium,yes,yes,2,110,0
123,5,A,6,standard,yes,no,2,30,1
123,5,B,6,standard,no,yes,2,30,0
123,5,C,4,premium,no,yes,4,30,0
123,6,A,4,standard,yes,yes,2,45,1
123,6,B,4,standard,yes,no,4,45,0
123,6,C,6,standard,no,yes,4,30,0
123,7,A,4,premium,no,no,1,85,0
123,7,B,4,standard,no,yes,1,30,1
123,7,C,4,premium,yes,yes,4,85,0
123,8,A,4,standard,no,no,4,30,1
123,8,B,4,standard,no,yes,4,65,0
123,8,C,6,premium,yes,yes,2,85,0
124,1,A,6,standard,yes,yes,2,110,0
124,1,B,6,standard,yes,yes,1,110,1
124,1,C,2,standard,yes,yes,1,85,0
124,2,A,2,premium,no,no,1,85,0
124,2,B,4,premium,no,yes,4,45,1
124,2,C,6,standard,yes,no,4,45,0
124,3,A,6,premium,no,no,2,45,1
124,3,B,4,premium,yes,yes,4,110,0
124,3,C,2,premium,yes,no,2,110,0
124,4,A,4,standard,yes,no,4,85,0
124,4,B,4,premium,no,no,2,30,1
124,4,C,6,standard,no,no,1,45,0
124,5,A,6,standard,no,yes,2,85,0
124,5,B,6,premium,no,yes,4,110,0
124,5,C,2,premium,yes,yes,4,45,1
124,6,A,6,standard,yes,no,4,30,0
124,6,B,2,premium,yes,yes,2,30,1
124,6,C,4,premium,yes,no,4,85,0
124,7,A,4,premium,yes,yes,2,65,1
124,7,B,4,premium,yes,no,4,45,0
124,7,C,6,premium,yes,no,1,85,0
124,8,A,4,premium,yes,yes,4,30,0
124,8,B,6,standard,no,no,4,45,0
124,8,C,6,standard,yes,yes,2,30,1
125,1,A,6,standard,no,yes,1,85,1
125,1,B,6,premium,no,no,1,85,0
125,1,C,2,premium,no,yes,2,110,0
125,2,A,4,premium,yes,yes,4,110,0
125,2,B,4,standard,yes,yes,4,85,0
125,2,C,6,premium,yes,yes,4,30,1
125,3,A,4,premium,no,yes,2,85,0
125,3,B,2,premium,yes,no,2,85,1
125,3,C,6,premium,no,yes,1,110,0
125,4,A,2,premium,yes,no,2,45,1
125,4,B,4,standard,no,no,2,85,0
125,4,C,4,standard,yes,no,2,65,0
125,5,A,4,standard,no,yes,1,110,0
125,5,B,6,premium,yes,yes,1,30,1
125,5,C,2,premium,no,no,1,65,0
125,6,A,4,standard,no,no,4,85,0
125,6,B,6,standard,yes,yes,1,45,1
125,6,C,6,premium,yes,no,2,110,0
125,7,A,2,standard,yes,no,4,45,0
125,7,B,4,premium,yes,yes,1,45,1
125,7,C,4,standard,no,no,2,30,0
125,8,A,4,premium,yes,yes,4,110,0
125,8,B,6,standard,yes,yes,4,45,1
125,8,C,2,standard,no,yes,2,30,0
126,1,A,6,premium,yes,no,4,30,1
126,1,B,2,premium,no,no,2,45,0
126,1,C,4,standard,no,yes,1,85,0
126,2,A,6,premium,yes,no,2,45,0
126,2,B,4,standard,no,yes,1,110,0
126,2,C,4,premium,yes,no,4,45,1
126,3,A,4,premium,yes,yes,4,110,1
126,3,B,2,standard,yes,no,4,65,0
126,3,C,4,standard,no,yes,2,85,0
126,4,A,4,premium,no,yes,4,85,0
126,4,B,6,premium,no,no,4,110,0
126,4,C,4,premium,no,no,2,30,1
126,5,A,4,premium,yes,yes,2,65,0
126,5,B,4,standard,no,no,1,65,0
126,5,C,6,premium,yes,yes,1,45,1
126,6,A,2,standard,no,yes,1,85,0
126,6,B,4,premium,no,no,1,65,0
126,6,C,4,standard,yes,yes,1,30,1
126,7,A,4,standard,yes,no,1,65,0
126,7,B,6,premium,yes,no,1,110,1
126,7,C,2,standard,yes,no,2,110,0
126,8,A,6,premium,no,yes,1,85,0
126,8,B,6,standard,no,no,4,85,0
126,8,C,2,premium,yes,no,2,45,1
127,1,A,4,standard,yes,no,1,110,0
127,1,B,4,premium,yes,no,4,65,0
127,1,C,6,standard,no,yes,1,85,1
127,2,A,2,standard,no,no,4,65,0
127,2,B,2,standard,yes,yes,1,30,1
127,2,C,6,premium,yes,no,1,45,0
127,3,A,4,standard,yes,yes,1,30,0
127,3,B,6,premium,no,yes,1,110,0
127,3,C,6,standard,no,yes,4,30,1
127,4,A,4,standard,no,yes,1,110,0
127,4,B,2,premium,yes,no,2,85,0
127,4,C,2,premium,yes,yes,2,45,1
127,5,A,6,standard,yes,no,1,65,1
127,5,B,6,premium,yes,no,1,65,0
127,5,C,4,standard,no,yes,1,110,0
127,6,A,2,premium,no,yes,2,30,1
127,6,B,2,premium,no,no,1,85,0
127,6,C,6,standard,yes,yes,1,30,0
127,7,A,4,standard,no,yes,1,65,0
127,7,B,6,premium,no,no,1,65,0
127,7,C,2,premium,yes,no,2,65,1
127,8,A,2,standard,no,yes,2,110,0
127,8,B,2,premium,yes,yes,4,45,0
127,8,C,2,standard,no,no,1,30,1
128,1,A,4,standard,yes,no,2,45,0
128,1,B,2,standard,yes,no,4,45,1
128,1,C,4,premium,yes,yes,2,110,0
128,2,A,2,premium,no,yes,1,65,0
128,2,B,2,standard,no,no,2,30,0
128,2,C,6,premium,no,no,1,85,1
128,3,A,6,standard,no,no,1,110,0
128,3,B,6,premium,no,yes,2,65,1
128,3,C,2,premium,no,yes,2,30,0
128,4,A,4,premium,yes,yes,1,65,1
128,4,B,6,premium,yes,no,4,30,0
128,4,C,2,premium,yes,yes,2,85,0
128,5,A,4,premium,yes,no,1,65,0
128,5,B,6,premium,no,yes,2,65,0
128,5,C,2,premium,yes,yes,2,65,1
128,6,A,6,premium,yes,no,1,30,0
128,6,B,4,premium,yes,yes,4,30,1
128,6,C,6,standard,yes,yes,4,65,0
128,7,A,4,premium,yes,no,1,65,1
128,7,B,6,standard,no,no,1,30,0
128,7,C,6,premium,no,no,4,45,0
128,8,A,4,premium,yes,yes,2,65,1
128,8,B,6,premium,yes,no,4,110,0
128,8,C,6,premium,yes,no,2,85,0
129,1,A,2,premium,yes,no,2,85,1
129,1,B,2,premium,yes,no,4,85,0
129,1,C,2,premium,no,yes,2,110,0
129,2,A,4,standard,yes,no,4,110,0
129,2,B,4,standard,yes,yes,1,45,1
129,2,C,6,standard,no,yes,4,85,0
129,3,A,2,standard,no,no,2,85,0
129,3,B,6,standard,no,yes,4,65,1
129,3,C,2,standard,yes,yes,2,65,0
129,4,A,6,standard,yes,no,1,65,0
129,4,B,6,standard,yes,no,4,65,1
129,4,C,4,standard,no,yes,2,85,0
129,5,A,2,standard,yes,yes,4,85,0
129,5,B,2,premium,yes,no,4,110,0
129,5,C,4,standard,yes,yes,2,110,1
129,6,A,4,premium,yes,no,4,110,1
129,6,B,6,premium,no,no,4,85,0
129,6,C,4,standard,yes,no,2,110,0
129,7,A,2,standard,no,yes,1,30,1
129,7,B,6,premium,yes,yes,1,110,0
129,7,C,4,premium,yes,no,1,65,0
129,8,A,6,standard,no,no,2,30,1
129,8,B,2,standard,no,no,2,110,0
129,8,C,2,premium,yes,no,1,85,0
130,1,A,2,premium,yes,no,2,30,1
130,1,B,2,premium,yes,yes,2,85,0
130,1,C,4,standard,no,yes,1,85,0
130,2,A,2,standard,yes,no,4,30,1
130,2,B,6,premium,yes,yes,1,85,0
130,2,C,2,premium,no,no,4,110,0
130,3,A,6,premium,yes,yes,4,85,1
130,3,B,2,premium,yes,yes,4,110,0
130,3,C,2,premium,yes,yes,2,110,0
130,4,A,6,standard,no,no,4,65,0
130,4,B,2,standard,yes,no,4,30,1
130,4,C,6,premium,no,yes,1,110,0
130,5,A,2,standard,no,yes,4,85,0
130,5,B,2,premium,yes,no,4,30,1
130,5,C,6,premium,yes,no,4,110,0
130,6,A,2,standard,yes,no,2,85,0
130,6,B,4,premium,yes,yes,4,65,1
130,6,C,4,standard,no,yes,2,85,0
130,7,A,2,standard,yes,no,1,85,0
130,7,B,4,standard,no,yes,4,45,1
130,7,C,6,standard,yes,no,2,110,0
130,8,A,2,standard,yes,no,1,85,0
130,8,B,4,standard,yes,no,4,30,1
130,8,C,4,premium,no,yes,2,85,0
131,1,A,4,premium,yes,yes,4,30,0
131,1,B,6,premium,yes,yes,4,85,1
131,1,C,6,standard,yes,no,4,110,0
131,2,A,4,standard,yes,yes,4,85,1
131,2,B,2,premium,no,no,2,45,0
131,2,C,6,standard,yes,no,4,85,0
131,3,A,2,premium,no,no,2,85,0
131,3,B,6,premium,no,yes,1,85,0
131,3,C,6,standard,yes,no,2,45,1
131,4,A,6,premium,no,no,2,30,0
131,4,B,2,standard,yes,no,4,65,0
131,4,C,4,premium,yes,no,1,85,1
131,5,A,6,premium,yes,no,4,30,1
131,5,B,4,premium,no,no,1,65,0
131,5,C,6,standard,yes,yes,1,45,0
131,6,A,2,standard,no,yes,1,30,0
131,6,B,4,premium,no,no,2,85,0
131,6,C,4,premium,no,no,2,30,1
131,7,A,6,premium,yes,yes,2,110,0
131,7,B,6,standard,yes,no,1,45,1
131,7,C,6,premium,no,no,2,45,0
131,8,A,4,standard,yes,no,1,65,1
131,8,B,6,standard,no,yes,4,65,0
131,8,C,2,premium,yes,yes,4,85,0
132,1,A,6,standard,no,yes,2,45,0
132,1,B,2,standard,yes,no,1,30,1
132,1,C,2,premium,no,yes,2,85,0
132,2,A,4,premium,yes,yes,1,85,0
132,2,B,6,premium,no,yes,4,45,1
132,2,C,6,premium,yes,yes,4,110,0
132,3,A,2,premium,yes,yes,1,110,0
132,3,B,6,standard,no,no,4,85,0
132,3,C,4,premium,no,yes,1,45,1
132,4,A,6,standard,yes,yes,4,30,1
132,4,B,6,premium,no,yes,4,65,0
132,4,C,4,standard,yes,yes,2,85,0
132,5,A,2,premium,yes,yes,2,65,0
132,5,B,6,standard,yes,no,1,85,1
132,5,C,6,standard,yes,yes,4,110,0
132,6,A,6,standard,yes,yes,4,65,0
132,6,B,2,standard,yes,yes,2,65,1
132,6,C,4,standard,yes,no,2,65,0
132,7,A,2,standard,yes,no,1,30,0
132,7,B,4,premium,no,no,2,85,0
132,7,C,2,standard,no,no,1,30,1
132,8,A,2,premium,yes,no,2,65,0
132,8,B,2,premium,no,no,4,65,1
132,8,C,2,standard,yes,yes,1,65,0
133,1,A,4,standard,no,yes,4,45,1
133,1,B,2,standard,no,no,1,85,0
133,1,C,6,standard,yes,yes,4,110,0
133,2,A,2,standard,no,no,2,85,1
133,2,B,2,standard,no,no,4,85,0
133,2,C,2,standard,yes,yes,1,110,0
133,3,A,2,premium,no,yes,4,85,0
133,3,B,6,premium,no,yes,2,85,0
133,3,C,2,premium,no,yes,2,45,1
133,4,A,6,standard,no,no,1,85,0
133,4,B,4,standard,yes,yes,2,65,0
133,4,C,4,standard,yes,no,1,65,1
133,5,A,6,standard,no,no,4,30,0
133,5,B,6,premium,no,no,4,30,0
133,5,C,4,premium,no,yes,2,65,1
133,6,A,4,standard,yes,yes,1,85,1
133,6,B,6,premium,yes,no,1,110,0
133,6,C,4,standard,yes,yes,4,110,0
133,7,A,6,premium,yes,no,4,110,1
133,7,B,6,standard,yes,no,1,45,0
133,7,C,2,premium,no,no,2,65,0
133,8,A,2,standard,yes,no,2,45,1
133,8,B,4,standard,no,yes,2,65,0
133,8,C,6,standard,yes,yes,4,65,0
134,1,A,2,premium,no,no,2,65,1
134,1,B,2,standard,no,yes,1,30,0
134,1,C,2,standard,yes,no,4,45,0
134,2,A,4,standard,no,yes,2,65,0
134,2,B,4,premium,yes,yes,2,45,0
134,2,C,4,premium,yes,yes,2,85,1
134,3,A,2,standard,yes,no,4,30,0
134,3,B,2,premium,yes,yes,1,30,1
134,3,C,4,premium,no,yes,1,110,0
134,4,A,4,premium,no,no,1,110,0
134,4,B,2,premium,yes,yes,4,45,1
134,4,C,4,premium,no,yes,2,30,0
134,5,A,6,premium,yes,yes,4,45,1
134,5,B,6,premium,no,no,4,45,0
134,5,C,4,standard,yes,yes,2,85,0
134,6,A,4,premium,yes,no,2,45,1
134,6,B,6,premium,no,no,1,30,0
134,6,C,6,standard,yes,no,2,110,0
134,7,A,6,premium,no,no,2,110,0
134,7,B,6,standard,yes,no,2,65,1
134,7,C,4,standard,no,yes,2,30,0
134,8,A,6,standard,no,no,4,110,0
134,8,B,2,premium,no,no,1,30,1
134,8,C,6,premium,no,yes,1,65,0
135,1,A,2,premium,yes,yes,1,45,0
135,1,B,6,premium,no,no,2,30,1
135,1,C,4,premium,no,no,4,30,0
135,2,A,6,premium,no,no,2,85,0
135,2,B,6,standard,no,no,2,85,1
135,2,C,2,standard,no,yes,2,110,0
135,3,A,6,premium,yes,no,4,85,0
135,3,B,4,premium,no,no,1,30,0
135,3,C,2,premium,yes,yes,2,45,1
135,4,A,2,standard,no,yes,2,85,0
135,4,B,4,premium,yes,no,1,110,0
135,4,C,2,premium,yes,yes,1,45,1
135,5,A,6,standard,yes,yes,4,30,0
135,5,B,2,premium,no,yes,2,110,0
135,5,C,6,standard,yes,yes,4,65,1
135,6,A,6,premium,no,no,4,85,0
135,6,B,4,standard,yes,no,2,65,0
135,6,C,4,premium,no,yes,2,65,1
135,7,A,4,standard,no,no,2,85,0
135,7,B,6,standard,no,yes,1,65,1
135,7,C,2,premium,no,yes,1,65,0
135,8,A,2,standard,no,yes,4,45,1
135,8,B,4,standard,yes,no,4,65,0
135,8,C,2,premium,yes,no,1,45,0
136,1,A,2,standard,yes,yes,1,85,0
136,1,B,2,premium,yes,no,2,85,1
136,1,C,6,premium,no,no,2,30,0
136,2,A,2,premium,yes,yes,4,30,1
136,2,B,6,standard,yes,yes,4,65,0
136,2,C,2,standard,no,yes,2,45,0
136,3,A,6,standard,no,yes,1,110,0
136,3,B,6,standard,no,yes,4,45,0
136,3,C,6,standard,yes,no,2,45,1
136,4,A,6,premium,no,no,2,110,0
136,4,B,6,premium,no,no,1,85,0
136,4,C,6,premium,no,no,4,65,1
136,5,A,2,premium,yes,no,4,65,0
136,5,B,6,premium,yes,yes,1,45,1
136,5,C,6,standard,yes,no,4,85,0
136,6,A,2,premium,yes,no,4,85,0
136,6,B,4,standard,yes,no,4,30,1
136,6,C,4,standard,no,no,1,45,0
136,7,A,6,standard,yes,no,2,30,0
136,7,B,6,premium,yes,yes,4,85,1
136,7,C,6,standard,yes,yes,2,110,0
136,8,A,4,premium,no,yes,2,85,0
136,8,B,2,premium,yes,yes,2,30,1
136,8,C,2,standard,no,yes,1,30,0
137,1,A,6,standard,no,yes,4,65,1
137,1,B,2,premium,no,no,4,110,0
137,1,C,2,premium,yes,yes,4,45,0
137,2,A,2,standard,no,yes,1,85,0
137,2,B,6,standard,yes,yes,4,45,1
137,2,C,2,standard,yes,yes,1,65,0
137,3,A,6,standard,no,no,4,45,1
137,3,B,6,premium,no,no,1,85,0
137,3,C,4,standard,no,no,4,110,0
137,4,A,6,standard,no,yes,2,45,1
137,4,B,4,premium,no,no,2,30,0
137,4,C,4,premium,no,no,4,30,0
137,5,A,2,standard,yes,yes,2,110,0
137,5,B,4,standard,no,yes,2,30,1
137,5,C,6,standard,no,no,4,30,0
137,6,A,4,premium,no,yes,2,65,1
137,6,B,6,premium,yes,no,2,65,0
137,6,C,2,standard,yes,yes,4,110,0
137,7,A,2,premium,yes,no,2,85,0
137,7,B,4,premium,no,no,4,65,0
137,7,C,2,standard,yes,yes,1,30,1
137,8,A,2,premium,yes,no,4,30,1
137,8,B,6,premium,yes,no,2,30,0
137,8,C,4,premium,no,no,4,65,0
138,1,A,4,standard,no,yes,1,110,0
138,1,B,4,premium,no,no,2,65,0
138,1,C,4,premium,yes,no,1,30,1
138,2,A,2,standard,no,yes,4,30,0
138,2,B,4,standard,no,no,4,45,1
138,2,C,6,premium,no,no,1,110,0
138,3,A,2,premium,yes,no,1,45,1
138,3,B,6,premium,yes,no,1,110,0
138,3,C,2,standard,yes,no,1,65,0
138,4,A,4,standard,yes,yes,4,45,0
138,4,B,2,premium,yes,no,1,45,1
138,4,C,4,standard,yes,yes,4,110,0
138,5,A,6,premium,no,no,2,65,0
138,5,B,6,standard,yes,no,2,65,0
138,5,C,6,standard,yes,yes,1,65,1
138,6,A,6,standard,yes,no,1,110,0
138,6,B,2,standard,yes,yes,2,65,0
138,6,C,4,premium,yes,yes,2,65,1
138,7,A,6,premium,no,no,4,85,0
138,7,B,6,premium,no,no,1,85,0
138,7,C,6,standard,yes,yes,4,85,1
138,8,A,6,standard,no,yes,1,45,0
138,8,B,4,standard,yes,no,1,45,0
138,8,C,6,premium,no,no,4,45,1
139,1,A,4,premium,yes,no,1,85,0
139,1,B,4,standard,yes,no,1,45,1
139,1,C,6,premium,no,no,2,65,0
139,2,A,2,standard,yes,no,4,45,0
139,2,B,4,standard,yes,no,1,65,1
139,2,C,6,premium,yes,no,1,65,0
139,3,A,4,premium,yes,no,1,85,1
139,3,B,6,premium,yes,yes,4,110,0
139,3,C,2,standard,no,yes,1,45,0
139,4,A,2,premium,yes,yes,1,110,0
139,4,B,2,premium,yes,yes,4,110,1
139,4,C,4,premium,yes,yes,2,85,0
139,5,A,6,standard,no,no,4,65,0
139,5,B,4,premium,yes,yes,2,110,0
139,5,C,6,premium,no,yes,1,85,1
139,6,A,4,standard,yes,no,4,65,0
139,6,B,4,premium,no,no,2,85,0
139,6,C,4,standard,no,no,4,45,1
139,7,A,2,standard,yes,no,1,85,0
139,7,B,4,premium,no,yes,1,65,0
139,7,C,2,premium,no,no,4,30,1
139,8,A,4,standard,no,no,1,65,0
139,8,B,4,standard,yes,no,4,110,0
139,8,C,2,premium,no,no,4,30,1
140,1,A,6,standard,yes,yes,2,110,0
140,1,B,2,premium,no,yes,4,85,0
140,1,C,2,premium,yes,yes,4,85,1
140,2,A,4,standard,no,no,2,65,0
140,2,B,4,standard,yes,no,4,30,1
140,2,C,2,standard,no,yes,2,45,0
140,3,A,2,premium,yes,yes,2,30,1
140,3,B,6,premium,yes,no,4,85,0
140,3,C,4,premium,yes,yes,4,45,0
140,4,A,2,standard,no,no,2,45,0
140,4,B,6,standard,no,yes,1,65,0
140,4,C,4,standard,yes,yes,4,65,1
140,5,A,4,premium,yes,no,1,30,1
140,5,B,4,premium,no,no,2,45,0
140,5,C,2,premium,yes,no,1,45,0
140,6,A,4,standard,no,no,2,30,0
140,6,B,2,premium,no,no,2,30,1
140,6,C,6,premium,no,no,1,85,0
140,7,A,2,premium,yes,no,4,45,1
140,7,B,2,premium,yes,no,4,85,0
140,7,C,2,premium,no,yes,2,65,0
140,8,A,2,standard,no,yes,2,110,0
140,8,B,6,standard,yes,no,2,85,0
140,8,C,4,premium,no,no,2,45,1
141,1,A,2,premium,no,no,1,45,1
141,1,B,2,premium,no,no,1,45,0
141,1,C,2,premium,yes,no,1,110,0
141,2,A,2,standard,no,yes,1,45,0
141,2,B,6,premium,no,no,1,85,0
141,2,C,6,premium,no,no,1,30,1
141,3,A,2,premium,no,no,4,45,0
141,3,B,2,premium,yes,no,4,45,0
141,3,C,6,premium,yes,yes,4,30,1
141,4,A,2,standard,no,yes,2,85,0
141,4,B,2,premium,no,no,2,30,0
141,4,C,6,standard,yes,no,4,45,1
141,5,A,2,premium,no,yes,4,30,0
141,5,B,2,premium,yes,yes,4,65,1
141,5,C,2,premium,yes,no,1,45,0
141,6,A,6,premium,yes,no,2,65,0
141,6,B,6,standard,no,no,1,85,0
141,6,C,2,standard,no,yes,2,45,1
141,7,A,4,premium,no,yes,2,45,0
141,7,B,2,premium,no,no,2,30,1
141,7,C,2,standard,yes,yes,2,85,0
141,8,A,6,standard,yes,no,2,85,0
141,8,B,4,standard,no,yes,4,65,0
141,8,C,2,premium,no,no,2,45,1
142,1,A,2,premium,no,yes,1,45,0
142,1,B,6,premium,no,no,4,110,0
142,1,C,4,standard,no,no,4,30,1
142,2,A,2,standard,no,no,4,30,0
142,2,B,2,premium,no,no,1,110,0
142,2,C,6,premium,yes,no,2,65,1
142,3,A,2,standard,yes,no,1,85,0
142,3,B,4,standard,no,yes,4,85,0
142,3,C,4,standard,no,no,1,45,1
142,4,A,4,premium,no,yes,2,65,1
142,4,B,6,premium,yes,no,1,110,0
142,4,C,6,premium,no,no,1,45,0
142,5,A,6,premium,yes,yes,2,65,1
142,5,B,2,premium,yes,yes,1,65,0
142,5,C,6,standard,yes,yes,2,85,0
142,6,A,6,standard,no,yes,2,45,0
142,6,B,4,premium,yes,yes,1,30,1
142,6,C,6,standard,no,no,1,30,0
142,7,A,6,standard,yes,no,4,110,0
142,7,B,2,standard,no,yes,1,85,1
142,7,C,6,premium,no,no,4,30,0
142,8,A,2,premium,yes,yes,4,85,0
142,8,B,2,premium,yes,no,1,85,1
142,8,C,6,premium,yes,no,1,110,0
143,1,A,2,premium,yes,no,2,85,0
143,1,B,4,standard,no,no,1,45,0
143,1,C,2,premium,yes,no,1,30,1
143,2,A,2,standard,no,yes,4,85,0
143,2,B,6,premium,yes,no,4,65,0
143,2,C,4,premium,no,no,1,30,1
143,3,A,4,premium,no,no,4,85,0
143,3,B,4,standard,yes,yes,1,65,1
143,3,C,6,premium,no,no,4,85,0
143,4,A,4,premium,no,yes,2,110,0
143,4,B,2,premium,yes,no,1,30,0
143,4,C,2,premium,yes,yes,4,65,1
143,5,A,2,standard,no,no,1,30,0
143,5,B,4,premium,no,no,4,30,1
143,5,C,6,premium,yes,no,1,45,0
143,6,A,2,standard,yes,no,4,30,1
143,6,B,2,standard,no,no,2,45,0
143,6,C,4,standard,no,no,1,110,0
143,7,A,6,standard,no,yes,2,30,1
143,7,B,4,standard,yes,yes,2,30,0
143,7,C,6,standard,yes,yes,2,110,0
143,8,A,2,premium,yes,no,1,85,0
143,8,B,2,standard,yes,yes,1,45,1
143,8,C,2,premium,yes,yes,1,110,0
144,1,A,6,standard,no,yes,4,85,0
144,1,B,2,standard,no,no,2,85,0
144,1,C,4,premium,no,yes,4,65,1
144,2,A,6,premium,yes,yes,2,85,0
144,2,B,6,premium,yes,yes,4,110,0
144,2,C,2,premium,yes,no,4,30,1
144,3,A,4,premium,yes,no,2,45,0
144,3,B,2,premium,yes,yes,2,65,1
144,3,C,6,standard,no,no,2,65,0
144,4,A,2,premium,no,yes,1,85,0
144,4,B,2,standard,yes,no,4,45,0
144,4,C,6,premium,yes,no,1,85,1
144,5,A,2,standard,yes,yes,1,30,1
144,5,B,2,premium,no,no,1,110,0
144,5,C,4,premium,yes,no,1,110,0
144,6,A,2,standard,no,yes,4,65,0
144,6,B,4,premium,yes,no,1,85,0
144,6,C,2,standard,yes,yes,1,30,1
144,7,A,2,standard,yes,yes,2,30,0
144,7,B,2,premium,yes,yes,2,30,1
144,7,C,2,standard,no,no,1,85,0
144,8,A,6,premium,no,yes,4,65,0
144,8,B,6,premium,yes,yes,2,110,1
144,8,C,6,standard,no,yes,1,110,0
145,1,A,2,standard,yes,yes,1,45,0
145,1,B,4,premium,no,no,1,30,1
145,1,C,6,standard,yes,no,4,65,0
145,2,A,6,premium,yes,no,1,65,1
145,2,B,2,premium,yes,no,4,65,0
145,2,C,2,premium,no,yes,2,85,0
145,3,A,4,premium,no,no,4,65,0
145,3,B,4,standard,yes,no,4,45,1
145,3,C,4,standard,no,yes,1,110,0
145,4,A,2,standard,no,yes,1,65,0
145,4,B,6,standard,no,no,2,30,0
145,4,C,4,premium,no,yes,4,30,1
145,5,A,4,premium,yes,yes,2,65,1
145,5,B,2,standard,yes,no,4,45,0
145,5,C,2,premium,no,no,1,85,0
145,6,A,4,premium,no,yes,2,110,0
145,6,B,4,premium,no,yes,4,30,1
145,6,C,4,premium,yes,yes,2,110,0
145,7,A,4,standard,no,no,4,45,0
145,7,B,4,premium,yes,no,1,85,0
145,7,C,4,premium,yes,yes,4,30,1
145,8,A,6,standard,yes,no,2,85,0
145,8,B,4,standard,no,yes,2,30,1
145,8,C,6,premium,no,yes,4,30,0
146,1,A,4,premium,no,yes,2,65,0
146,1,B,6,premium,yes,yes,1,65,1
146,1,C,6,standard,yes,no,1,85,0
146,2,A,2,premium,yes,no,2,85,0
146,2,B,4,standard,no,yes,2,45,0
146,2,C,4,premium,yes,yes,4,85,1
146,3,A,2,standard,no,yes,4,110,0
146,3,B,6,standard,yes,yes,4,65,1
146,3,C,2,premium,no,yes,4,110,0
146,4,A,6,standard,no,no,2,85,0
146,4,B,6,standard,no,yes,2,45,1
146,4,C,4,premium,no,no,2,110,0
146,5,A,2,standard,no,yes,4,110,0
146,5,B,2,standard,no,no,1,65,0
146,5,C,6,standard,yes,yes,1,45,1
146,6,A,6,premium,no,no,1,110,0
146,6,B,2,premium,no,yes,4,45,0
146,6,C,4,standard,no,yes,4,110,1
146,7,A,2,premium,yes,no,4,45,1
146,7,B,6,standard,yes,no,4,65,0
146,7,C,2,standard,no,no,1,65,0
146,8,A,2,standard,yes,yes,2,110,0
146,8,B,4,premium,yes,yes,2,85,1
146,8,C,2,premium,no,no,2,85,0
147,1,A,6,standard,yes,no,2,45,0
147,1,B,2,premium,yes,yes,1,45,1
147,1,C,2,premium,yes,no,1,65,0
147,2,A,4,premium,no,yes,1,45,1
147,2,B,4,premium,no,no,4,65,0
147,2,C,6,premium,yes,yes,4,110,0
147,3,A,2,premium,yes,yes,4,85,1
147,3,B,4,premium,yes,yes,2,45,0
147,3,C,2,premium,yes,yes,4,65,0
147,4,A,4,premium,yes,yes,1,45,1
147,4,B,2,standard,yes,yes,2,45,0
147,4,C,2,standard,yes,no,2,30,0
147,5,A,4,standard,no,yes,2,110,0
147,5,B,4,premium,no,yes,2,85,0
147,5,C,4,premium,no,yes,4,65,1
147,6,A,6,standard,yes,no,4,65,0
147,6,B,4,premium,yes,no,1,30,1
147,6,C,6,standard,yes,no,4,85,0
147,7,A,4,standard,no,no,1,65,1
147,7,B,2,premium,no,yes,4,85,0
147,7,C,4,standard,yes,no,1,85,0
147,8,A,6,standard,no,no,2,110,0
147,8,B,4,premium,yes,yes,1,45,0
147,8,C,2,premium,yes,no,1,45,1
148,1,A,4,standard,no,no,1,65,0
148,1,B,2,standard,yes,yes,2,30,1
148,1,C,6,premium,no,no,4,65,0
148,2,A,2,premium,no,yes,4,45,1
148,2,B,2,premium,no,yes,2,45,0
148,2,C,4,premium,no,yes,1,110,0
148,3,A,4,premium,no,yes,1,45,0
148,3,B,6,premium,no,yes,1,30,1
148,3,C,6,premium,no,yes,2,65,0
148,4,A,6,premium,no,yes,2,45,0
148,4,B,4,standard,no,yes,4,30,1
148,4,C,6,standard,yes,yes,2,85,0
148,5,A,2,standard,yes,yes,2,110,0
148,5,B,4,premium,yes,no,2,45,0
148,5,C,6,premium,yes,yes,1,65,1
148,6,A,6,premium,yes,yes,4,45,1
148,6,B,2,standard,yes,yes,4,110,0
148,6,C,6,standard,no,no,1,65,0
148,7,A,2,premium,yes,no,1,45,1
148,7,B,2,standard,yes,yes,4,110,0
148,7,C,2,standard,no,yes,2,85,0
148,8,A,4,standard,no,no,1,110,1
148,8,B,2,premium,yes,yes,2,110,0
148,8,C,6,premium,no,yes,1,110,0
149,1,A,2,standard,yes,no,1,85,0
149,1,B,4,premium,yes,no,4,45,0
149,1,C,4,standard,no,no,2,110,1
149,2,A,4,standard,yes,no,1,110,0
149,2,B,2,premium,no,no,2,110,0
149,2,C,6,standard,yes,no,4,85,1
149,3,A,4,premium,yes,no,1,30,1
149,3,B,4,standard,yes,yes,2,65,0
149,3,C,4,premium,yes,no,2,30,0
149,4,A,6,standard,no,yes,4,65,1
149,4,B,2,standard,no,no,1,65,0
149,4,C,2,premium,no,no,4,85,0
149,5,A,6,standard,yes,no,4,65,1
149,5,B,6,premium,yes,yes,1,85,0
149,5,C,4,standard,yes,no,2,85,0
149,6,A,4,premium,no,yes,4,110,0
149,6,B,6,premium,yes,yes,1,110,0
149,6,C,2,standard,yes,yes,4,85,1
149,7,A,6,standard,no,no,4,85,0
149,7,B,2,premium,yes,yes,4,30,1
149,7,C,4,premium,no,no,2,45,0
149,8,A,4,premium,no,yes,2,65,0
149,8,B,2,premium,no,no,1,45,1
149,8,C,6,standard,no,yes,2,110,0
150,1,A,4,premium,yes,no,4,45,1
150,1,B,2,premium,yes,no,4,45,0
150,1,C,6,standard,yes,no,1,110,0
150,2,A,2,premium,no,yes,4,85,0
150,2,B,4,premium,no,yes,4,85,0
150,2,C,6,premium,no,no,4,65,1
150,3,A,6,premium,yes,no,2,45,0
150,3,B,2,premium,yes,no,2,30,1
150,3,C,6,standard,no,no,2,65,0
150,4,A,2,premium,yes,no,2,65,0
150,4,B,2,standard,no,no,4,45,1
150,4,C,4,standard,no,yes,4,110,0
150,5,A,4,premium,yes,no,1,110,0
150,5,B,4,premium,yes,no,2,110,0
150,5,C,2,standard,no,no,2,30,1
150,6,A,4,standard,yes,yes,1,110,1
150,6,B,2,premium,yes,yes,2,110,0
150,6,C,6,premium,yes,no,4,110,0
150,7,A,6,standard,no,yes,1,110,0
150,7,B,2,standard,yes,yes,4,65,0
150,7,C,6,premium,yes,no,4,30,1
150,8,A,6,standard,yes,no,2,85,1
150,8,B,6,standard,yes,no,2,110,0
150,8,C,6,premium,yes,no,2,85,0
151,1,A,2,standard,yes,no,4,110,0
151,1,B,4,premium,no,yes,1,110,0
151,1,C,6,standard,yes,yes,4,45,1
151,2,A,2,standard,yes,yes,4,30,1
151,2,B,6,premium,yes,yes,1,85,0
151,2,C,4,standard,no,no,1,110,0
151,3,A,6,standard,yes,no,4,30,0
151,3,B,4,standard,yes,no,1,85,1
151,3,C,6,standard,yes,yes,2,110,0
151,4,A,6,standard,yes,yes,4,45,1
151,4,B,6,premium,no,no,4,85,0
151,4,C,2,standard,yes,no,1,85,0
151,5,A,2,premium,no,yes,4,85,0
151,5,B,2,premium,no,no,2,65,0
151,5,C,4,premium,yes,no,2,45,1
151,6,A,6,premium,yes,yes,4,85,0
151,6,B,4,standard,no,yes,4,85,0
151,6,C,4,standard,yes,no,2,45,1
151,7,A,4,standard,no,no,1,65,0
151,7,B,2,premium,yes,no,2,110,0
151,7,C,6,standard,yes,no,4,85,1
151,8,A,2,premium,no,yes,2,30,0
151,8,B,4,premium,yes,no,4,30,1
151,8,C,6,premium,no,yes,2,110,0
152,1,A,2,premium,no,no,2,65,0
152,1,B,2,premium,no,no,2,110,0
152,1,C,2,standard,yes,yes,1,85,1
152,2,A,4,premium,yes,yes,2,110,1
152,2,B,2,premium,no,yes,4,85,0
152,2,C,6,premium,no,yes,1,85,0
152,3,A,6,standard,no,no,2,30,0
152,3,B,4,premium,no,yes,2,85,0
152,3,C,4,premium,yes,yes,1,45,1
152,4,A,6,premium,no,no,4,110,0
152,4,B,2,premium,no,no,2,110,0
152,4,C,4,premium,yes,yes,4,85,1
152,5,A,2,standard,yes,yes,4,65,0
152,5,B,4,standard,no,no,2,30,1
152,5,C,6,standard,yes,no,1,65,0
152,6,A,6,standard,no,yes,2,30,1
152,6,B,4,standard,yes,yes,4,110,0
152,6,C,6,premium,no,yes,2,85,0
152,7,A,2,standard,yes,yes,1,110,0
152,7,B,4,standard,yes,no,1,45,1
152,7,C,2,standard,no,no,2,85,0
152,8,A,6,premium,no,no,1,65,1
152,8,B,4,premium,no,yes,2,45,0
152,8,C,2,premium,no,no,1,85,0
153,1,A,4,premium,no,yes,1,30,0
153,1,B,2,premium,yes,no,4,45,1
153,1,C,4,premium,yes,yes,4,85,0
153,2,A,6,premium,yes,yes,4,45,0
153,2,B,2,premium,no,yes,4,110,0
153,2,C,6,standard,no,no,2,45,1
153,3,A,2,standard,yes,yes,2,65,1
153,3,B,4,standard,no,yes,4,65,0
153,3,C,2,premium,no,yes,4,110,0
153,4,A,2,premium,yes,no,2,45,1
153,4,B,6,standard,yes,yes,4,110,0
153,4,C,6,standard,yes,yes,4,85,0
153,5,A,6,premium,no,yes,2,85,0
153,5,B,4,premium,no,no,1,110,0
153,5,C,2,standard,no,yes,2,110,1
153,6,A,6,standard,yes,yes,4,30,1
153,6,B,2,standard,yes,yes,4,45,0
153,6,C,2,standard,yes,no,2,85,0
153,7,A,2,standard,yes,no,1,30,0
153,7,B,6,premium,yes,no,1,45,0
153,7,C,2,standard,yes,no,2,65,1
153,8,A,6,premium,no,yes,4,30,0
153,8,B,6,premium,yes,yes,1,85,1
153,8,C,4,premium,no,yes,2,45,0
154,1,A,2,premium,no,yes,2,110,0
154,1,B,4,standard,yes,yes,1,45,0
154,1,C,6,premium,no,yes,1,30,1
154,2,A,6,premium,no,yes,2,65,0
154,2,B,2,standard,yes,no,2,30,1
154,2,C,6,standard,no,no,2,65,0
154,3,A,2,premium,yes,no,1,85,1
154,3,B,6,standard,yes,yes,4,85,0
154,3,C,6,standard,yes,no,2,110,0
154,4,A,2,standard,yes,yes,4,65,0
154,4,B,4,standard,yes,yes,1,65,0
154,4,C,4,premium,yes,no,4,30,1
154,5,A,2,premium,yes,yes,4,45,1
154,5,B,4,premium,no,yes,1,65,0
154,5,C,6,premium,no,yes,2,110,0
154,6,A,4,premium,yes,yes,2,30,0
154,6,B,2,standard,yes,no,2,110,0
154,6,C,4,premium,yes,yes,1,45,1
154,7,A,6,standard,yes,yes,1,65,1
154,7,B,4,standard,yes,no,4,110,0
154,7,C,6,standard,yes,no,4,30,0
154,8,A,4,standard,no,no,4,110,0
154,8,B,6,standard,no,yes,2,45,1
154,8,C,2,premium,yes,no,4,65,0
155,1,A,4,standard,no,no,2,110,0
155,1,B,2,premium,no,no,2,65,1
155,1,C,2,premium,no,yes,2,110,0
155,2,A,6,standard,no,no,1,110,0
155,2,B,6,premium,no,no,1,85,0
155,2,C,4,standard,no,no,4,85,1
155,3,A,6,premium,no,no,4,110,0
155,3,B,4,standard,yes,yes,2,30,1
155,3,C,2,standard,no,no,2,85,0
155,4,A,6,standard,no,yes,2,45,0
155,4,B,4,premium,no,no,2,85,0
155,4,C,6,premium,no,no,2,65,1
155,5,A,4,premium,no,no,2,110,0
155,5,B,4,standard,no,yes,1,45,1
155,5,C,6,premium,no,no,2,30,0
155,6,A,4,standard,no,no,4,45,1
155,6,B,6,standard,yes,no,2,30,0
155,6,C,6,premium,no,yes,4,85,0
155,7,A,6,premium,no,no,4,45,0
155,7,B,4,standard,yes,no,1,85,0
155,7,C,2,standard,yes,no,2,30,1
155,8,A,4,premium,no,no,4,65,0
155,8,B,4,premium,no,yes,4,65,1
155,8,C,2,standard,no,yes,1,110,0
156,1,A,2,standard,no,yes,2,30,1
156,1,B,2,standard,yes,yes,2,85,0
156,1,C,2,premium,no,yes,2,110,0
156,2,A,4,standard,no,yes,4,65,0
156,2,B,4,premium,no,no,1,30,1
156,2,C,6,standard,no,yes,2,110,0
156,3,A,6,standard,yes,yes,4,85,0
156,3,B,2,standard,no,no,4,85,1
156,3,C,6,standard,no,no,1,85,0
156,4,A,6,premium,no,no,2,110,0
156,4,B,4,standard,yes,no,4,85,0
156,4,C,2,standard,no,no,1,30,1
156,5,A,4,standard,yes,no,2,45,1
156,5,B,2,standard,yes,yes,2,30,0
156,5,C,4,premium,yes,no,1,65,0
156,6,A,2,premium,no,yes,1,85,1
156,6,B,6,standard,no,yes,1,65,0
156,6,C,2,standard,no,no,2,110,0
156,7,A,2,standard,no,no,4,85,0
156,7,B,2,standard,yes,no,4,45,1
156,7,C,4,premium,yes,no,1,45,0
156,8,A,4,premium,no,yes,4,85,0
156,8,B,2,standard,yes,yes,2,110,1
156,8,C,2,premium,no,yes,2,65,0
157,1,A,6,standard,yes,yes,1,110,0
157,1,B,4,premium,no,no,2,85,0
157,1,C,2,premium,yes,yes,4,110,1
157,2,A,6,standard,no,yes,2,110,0
157,2,B,2,standard,yes,no,2,45,1
157,2,C,2,premium,no,yes,1,65,0
157,3,A,2,standard,yes,no,1,45,0
157,3,B,4,premium,yes,no,4,30,1
157,3,C,6,standard,no,yes,2,65,0
157,4,A,4,premium,no,yes,4,65,1
157,4,B,6,premium,yes,no,1,110,0
157,4,C,4,standard,yes,no,4,110,0
157,5,A,6,premium,no,yes,2,45,0
157,5,B,6,standard,no,yes,1,65,0
157,5,C,4,premium,yes,no,4,30,1
157,6,A,6,premium,yes,no,2,45,0
157,6,B,6,premium,yes,no,1,110,1
157,6,C,2,standard,no,yes,1,65,0
157,7,A,2,premium,yes,yes,2,110,0
157,7,B,2,premium,yes,yes,2,65,0
157,7,C,2,premium,yes,yes,1,110,1
157,8,A,2,standard,yes,yes,4,65,0
157,8,B,6,standard,yes,yes,1,85,1
157,8,C,6,premium,yes,yes,2,30,0
158,1,A,6,standard,yes,yes,1,65,0
158,1,B,4,premium,no,yes,4,85,0
158,1,C,6,premium,yes,no,4,45,1
158,2,A,4,standard,no,yes,4,30,1
158,2,B,4,premium,no,no,1,65,0
158,2,C,4,standard,no,yes,4,45,0
158,3,A,6,premium,yes,yes,2,110,0
158,3,B,2,standard,no,yes,1,45,0
158,3,C,4,premium,yes,no,4,65,1
158,4,A,6,standard,yes,yes,4,45,0
158,4,B,6,standard,yes,yes,2,110,0
158,4,C,4,standard,yes,yes,1,30,1
158,5,A,2,standard,no,yes,1,30,0
158,5,B,2,premium,yes,no,2,65,0
158,5,C,4,premium,yes,no,4,30,1
158,6,A,4,premium,yes,yes,2,65,0
158,6,B,2,premium,yes,no,4,45,1
158,6,C,2,premium,no,no,2,65,0
158,7,A,4,standard,no,no,1,110,1
158,7,B,4,premium,no,no,2,110,0
158,7,C,4,standard,no,yes,1,110,0
158,8,A,2,standard,yes,no,1,85,0
158,8,B,2,standard,yes,no,4,45,1
158,8,C,2,premium,no,no,2,65,0
159,1,A,4,standard,no,yes,1,65,0
159,1,B,6,premium,yes,no,2,110,0
159,1,C,6,standard,yes,yes,4,45,1
159,2,A,2,standard,no,yes,4,85,0
159,2,B,6,premium,no,yes,2,65,1
159,2,C,4,standard,yes,yes,4,45,0
159,3,A,6,standard,yes,no,2,65,0
159,3,B,6,premium,yes,yes,1,30,1
159,3,C,4,standard,no,yes,1,30,0
159,4,A,2,standard,yes,yes,1,85,0
159,4,B,4,premium,yes,no,4,85,1
159,4,C,4,premium,no,no,4,85,0
159,5,A,6,standard,no,yes,2,30,1
159,5,B,4,premium,yes,no,2,85,0
159,5,C,6,premium,yes,yes,2,65,0
159,6,A,6,standard,no,yes,2,85,0
159,6,B,6,premium,no,no,2,65,0
159,6,C,6,standard,no,yes,2,85,1
159,7,A,4,premium,yes,yes,1,30,1
159,7,B,4,premium,no,yes,1,110,0
159,7,C,2,premium,yes,no,1,65,0
159,8,A,6,premium,yes,no,4,30,0
159,8,B,2,standard,no,yes,1,30,0
159,8,C,2,standard,yes,no,1,45,1
160,1,A,4,standard,no,no,2,45,0
160,1,B,4,standard,yes,no,1,30,1
160,1,C,6,standard,no,yes,1,30,0
160,2,A,2,standard,no,yes,4,110,0
160,2,B,4,premium,yes,yes,4,30,0
160,2,C,6,premium,no,yes,2,45,1
160,3,A,6,premium,no,no,4,85,0
160,3,B,6,standard,yes,yes,1,65,1
160,3,C,2,premium,yes,no,2,30,0
160,4,A,4,standard,yes,no,2,110,1
160,4,B,6,standard,no,no,2,85,0
160,4,C,4,standard,no,yes,2,85,0
160,5,A,4,standard,no,yes,1,65,0
160,5,B,6,premium,no,yes,1,30,1
160,5,C,6,standard,no,no,4,85,0
160,6,A,6,premium,yes,no,4,45,0
160,6,B,6,standard,no,yes,4,45,0
160,6,C,4,premium,no,yes,2,30,1
160,7,A,2,premium,yes,no,1,110,0
160,7,B,4,premium,no,no,1,110,0
160,7,C,6,premium,yes,no,4,65,1
160,8,A,2,standard,yes,no,1,30,0
160,8,B,6,premium,yes,yes,1,85,0
160,8,C,2,standard,yes,no,4,30,1
161,1,A,6,premium,yes,no,4,85,0
161,1,B,2,premium,no,yes,1,110,0
161,1,C,6,premium,yes,yes,4,45,1
161,2,A,6,premium,yes,no,4,85,0
161,2,B,2,standard,yes,yes,4,30,1
161,2,C,2,standard,yes,yes,4,45,0
161,3,A,4,standard,yes,yes,1,45,0
161,3,B,4,standard,yes,yes,1,30,1
161,3,C,4,standard,no,no,1,110,0
161,4,A,2,premium,no,no,4,110,0
161,4,B,6,standard,yes,no,1,45,1
161,4,C,2,standard,yes,yes,1,65,0
161,5,A,2,standard,no,no,1,110,0
161,5,B,6,premium,no,yes,2,85,0
161,5,C,4,standard,no,no,4,65,1
161,6,A,6,premium,no,no,2,65,0
161,6,B,2,standard,no,yes,4,45,0
161,6,C,2,premium,no,yes,1,30,1
161,7,A,6,premium,yes,yes,2,45,0
161,7,B,2,standard,no,no,1,65,0
161,7,C,4,premium,yes,yes,4,45,1
161,8,A,4,premium,yes,no,2,65,1
161,8,B,6,standard,no,yes,2,45,0
161,8,C,2,standard,yes,yes,1,110,0
162,1,A,6,premium,no,no,2,45,1
162,1,B,6,standard,no,yes,1,65,0
162,1,C,6,premium,no,no,1,110,0
162,2,A,2,standard,no,no,2,45,0
162,2,B,4,standard,yes,yes,2,110,0
162,2,C,2,premium,no,yes,1,45,1
162,3,A,2,standard,no,no,1,65,0
162,3,B,6,standard,no,no,2,110,0
162,3,C,2,standard,no,yes,2,45,1
162,4,A,2,premium,yes,no,1,45,0
162,4,B,6,premium,no,yes,1,45,1
162,4,C,4,standard,yes,no,4,65,0
162,5,A,6,standard,yes,yes,2,110,0
162,5,B,4,premium,no,no,2,45,1
162,5,C,6,standard,yes,yes,4,110,0
162,6,A,2,premium,no,yes,2,45,1
162,6,B,4,premium,yes,no,2,85,0
162,6,C,6,standard,no,no,1,85,0
162,7,A,4,premium,no,no,1,110,1
162,7,B,2,premium,no,no,4,110,0
162,7,C,6,premium,no,no,2,65,0
162,8,A,4,standard,no,yes,2,45,0
162,8,B,4,premium,yes,yes,4,45,1
162,8,C,4,premium,yes,no,4,85,0
163,1,A,4,premium,yes,yes,4,85,0
163,1,B,4,premium,yes,yes,1,45,1
163,1,C,2,standard,yes,yes,2,30,0
163,2,A,4,premium,yes,yes,2,85,0
163,2,B,6,premium,yes,no,2,30,0
163,2,C,6,standard,yes,yes,4,45,1
163,3,A,4,premium,no,no,1,65,0
163,3,B,2,standard,yes,no,1,45,1
163,3,C,4,premium,no,no,1,110,0
163,4,A,4,standard,yes,yes,1,65,0
163,4,B,4,standard,yes,yes,1,65,0
163,4,C,6,premium,yes,no,4,30,1
163,5,A,4,standard,yes,no,4,85,0
163,5,B,6,standard,yes,yes,4,65,1
163,5,C,6,standard,yes,yes,4,45,0
163,6,A,2,premium,yes,no,4,85,0
163,6,B,2,premium,yes,yes,4,45,1
163,6,C,2,standard,yes,no,1,110,0
163,7,A,2,standard,yes,yes,2,65,0
163,7,B,6,premium,yes,yes,2,45,1
163,7,C,4,premium,yes,yes,2,30,0
163,8,A,2,premium,no,no,1,65,1
163,8,B,2,standard,no,no,2,65,0
163,8,C,4,standard,no,no,2,110,0
164,1,A,2,premium,yes,no,4,85,0
164,1,B,2,premium,yes,yes,4,45,1
164,1,C,6,standard,no,yes,2,45,0
164,2,A,2,premium,no,yes,2,110,0
164,2,B,2,premium,no,no,2,85,0
164,2,C,2,premium,yes,yes,1,45,1
164,3,A,6,premium,no,yes,1,30,0
164,3,B,2,standard,yes,yes,2,30,1
164,3,C,4,premium,yes,yes,2,85,0
164,4,A,2,standard,yes,no,4,110,0
164,4,B,6,standard,yes,no,1,110,0
164,4,C,6,standard,yes,no,4,65,1
164,5,A,6,premium,yes,no,2,85,1
164,5,B,2,standard,no,yes,1,110,0
164,5,C,6,standard,no,yes,4,85,0
164,6,A,4,standard,no,no,2,110,0
164,6,B,2,standard,yes,no,2,85,0
164,6,C,6,premium,yes,no,1,30,1
164,7,A,2,premium,no,no,1,110,0
164,7,B,6,premium,no,yes,1,45,1
164,7,C,6,standard,yes,yes,1,110,0
164,8,A,2,standard,yes,yes,4,110,0
164,8,B,6,premium,yes,no,4,110,0
164,8,C,4,standard,no,no,2,65,1
165,1,A,4,standard,yes,no,2,65,0
165,1,B,2,premium,no,yes,2,45,1
165,1,C,4,standard,no,yes,1,65,0
165,2,A,4,standard,yes,no,1,85,0
165,2,B,6,standard,no,no,1,110,1
165,2,C,4,standard,no,yes,2,45,0
165,3,A,6,standard,no,yes,2,110,0
165,3,B,4,standard,yes,yes,4,30,1
165,3,C,4,standard,no,yes,1,30,0
165,4,A,4,standard,no,yes,1,65,0
165,4,B,4,standard,no,no,4,30,1
165,4,C,4,premium,no,no,4,65,0
165,5,A,6,premium,no,no,4,45,1
165,5,B,6,premium,no,no,1,85,0
165,5,C,2,standard,no,yes,2,85,0
165,6,A,6,premium,yes,yes,4,110,0
165,6,B,2,standard,no,no,2,30,1
165,6,C,6,premium,no,yes,4,45,0
165,7,A,4,standard,no,no,4,30,0
165,7,B,6,premium,no,yes,2,45,1
165,7,C,4,premium,no,yes,2,45,0
165,8,A,4,premium,yes,no,2,85,0
165,8,B,2,standard,yes,yes,4,85,0
165,8,C,2,standard,yes,yes,1,30,1
166,1,A,6,premium,yes,yes,1,65,0
166,1,B,2,standard,yes,yes,1,45,1
166,1,C,6,standard,no,no,1,110,0
166,2,A,2,premium,yes,no,2,110,0
166,2,B,2,premium,yes,yes,1,30,1
166,2,C,2,premium,no,yes,1,45,0
166,3,A,6,premium,no,no,2,65,0
166,3,B,4,standard,yes,no,1,110,0
166,3,C,4,standard,no,yes,4,30,1
166,4,A,4,premium,yes,yes,4,85,0
166,4,B,6,premium,no,no,4,65,0
166,4,C,6,standard,no,yes,2,85,1
166,5,A,6,premium,yes,no,4,45,1
166,5,B,6,premium,yes,no,2,85,0
166,5,C,2,premium,no,yes,1,30,0
166,6,A,2,standard,yes,no,4,110,0
166,6,B,2,premium,yes,yes,2,30,1
166,6,C,6,premium,no,no,1,45,0
166,7,A,6,standard,yes,yes,1,110,0
166,7,B,2,standard,no,yes,2,45,1
166,7,C,6,standard,no,yes,1,30,0
166,8,A,4,premium,no,yes,1,110,0
166,8,B,6,premium,no,no,2,30,0
166,8,C,2,premium,yes,no,2,30,1
167,1,A,2,premium,no,yes,4,85,0
167,1,B,2,standard,yes,no,4,85,1
167,1,C,2,standard,yes,yes,4,45,0
167,2,A,4,standard,no,yes,1,65,0
167,2,B,2,standard,yes,yes,2,45,1
167,2,C,2,standard,no,yes,1,85,0
167,3,A,2,premium,no,yes,2,85,0
167,3,B,4,premium,yes,no,1,110,0
167,3,C,4,premium,yes,no,1,30,1
167,4,A,2,premium,yes,no,2,65,0
167,4,B,2,premium,no,no,1,110,0
167,4,C,4,standard,yes,yes,2,30,1
167,5,A,6,standard,yes,no,4,85,0
167,5,B,2,premium,yes,no,4,65,0
167,5,C,6,standard,yes,yes,2,30,1
167,6,A,4,premium,yes,no,1,85,0
167,6,B,4,standard,yes,yes,4,45,0
167,6,C,6,standard,yes,no,4,30,1
167,7,A,6,premium,yes,yes,4,45,1
167,7,B,4,standard,yes,yes,1,45,0
167,7,C,2,premium,yes,no,4,30,0
167,8,A,6,standard,yes,yes,1,110,1
167,8,B,2,premium,yes,yes,2,110,0
167,8,C,2,premium,no,yes,4,85,0
168,1,A,6,standard,yes,no,1,45,0
168,1,B,4,premium,yes,no,1,45,1
168,1,C,6,premium,no,no,1,110,0
168,2,A,2,premium,yes,yes,4,65,1
168,2,B,2,standard,no,yes,2,85,0
168,2,C,2,premium,no,no,2,110,0
168,3,A,2,premium,no,yes,2,85,0
168,3,B,6,standard,yes,yes,4,30,1
168,3,C,6,premium,no,no,4,45,0
168,4,A,2,standard,no,no,2,30,0
168,4,B,6,standard,no,no,1,45,0
168,4,C,2,premium,yes,no,1,30,1
168,5,A,6,standard,no,yes,2,85,0
168,5,B,2,premium,no,yes,4,65,1
168,5,C,4,standard,yes,no,1,85,0
168,6,A,2,standard,yes,no,2,110,0
168,6,B,4,standard,no,no,2,30,1
168,6,C,4,standard,no,yes,4,85,0
168,7,A,4,premium,no,no,4,30,0
168,7,B,2,premium,yes,yes,4,110,1
168,7,C,4,premium,no,yes,4,85,0
168,8,A,2,standard,no,yes,4,110,0
168,8,B,2,premium,yes,no,4,110,0
168,8,C,4,standard,yes,no,1,85,1
169,1,A,6,standard,yes,no,2,30,0
169,1,B,4,premium,yes,no,4,30,1
169,1,C,4,standard,yes,yes,1,110,0
169,2,A,6,premium,no,no,4,30,1
169,2,B,6,premium,yes,yes,4,45,0
169,2,C,6,standard,no,no,2,45,0
169,3,A,6,standard,yes,no,2,65,0
169,3,B,2,premium,yes,no,1,110,0
169,3,C,2,premium,yes,yes,2,30,1
169,4,A,4,standard,no,no,2,85,1
169,4,B,6,premium,yes,no,4,110,0
169,4,C,6,premium,yes,no,2,65,0
169,5,A,2,premium,no,yes,1,45,1
169,5,B,2,premium,yes,yes,1,85,0
169,5,C,4,standard,yes,no,4,30,0
169,6,A,6,premium,no,no,1,45,1
169,6,B,4,standard,yes,yes,1,85,0
169,6,C,4,standard,yes,yes,1,65,0
169,7,A,4,standard,yes,yes,2,45,1
169,7,B,4,premium,yes,yes,1,65,0
169,7,C,4,premium,no,no,4,85,0
169,8,A,4,standard,no,no,2,85,0
169,8,B,6,premium,yes,yes,4,65,1
169,8,C,4,premium,yes,yes,4,45,0
170,1,A,4,standard,yes,no,1,110,0
170,1,B,4,premium,yes,no,2,110,0
170,1,C,6,standard,yes,yes,2,30,1
170,2,A,4,premium,no,no,1,30,0
170,2,B,6,premium,no,yes,4,110,0
170,2,C,4,premium,no,no,2,45,1
170,3,A,4,standard,no,yes,4,30,1
170,3,B,6,premium,yes,no,1,30,0
170,3,C,2,standard,yes,no,4,85,0
170,4,A,2,standard,yes,yes,4,110,0
170,4,B,2,standard,yes,yes,4,45,1
170,4,C,4,premium,yes,no,4,110,0
170,5,A,2,standard,no,yes,1,45,1
170,5,B,4,standard,no,no,4,110,0
170,5,C,4,premium,no,no,2,110,0
170,6,A,6,premium,yes,yes,4,65,0
170,6,B,2,premium,no,no,2,65,0
170,6,C,4,standard,yes,no,2,45,1
170,7,A,6,standard,yes,yes,1,45,1
170,7,B,6,standard,yes,no,2,85,0
170,7,C,6,standard,no,no,2,110,0
170,8,A,6,premium,no,yes,4,85,0
170,8,B,4,premium,yes,yes,4,110,1
170,8,C,4,standard,no,yes,2,85,0
171,1,A,6,premium,no,yes,1,45,1
171,1,B,6,premium,no,no,1,65,0
171,1,C,2,premium,no,yes,1,30,0
171,2,A,2,premium,yes,yes,4,85,0
171,2,B,6,standard,yes,no,1,110,0
171,2,C,2,premium,no,no,1,65,1
171,3,A,4,premium,no,no,1,65,0
171,3,B,4,premium,yes,yes,1,45,1
171,3,C,2,standard,yes,no,2,45,0
171,4,A,4,premium,no,no,1,65,1
171,4,B,6,premium,yes,no,4,45,0
171,4,C,4,premium,no,no,4,45,0
171,5,A,4,standard,no,no,2,45,0
171,5,B,2,premium,yes,yes,4,85,1
171,5,C,4,premium,no,yes,2,30,0
171,6,A,2,premium,no,no,4,110,0
171,6,B,2,standard,no,no,2,45,1
171,6,C,2,standard,yes,no,1,85,0
171,7,A,2,standard,yes,yes,1,30,1
171,7,B,2,standard,no,no,1,65,0
171,7,C,6,premium,no,yes,2,110,0
171,8,A,2,standard,no,no,2,45,0
171,8,B,2,standard,yes,yes,1,65,1
171,8,C,2,standard,no,yes,4,85,0
172,1,A,4,standard,no,yes,4,65,0
172,1,B,6,standard,no,yes,4,85,0
172,1,C,6,premium,yes,no,4,85,1
172,2,A,2,standard,no,no,1,85,0
172,2,B,6,standard,no,yes,4,110,0
172,2,C,4,standard,no,yes,1,65,1
172,3,A,6,standard,yes,yes,1,45,1
172,3,B,4,premium,yes,no,2,85,0
172,3,C,6,standard,no,no,1,30,0
172,4,A,4,standard,yes,no,4,30,0
172,4,B,6,premium,no,yes,4,110,0
172,4,C,2,premium,yes,no,2,45,1
172,5,A,4,standard,yes,yes,1,85,0
172,5,B,6,premium,yes,no,4,45,1
172,5,C,6,standard,yes,yes,2,45,0
172,6,A,4,premium,yes,no,1,85,0
172,6,B,4,standard,yes,yes,1,110,1
172,6,C,2,premium,yes,no,1,110,0
172,7,A,4,premium,no,no,2,65,0
172,7,B,6,standard,yes,yes,4,85,0
172,7,C,4,standard,no,no,1,85,1
172,8,A,4,premium,yes,no,4,30,1
172,8,B,2,premium,yes,no,4,85,0
172,8,C,6,standard,yes,no,4,65,0
173,1,A,6,standard,yes,yes,2,30,1
173,1,B,2,premium,yes,yes,1,65,0
173,1,C,2,standard,no,yes,2,110,0
173,2,A,6,standard,no,yes,4,30,0
173,2,B,6,standard,yes,no,1,30,1
173,2,C,6,premium,yes,no,4,110,0
173,3,A,6,standard,yes,yes,4,45,1
173,3,B,4,standard,yes,yes,2,65,0
173,3,C,6,standard,no,yes,2,110,0
173,4,A,6,standard,no,no,2,45,0
173,4,B,2,premium,no,yes,2,110,0
173,4,C,2,premium,no,no,4,45,1
173,5,A,2,premium,no,no,2,30,1
173,5,B,6,premium,no,yes,2,85,0
173,5,C,2,standard,no,yes,4,110,0
173,6,A,4,premium,no,no,1,110,0
173,6,B,4,standard,no,no,4,30,1
173,6,C,2,standard,no,no,1,85,0
173,7,A,4,premium,yes,no,1,85,0
173,7,B,2,premium,no,yes,4,65,0
173,7,C,6,premium,yes,yes,2,45,1
173,8,A,4,standard,yes,no,2,110,0
173,8,B,4,premium,yes,no,4,45,0
173,8,C,6,standard,yes,no,4,85,1
174,1,A,2,standard,no,yes,2,45,1
174,1,B,2,standard,no,no,2,85,0
174,1,C,6,standard,no,yes,2,85,0
174,2,A,2,premium,no,no,1,85,0
174,2,B,4,premium,no,no,2,85,0
174,2,C,4,standard,yes,yes,1,30,1
174,3,A,2,standard,yes,no,4,65,1
174,3,B,2,standard,no,yes,2,110,0
174,3,C,4,standard,no,no,4,65,0
174,4,A,2,premium,no,no,2,85,0
174,4,B,6,standard,yes,yes,4,110,1
174,4,C,6,standard,yes,yes,1,110,0
174,5,A,2,standard,yes,no,4,85,1
174,5,B,2,standard,no,no,4,110,0
174,5,C,2,standard,yes,yes,1,85,0
174,6,A,2,standard,yes,yes,1,110,0
174,6,B,2,premium,yes,no,1,45,1
174,6,C,6,premium,no,yes,1,110,0
174,7,A,2,standard,no,yes,2,45,0
174,7,B,4,premium,no,no,4,85,1
174,7,C,6,premium,no,no,2,65,0
174,8,A,6,premium,no,no,4,110,0
174,8,B,6,standard,yes,no,2,30,1
174,8,C,6,premium,no,yes,4,45,0
175,1,A,6,standard,yes,no,2,45,0
175,1,B,6,standard,no,yes,2,65,1
175,1,C,4,standard,yes,no,4,65,0
175,2,A,6,premium,yes,no,1,85,1
175,2,B,2,standard,no,no,1,85,0
175,2,C,6,standard,no,no,4,110,0
175,3,A,4,premium,yes,yes,4,30,1
175,3,B,4,premium,no,yes,1,65,0
175,3,C,4,standard,yes,yes,4,85,0
175,4,A,6,premium,yes,yes,2,110,0
175,4,B,4,premium,yes,no,4,65,1
175,4,C,6,standard,no,yes,4,85,0
175,5,A,2,standard,yes,yes,2,85,0
175,5,B,2,standard,yes,no,1,65,0
175,5,C,6,standard,yes,yes,4,110,1
175,6,A,6,premium,no,yes,1,30,1
175,6,B,6,premium,yes,no,2,30,0
175,6,C,6,premium,yes,yes,2,110,0
175,7,A,2,premium,yes,no,2,65,0
175,7,B,6,standard,no,yes,1,110,0
175,7,C,4,standard,no,no,2,65,1
175,8,A,6,premium,no,no,2,85,0
175,8,B,4,premium,no,no,4,65,0
175,8,C,6,premium,yes,yes,2,65,1
176,1,A,6,standard,yes,no,4,45,1
176,1,B,6,premium,yes,no,4,110,0
176,1,C,2,premium,yes,no,2,85,0
176,2,A,6,premium,no,yes,2,110,0
176,2,B,6,premium,no,yes,2,30,1
176,2,C,6,premium,no,yes,2,45,0
176,3,A,6,standard,no,yes,2,85,0
176,3,B,4,standard,no,yes,4,85,0
176,3,C,4,standard,no,yes,2,30,1
176,4,A,6,premium,no,no,2,45,1
176,4,B,4,premium,no,no,1,65,0
176,4,C,6,standard,no,yes,4,110,0
176,5,A,6,standard,no,no,1,85,0
176,5,B,4,premium,no,no,1,85,1
176,5,C,6,premium,yes,no,1,45,0
176,6,A,2,premium,yes,yes,2,30,1
176,6,B,4,standard,no,yes,4,65,0
176,6,C,2,standard,no,yes,2,30,0
176,7,A,2,standard,no,yes,2,85,0
176,7,B,4,standard,yes,yes,1,30,1
176,7,C,6,standard,no,yes,1,45,0
176,8,A,4,premium,yes,no,2,85,0
176,8,B,2,premium,yes,no,1,85,1
176,8,C,6,standard,yes,no,1,45,0
177,1,A,4,premium,yes,yes,1,110,0
177,1,B,6,standard,no,no,2,30,1
177,1,C,2,premium,yes,yes,4,45,0
177,2,A,6,standard,yes,yes,1,65,0
177,2,B,4,standard,no,no,1,85,1
177,2,C,6,premium,yes,no,1,45,0
177,3,A,2,standard,yes,yes,1,110,0
177,3,B,4,premium,yes,yes,4,110,0
177,3,C,4,premium,yes,no,4,30,1
177,4,A,2,standard,no,yes,1,85,0
177,4,B,4,premium,yes,yes,1,65,1
177,4,C,6,premium,yes,no,2,110,0
177,5,A,4,premium,no,yes,2,110,0
177,5,B,2,standard,no,no,1,30,1
177,5,C,2,premium,no,yes,4,110,0
177,6,A,2,standard,yes,no,1,85,0
177,6,B,2,standard,no,yes,4,85,0
177,6,C,6,standard,no,yes,4,65,1
177,7,A,4,standard,no,yes,4,85,0
177,7,B,4,premium,no,yes,2,30,0
177,7,C,2,premium,yes,no,4,30,1
177,8,A,6,premium,no,no,1,30,1
177,8,B,4,standard,no,yes,2,65,0
177,8,C,2,standard,yes,no,2,65,0
178,1,A,6,premium,no,yes,4,45,1
178,1,B,6,standard,no,yes,4,85,0
178,1,C,4,standard,no,yes,1,65,0
178,2,A,6,premium,no,no,4,85,0
178,2,B,6,standard,no,yes,2,45,0
178,2,C,2,standard,yes,no,4,110,1
178,3,A,6,premium,yes,no,4,85,1
178,3,B,4,standard,no,yes,4,30,0
178,3,C,4,standard,no,yes,4,30,0
178,4,A,2,premium,yes,yes,4,85,0
178,4,B,4,standard,yes,yes,1,65,1
178,4,C,4,standard,no,yes,1,110,0
178,5,A,4,standard,yes,yes,2,30,1
178,5,B,4,standard,no,yes,2,110,0
178,5,C,6,standard,yes,yes,1,45,0
178,6,A,6,premium,no,no,2,65,1
178,6,B,2,standard,yes,yes,2,110,0
178,6,C,6,standard,yes,no,4,110,0
178,7,A,2,premium,no,no,2,45,0
178,7,B,2,standard,yes,no,2,30,0
178,7,C,4,premium,yes,no,2,30,1
178,8,A,6,standard,yes,yes,4,110,0
178,8,B,2,standard,no,yes,2,45,1
178,8,C,4,standard,yes,yes,1,110,0
179,1,A,6,premium,yes,yes,1,30,1
179,1,B,4,premium,no,yes,4,30,0
179,1,C,2,premium,no,yes,4,45,0
179,2,A,2,standard,no,yes,1,110,0
179,2,B,6,premium,yes,no,4,65,1
179,2,C,6,premium,yes,no,4,65,0
179,3,A,4,standard,yes,yes,4,45,1
179,3,B,4,premium,yes,no,1,30,0
179,3,C,6,premium,yes,yes,4,45,0
179,4,A,2,standard,no,yes,4,45,1
179,4,B,6,premium,no,no,2,30,0
179,4,C,2,premium,no,no,4,110,0
179,5,A,2,premium,no,no,4,65,0
179,5,B,6,standard,yes,yes,4,30,1
179,5,C,2,premium,no,no,4,85,0
179,6,A,2,standard,yes,no,4,110,0
179,6,B,4,standard,yes,yes,2,45,0
179,6,C,4,premium,no,yes,1,65,1
179,7,A,6,premium,no,yes,1,65,1
179,7,B,2,standard,yes,yes,4,85,0
179,7,C,4,standard,yes,no,1,85,0
179,8,A,4,standard,no,no,4,45,0
179,8,B,6,standard,yes,yes,2,85,0
179,8,C,6,premium,yes,no,4,85,1
180,1,A,4,premium,no,yes,4,45,0
180,1,B,6,premium,no,no,1,30,1
180,1,C,4,premium,no,yes,4,45,0
180,2,A,4,premium,yes,no,4,45,0
180,2,B,2,premium,no,yes,1,30,0
180,2,C,2,premium,yes,no,1,45,1
180,3,A,2,premium,yes,yes,2,85,0
180,3,B,6,premium,yes,yes,4,110,1
180,3,C,4,standard,no,yes,4,45,0
180,4,A,6,premium,no,no,2,45,0
180,4,B,4,standard,no,yes,4,45,1
180,4,C,4,standard,no,yes,2,110,0
180,5,A,2,premium,yes,yes,4,65,0
180,5,B,4,standard,yes,yes,1,65,1
180,5,C,4,standard,no,no,1,45,0
180,6,A,6,premium,yes,no,4,30,1
180,6,B,2,standard,no,no,1,110,0
180,6,C,6,premium,no,yes,1,110,0
180,7,A,2,standard,no,no,4,45,0
180,7,B,2,premium,yes,yes,2,45,1
180,7,C,2,standard,no,yes,2,85,0
180,8,A,2,premium,no,yes,1,30,1
180,8,B,2,standard,no,no,4,85,0
180,8,C,6,standard,no,yes,2,110,0
181,1,A,2,standard,no,yes,1,110,0
181,1,B,6,standard,no,yes,2,30,0
181,1,C,6,premium,yes,yes,1,45,1
181,2,A,4,premium,no,no,4,30,1
181,2,B,2,premium,no,no,1,45,0
181,2,C,2,standard,yes,no,1,45,0
181,3,A,2,premium,yes,yes,4,45,0
181,3,B,4,premium,no,yes,2,110,0
181,3,C,2,premium,yes,no,4,30,1
181,4,A,2,premium,no,no,4,45,0
181,4,B,6,premium,yes,no,1,85,0
181,4,C,6,premium,yes,no,4,45,1
181,5,A,6,standard,no,no,1,45,1
181,5,B,4,standard,yes,no,2,110,0
181,5,C,4,standard,no,yes,1,110,0
181,6,A,4,premium,no,no,4,45,1
181,6,B,2,premium,no,no,4,45,0
181,6,C,2,premium,no,no,2,30,0
181,7,A,4,premium,no,no,4,85,0
181,7,B,4,premium,yes,yes,4,65,1
181,7,C,2,premium,yes,yes,2,110,0
181,8,A,4,premium,no,no,2,110,0
181,8,B,2,standard,yes,yes,4,45,1
181,8,C,2,standard,no,no,4,85,0
182,1,A,6,premium,no,yes,4,85,1
182,1,B,2,standard,yes,yes,1,65,0
182,1,C,6,premium,no,yes,4,30,0
182,2,A,2,premium,yes,yes,1,65,0
182,2,B,4,standard,yes,yes,4,30,0
182,2,C,2,premium,yes,yes,4,30,1
182,3,A,2,premium,no,yes,1,65,1
182,3,B,6,standard,no,no,1,85,0
182,3,C,2,standard,yes,no,2,110,0
182,4,A,4,standard,yes,no,2,85,0
182,4,B,2,standard,no,no,1,85,0
182,4,C,4,standard,yes,yes,1,65,1
182,5,A,4,premium,no,yes,1,65,0
182,5,B,2,standard,no,yes,4,45,1
182,5,C,4,standard,yes,no,4,30,0
182,6,A,4,standard,no,no,2,30,0
182,6,B,2,premium,yes,no,4,45,1
182,6,C,4,premium,yes,yes,4,110,0
182,7,A,2,premium,no,no,4,45,0
182,7,B,2,standard,yes,yes,4,30,1
182,7,C,4,standard,no,yes,4,85,0
182,8,A,6,premium,no,no,4,110,0
182,8,B,4,standard,yes,yes,4,65,0
182,8,C,4,standard,yes,no,1,85,1
183,1,A,2,premium,yes,yes,4,65,1
183,1,B,6,premium,yes,yes,1,85,0
183,1,C,6,premium,yes,yes,2,65,0
183,2,A,4,premium,no,no,1,65,1
183,2,B,4,standard,yes,yes,4,85,0
183,2,C,4,premium,yes,yes,1,85,0
183,3,A,2,premium,no,yes,1,30,0
183,3,B,2,standard,yes,no,4,110,0
183,3,C,2,standard,yes,yes,2,45,1
183,4,A,2,premium,yes,no,4,110,1
183,4,B,4,standard,no,yes,2,45,0
183,4,C,2,premium,yes,no,2,65,0
183,5,A,6,standard,no,no,4,85,0
183,5,B,4,standard,yes,yes,4,65,0
183,5,C,6,premium,yes,yes,1,65,1
183,6,A,2,standard,yes,no,4,30,1
183,6,B,2,premium,no,yes,4,30,0
183,6,C,4,premium,no,yes,4,110,0
183,7,A,2,premium,no,no,2,30,0
183,7,B,2,premium,yes,yes,1,30,1
183,7,C,4,standard,no,no,4,45,0
183,8,A,6,premium,no,yes,4,30,1
183,8,B,2,premium,yes,no,4,110,0
183,8,C,2,premium,yes,yes,1,85,0
184,1,A,6,standard,yes,yes,4,65,1
184,1,B,2,standard,yes,yes,4,85,0
184,1,C,6,premium,no,yes,4,110,0
184,2,A,2,standard,no,yes,4,65,1
184,2,B,2,standard,no,no,2,110,0
184,2,C,6,premium,yes,no,2,65,0
184,3,A,2,standard,yes,yes,4,110,0
184,3,B,2,standard,yes,no,4,110,0
184,3,C,2,standard,yes,no,4,65,1
184,4,A,6,standard,yes,yes,1,110,0
184,4,B,4,standard,no,yes,2,65,1
184,4,C,4,standard,no,yes,2,45,0
184,5,A,2,premium,yes,no,4,110,0
184,5,B,2,standard,no,no,4,30,1
184,5,C,4,premium,yes,yes,1,110,0
184,6,A,2,premium,no,yes,4,65,1
184,6,B,6,premium,yes,no,2,110,0
184,6,C,2,premium,no,yes,2,30,0
184,7,A,6,premium,no,yes,1,65,0
184,7,B,2,premium,yes,no,2,30,1
184,7,C,4,premium,yes,no,1,65,0
184,8,A,4,standard,no,yes,1,45,0
184,8,B,4,premium,yes,yes,2,45,1
184,8,C,2,standard,no,no,4,45,0
185,1,A,2,standard,yes,no,1,45,1
185,1,B,6,standard,no,yes,2,85,0
185,1,C,4,premium,no,no,2,45,0
185,2,A,4,premium,no,yes,4,85,0
185,2,B,2,premium,no,yes,2,65,1
185,2,C,6,standard,no,yes,2,85,0
185,3,A,4,premium,yes,no,1,30,0
185,3,B,4,standard,no,yes,4,65,0
185,3,C,6,standard,yes,yes,1,45,1
185,4,A,2,premium,yes,yes,2,45,1
185,4,B,4,standard,no,yes,4,65,0
185,4,C,4,premium,no,no,1,110,0
185,5,A,2,premium,yes,yes,1,85,1
185,5,B,4,premium,yes,no,1,65,0
185,5,C,6,standard,yes,no,4,85,0
185,6,A,2,standard,yes,yes,1,45,1
185,6,B,2,premium,yes,yes,1,65,0
185,6,C,4,standard,no,no,1,85,0
185,7,A,2,standard,yes,yes,4,65,1
185,7,B,2,premium,no,no,1,85,0
185,7,C,4,standard,yes,yes,4,65,0
185,8,A,4,premium,no,no,1,65,0
185,8,B,6,standard,no,yes,1,45,0
185,8,C,4,standard,no,yes,2,45,1
186,1,A,4,premium,no,yes,2,110,0
186,1,B,4,standard,yes,no,2,45,0
186,1,C,2,standard,yes,yes,4,45,1
186,2,A,4,premium,yes,no,4,110,0
186,2,B,2,standard,no,yes,1,45,1
186,2,C,2,standard,no,no,2,45,0
186,3,A,6,standard,yes,no,2,45,1
186,3,B,6,standard,no,yes,1,30,0
186,3,C,6,premium,no,no,2,45,0
186,4,A,2,premium,no,no,4,30,0
186,4,B,2,premium,no,yes,2,110,0
186,4,C,4,standard,yes,yes,2,30,1
186,5,A,2,standard,yes,yes,4,110,0
186,5,B,4,premium,yes,no,2,65,1
186,5,C,4,premium,yes,yes,1,85,0
186,6,A,4,premium,yes,no,2,65,1
186,6,B,4,premium,no,yes,2,110,0
186,6,C,2,standard,no,no,1,65,0
186,7,A,2,premium,yes,no,1,85,0
186,7,B,6,premium,yes,no,2,65,0
186,7,C,4,standard,yes,yes,1,30,1
186,8,A,6,premium,yes,no,1,110,0
186,8,B,4,standard,no,no,4,65,0
186,8,C,6,standard,no,yes,2,45,1
187,1,A,2,premium,no,yes,2,30,1
187,1,B,6,premium,no,yes,4,110,0
187,1,C,2,standard,no,yes,4,110,0
187,2,A,2,premium,yes,yes,1,110,0
187,2,B,6,premium,yes,no,2,85,0
187,2,C,2,standard,yes,no,1,30,1
187,3,A,4,standard,yes,no,4,65,0
187,3,B,2,standard,yes,no,1,65,1
187,3,C,4,premium,yes,yes,2,110,0
187,4,A,6,premium,no,no,4,30,1
187,4,B,4,premium,yes,yes,1,30,0
187,4,C,2,premium,no,no,4,65,0
187,5,A,4,premium,yes,no,1,85,0
187,5,B,6,premium,no,yes,2,110,0
187,5,C,4,premium,no,yes,4,45,1
187,6,A,6,premium,no,no,1,65,1
187,6,B,2,standard,no,no,1,110,0
187,6,C,6,premium,yes,no,1,110,0
187,7,A,2,premium,yes,yes,1,65,0
187,7,B,4,standard,no,no,1,110,0
187,7,C,4,standard,yes,no,2,30,1
187,8,A,6,premium,no,no,1,30,1
187,8,B,4,standard,no,yes,1,110,0
187,8,C,2,standard,no,yes,1,45,0
188,1,A,6,standard,no,no,2,110,0
188,1,B,2,standard,no,yes,4,110,0
188,1,C,6,premium,no,yes,1,65,1
188,2,A,6,standard,yes,yes,4,110,0
188,2,B,2,premium,no,no,2,30,0
188,2,C,2,premium,no,yes,4,45,1
188,3,A,4,premium,yes,yes,2,110,0
188,3,B,4,standard,yes,yes,2,65,1
188,3,C,6,premium,no,yes,2,85,0
188,4,A,6,premium,yes,yes,4,30,1
188,4,B,6,standard,yes,yes,1,45,0
188,4,C,6,standard,no,no,1,85,0
188,5,A,4,standard,no,yes,2,110,0
188,5,B,6,standard,yes,yes,2,85,0
188,5,C,4,premium,no,no,1,30,1
188,6,A,2,standard,no,no,4,30,0
188,6,B,6,premium,no,yes,2,45,1
188,6,C,4,premium,yes,yes,1,110,0
188,7,A,2,premium,no,yes,2,65,0
188,7,B,2,standard,yes,yes,1,85,0
188,7,C,6,standard,yes,yes,2,45,1
188,8,A,2,premium,yes,yes,2,110,0
188,8,B,4,premium,yes,no,4,110,1
188,8,C,4,premium,no,no,2,110,0
189,1,A,2,premium,yes,yes,2,110,0
189,1,B,6,standard,no,yes,2,30,1
189,1,C,4,standard,no,no,1,30,0
189,2,A,2,premium,yes,no,4,110,1
189,2,B,6,standard,no,yes,2,85,0
189,2,C,2,standard,yes,yes,4,110,0
189,3,A,2,standard,no,no,2,65,1
189,3,B,2,premium,no,no,4,65,0
189,3,C,6,standard,yes,yes,4,110,0
189,4,A,2,premium,yes,no,1,45,0
189,4,B,2,premium,no,no,4,45,0
189,4,C,6,premium,no,yes,2,45,1
189,5,A,6,standard,no,yes,1,85,0
189,5,B,2,standard,no,no,4,85,0
189,5,C,4,standard,no,no,2,45,1
189,6,A,6,premium,yes,yes,2,85,1
189,6,B,4,premium,no,yes,4,45,0
189,6,C,2,standard,no,no,2,45,0
189,7,A,6,premium,yes,no,1,65,0
189,7,B,2,standard,yes,yes,4,65,0
189,7,C,4,standard,no,no,4,110,1
189,8,A,2,standard,no,no,4,110,0
189,8,B,4,standard,no,no,1,110,0
189,8,C,4,standard,no,no,2,85,1
190,1,A,4,premium,no,no,1,110,0
190,1,B,6,premium,no,yes,1,110,0
190,1,C,6,premium,yes,no,2,30,1
190,2,A,2,premium,no,yes,2,110,1
190,2,B,4,standard,yes,yes,1,85,0
190,2,C,4,premium,yes,yes,2,45,0
190,3,A,4,premium,no,yes,1,85,0
190,3,B,4,premium,yes,yes,4,110,0
190,3,C,2,standard,no,no,1,30,1
190,4,A,2,standard,yes,no,4,65,0
190,4,B,2,premium,no,yes,2,30,0
190,4,C,4,standard,no,yes,1,65,1
190,5,A,4,standard,no,no,2,45,0
190,5,B,2,standard,no,no,2,30,1
190,5,C,6,premium,yes,no,2,110,0
190,6,A,6,standard,yes,no,1,110,0
190,6,B,6,premium,no,no,1,30,0
190,6,C,2,standard,yes,yes,2,45,1
190,7,A,2,premium,no,no,2,45,0
190,7,B,4,standard,yes,yes,4,85,1
190,7,C,6,standard,yes,yes,1,65,0
190,8,A,6,standard,no,yes,4,30,0
190,8,B,2,standard,no,yes,4,85,0
190,8,C,4,premium,yes,yes,2,85,1
191,1,A,4,standard,yes,no,1,65,1
191,1,B,6,standard,yes,no,4,85,0
191,1,C,2,premium,no,yes,4,110,0
191,2,A,2,premium,yes,no,4,110,0
191,2,B,2,standard,yes,no,1,65,1
191,2,C,6,standard,no,yes,2,85,0
191,3,A,2,standard,yes,yes,4,45,1
191,3,B,6,standard,no,no,1,85,0
191,3,C,2,standard,no,yes,1,30,0
191,4,A,2,standard,no,yes,4,30,1
191,4,B,4,standard,yes,no,2,45,0
191,4,C,4,premium,yes,no,4,85,0
191,5,A,6,standard,yes,yes,2,65,0
191,5,B,2,standard,no,yes,1,45,0
191,5,C,4,premium,yes,yes,1,45,1
191,6,A,6,premium,yes,no,1,45,1
191,6,B,4,premium,no,yes,4,85,0
191,6,C,2,premium,no,no,4,65,0
191,7,A,2,premium,no,no,4,30,1
191,7,B,4,premium,no,no,1,110,0
191,7,C,6,standard,yes,no,1,110,0
191,8,A,4,standard,yes,yes,4,65,0
191,8,B,2,premium,yes,no,1,45,1
191,8,C,2,standard,yes,yes,1,45,0
192,1,A,2,standard,no,yes,4,110,0
192,1,B,4,standard,no,no,1,85,0
192,1,C,6,standard,yes,yes,2,85,1
192,2,A,4,standard,no,no,1,65,0
192,2,B,4,premium,no,yes,2,65,0
192,2,C,6,standard,no,no,2,30,1
192,3,A,4,premium,no,yes,4,30,0
192,3,B,4,premium,yes,no,1,45,0
192,3,C,4,premium,no,yes,1,30,1
192,4,A,4,premium,yes,no,4,30,1
192,4,B,4,premium,no,yes,4,65,0
192,4,C,6,premium,no,yes,2,30,0
192,5,A,4,premium,yes,no,2,110,0
192,5,B,2,standard,yes,yes,2,110,1
192,5,C,2,standard,no,no,1,45,0
192,6,A,2,standard,yes,no,2,110,0
192,6,B,4,standard,yes,yes,2,65,0
192,6,C,2,standard,yes,no,4,45,1
192,7,A,6,standard,no,yes,4,110,0
192,7,B,4,premium,yes,yes,1,30,0
192,7,C,4,standard,no,yes,1,45,1
192,8,A,2,premium,no,no,1,85,0
192,8,B,4,standard,no,yes,1,30,0
192,8,C,6,premium,yes,yes,2,65,1
193,1,A,4,premium,yes,yes,4,110,1
193,1,B,6,premium,no,no,4,110,0
193,1,C,2,standard,yes,no,1,110,0
193,2,A,4,premium,no,no,1,65,0
193,2,B,6,standard,no,no,1,45,1
193,2,C,2,standard,yes,yes,2,85,0
193,3,A,6,premium,no,no,2,110,0
193,3,B,6,premium,no,no,2,45,1
193,3,C,4,standard,no,no,2,85,0
193,4,A,4,premium,no,no,4,65,1
193,4,B,4,premium,no,yes,1,65,0
193,4,C,2,premium,no,no,4,110,0
193,5,A,4,premium,no,no,2,65,0
193,5,B,4,premium,yes,yes,1,45,1
193,5,C,2,premium,yes,no,4,65,0
193,6,A,2,standard,no,yes,2,45,0
193,6,B,2,premium,no,no,2,85,0
193,6,C,4,premium,no,yes,1,45,1
193,7,A,6,premium,no,yes,4,85,1
193,7,B,2,standard,yes,no,4,110,0
193,7,C,4,premium,no,yes,1,110,0
193,8,A,4,premium,no,yes,2,85,0
193,8,B,4,standard,yes,no,4,30,1
193,8,C,2,premium,yes,no,1,65,0
194,1,A,2,premium,no,no,1,110,0
194,1,B,2,premium,no,no,2,110,0
194,1,C,2,standard,yes,no,1,45,1
194,2,A,6,premium,no,yes,4,85,0
194,2,B,6,premium,no,yes,1,85,0
194,2,C,6,standard,yes,yes,2,45,1
194,3,A,4,standard,yes,yes,1,110,0
194,3,B,6,premium,yes,yes,2,45,0
194,3,C,2,standard,no,yes,2,65,1
194,4,A,2,premium,yes,yes,4,85,0
194,4,B,6,standard,no,yes,2,65,0
194,4,C,6,premium,no,yes,2,65,1
194,5,A,2,premium,yes,no,2,110,0
194,5,B,4,standard,no,no,2,85,0
194,5,C,2,standard,yes,yes,1,65,1
194,6,A,4,standard,no,no,2,45,0
194,6,B,2,standard,yes,no,4,45,1
194,6,C,4,standard,no,no,1,30,0
194,7,A,4,premium,no,no,1,30,0
194,7,B,6,premium,no,no,2,30,1
194,7,C,6,premium,yes,yes,1,110,0
194,8,A,4,standard,yes,yes,1,65,0
194,8,B,6,standard,no,no,1,65,1
194,8,C,6,premium,no,yes,1,30,0
195,1,A,6,standard,no,no,2,65,1
195,1,B,6,standard,no,no,2,110,0
195,1,C,6,standard,no,yes,1,85,0
195,2,A,6,premium,no,yes,1,65,0
195,2,B,6,premium,no,no,4,30,1
195,2,C,6,premium,yes,no,1,85,0
195,3,A,4,standard,no,no,1,85,0
195,3,B,4,premium,no,yes,1,45,1
195,3,C,6,premium,yes,yes,4,110,0
195,4,A,2,premium,yes,no,1,65,0
195,4,B,2,premium,yes,no,1,65,0
195,4,C,6,standard,yes,yes,1,65,1
195,5,A,2,standard,yes,yes,2,110,0
195,5,B,6,standard,no,yes,4,30,1
195,5,C,4,premium,yes,yes,4,110,0
195,6,A,6,premium,yes,no,4,30,1
195,6,B,2,premium,yes,yes,1,30,0
195,6,C,6,standard,yes,no,1,85,0
195,7,A,6,standard,no,yes,2,45,0
195,7,B,6,standard,no,yes,1,85,0
195,7,C,6,premium,no,no,2,30,1
195,8,A,4,premium,yes,yes,2,65,1
195,8,B,4,standard,no,no,4,65,0
195,8,C,4,premium,no,yes,2,65,0
196,1,A,2,premium,no,yes,2,110,0
196,1,B,6,premium,no,no,1,85,0
196,1,C,4,premium,yes,no,2,65,1
196,2,A,2,premium,yes,yes,4,110,1
196,2,B,4,standard,no,no,1,85,0
196,2,C,2,standard,no,no,4,85,0
196,3,A,6,standard,no,yes,1,65,1
196,3,B,4,standard,no,no,1,45,0
196,3,C,6,standard,no,yes,2,110,0
196,4,A,2,standard,no,no,2,45,0
196,4,B,2,standard,no,yes,2,30,1
196,4,C,4,premium,no,no,4,65,0
196,5,A,6,premium,no,yes,2,65,0
196,5,B,6,standard,no,no,4,65,1
196,5,C,4,premium,no,no,4,30,0
196,6,A,4,premium,yes,yes,2,30,0
196,6,B,6,standard,yes,no,4,30,1
196,6,C,4,premium,yes,no,1,110,0
196,7,A,6,premium,no,yes,1,45,1
196,7,B,6,premium,yes,no,4,45,0
196,7,C,2,premium,yes,no,1,45,0
196,8,A,4,standard,no,yes,4,110,0
196,8,B,2,standard,yes,yes,4,65,1
196,8,C,4,premium,yes,yes,1,110,0
197,1,A,6,premium,no,no,1,85,0
197,1,B,6,premium,no,no,2,85,0
197,1,C,2,premium,no,yes,4,30,1
197,2,A,2,premium,yes,no,4,110,0
197,2,B,4,premium,yes,yes,2,65,1
197,2,C,2,standard,yes,yes,1,30,0
197,3,A,2,premium,yes,no,4,65,1
197,3,B,2,standard,no,no,2,65,0
197,3,C,4,premium,no,yes,1,110,0
197,4,A,2,premium,yes,yes,4,85,1
197,4,B,2,standard,yes,yes,4,110,0
197,4,C,6,standard,yes,yes,1,85,0
197,5,A,2,premium,no,no,1,30,0
197,5,B,4,premium,no,no,2,30,1
197,5,C,6,standard,no,no,4,85,0
197,6,A,2,standard,no,no,1,65,0
197,6,B,6,standard,no,no,1,85,0
197,6,C,2,standard,yes,yes,4,45,1
197,7,A,2,premium,no,yes,2,30,1
197,7,B,4,premium,no,yes,2,30,0
197,7,C,2,premium,no,no,1,85,0
197,8,A,4,premium,yes,no,4,45,0
197,8,B,6,premium,no,no,2,110,0
197,8,C,6,standard,yes,no,2,30,1
198,1,A,4,premium,no,yes,1,85,1
198,1,B,2,standard,no,no,4,85,0
198,1,C,6,standard,yes,no,1,110,0
198,2,A,6,standard,no,no,4,110,0
198,2,B,2,premium,no,yes,1,45,1
198,2,C,2,premium,no,yes,1,65,0
198,3,A,6,standard,no,yes,1,45,0
198,3,B,4,premium,no,no,4,30,0
198,3,C,2,standard,no,yes,1,45,1
198,4,A,2,premium,no,yes,1,110,1
198,4,B,2,standard,no,yes,4,30,0
198,4,C,6,premium,no,yes,1,65,0
198,5,A,4,standard,no,no,1,85,0
198,5,B,4,standard,yes,no,1,110,0
198,5,C,6,premium,yes,yes,4,65,1
198,6,A,4,standard,no,no,1,85,0
198,6,B,2,standard,yes,no,2,110,0
198,6,C,6,standard,no,yes,2,65,1
198,7,A,2,premium,yes,no,1,30,0
198,7,B,6,standard,yes,yes,4,30,1
198,7,C,6,premium,no,yes,1,85,0
198,8,A,2,standard,yes,no,1,85,0
198,8,B,4,premium,no,no,2,110,0
198,8,C,4,premium,yes,no,1,65,1
199,1,A,4,standard,yes,yes,4,30,1
199,1,B,2,premium,no,yes,2,85,0
199,1,C,4,standard,yes,no,2,85,0
199,2,A,2,premium,no,no,2,85,0
199,2,B,4,premium,yes,yes,2,65,0
199,2,C,6,standard,yes,no,1,30,1
199,3,A,6,premium,no,yes,1,110,0
199,3,B,6,premium,yes,no,2,30,1
199,3,C,4,premium,no,yes,4,65,0
199,4,A,4,standard,no,yes,2,65,0
199,4,B,2,standard,no,no,4,65,1
199,4,C,6,standard,yes,no,4,85,0
199,5,A,4,premium,no,no,4,45,0
199,5,B,6,standard,no,no,1,110,0
199,5,C,2,standard,yes,yes,1,45,1
199,6,A,6,premium,yes,yes,4,65,0
199,6,B,6,premium,no,yes,4,110,1
199,6,C,6,standard,no,no,2,65,0
199,7,A,6,premium,no,no,1,85,0
199,7,B,2,standard,no,yes,2,45,0
199,7,C,4,premium,no,yes,1,45,1
199,8,A,6,standard,no,yes,1,30,1
199,8,B,2,standard,yes,no,1,65,0
199,8,C,6,standard,yes,no,1,30,0
200,1,A,6,standard,yes,no,2,85,0
200,1,B,6,premium,no,yes,1,45,1
200,1,C,4,standard,no,no,1,85,0
200,2,A,4,premium,yes,no,1,85,0
200,2,B,6,standard,yes,no,2,45,1
200,2,C,2,premium,no,no,4,30,0
200,3,A,4,standard,yes,yes,4,65,0
200,3,B,4,premium,yes,yes,2,65,1
200,3,C,6,standard,yes,yes,2,110,0
200,4,A,2,premium,yes,yes,1,45,1
200,4,B,2,premium,yes,yes,2,110,0
200,4,C,2,premium,yes,yes,4,45,0
200,5,A,4,standard,yes,yes,4,110,0
200,5,B,6,premium,yes,yes,2,85,0
200,5,C,6,standard,no,no,1,65,1
200,6,A,6,premium,yes,no,1,110,0
200,6,B,2,standard,no,yes,2,65,0
200,6,C,2,premium,no,yes,4,45,1
200,7,A,2,premium,yes,no,4,85,1
200,7,B,4,standard,yes,yes,4,65,0
200,7,C,2,standard,no,no,2,110,0
200,8,A,6,premium,yes,yes,1,110,0
200,8,B,6,premium,yes,no,1,110,0
200,8,C,4,premium,no,no,4,30,1
201,1,A,4,premium,no,yes,2,45,0
201,1,B,2,premium,yes,no,1,85,0
201,1,C,2,standard,no,yes,4,45,1
201,2,A,2,premium,no,no,2,65,1
201,2,B,2,premium,no,yes,4,85,0
201,2,C,6,premium,no,no,4,45,0
201,3,A,2,standard,no,yes,1,30,0
201,3,B,4,standard,yes,yes,2,30,0
201,3,C,6,premium,no,yes,4,65,1
201,4,A,4,premium,yes,no,4,65,0
201,4,B,6,premium,yes,yes,2,110,1
201,4,C,2,premium,yes,yes,1,65,0
201,5,A,6,premium,no,no,2,65,0
201,5,B,2,standard,no,yes,2,45,0
201,5,C,4,standard,yes,no,2,45,1
201,6,A,4,premium,yes,yes,4,85,1
201,6,B,4,standard,no,no,2,110,0
201,6,C,2,premium,yes,no,1,65,0
201,7,A,2,premium,yes,no,2,30,1
201,7,B,4,standard,yes,no,2,65,0
201,7,C,2,premium,no,yes,2,65,0
201,8,A,2,standard,yes,yes,2,85,0
201,8,B,4,standard,yes,no,1,30,1
201,8,C,2,standard,yes,yes,2,65,0
202,1,A,6,standard,no,yes,1,45,1
202,1,B,2,premium,yes,yes,2,110,0
202,1,C,4,premium,yes,yes,4,110,0
202,2,A,2,premium,no,yes,4,30,1
202,2,B,4,premium,no,yes,2,85,0
202,2,C,2,standard,no,no,4,65,0
202,3,A,6,standard,yes,no,2,65,0
202,3,B,2,standard,no,yes,2,30,1
202,3,C,2,premium,no,no,1,45,0
202,4,A,2,premium,no,no,1,85,0
202,4,B,4,standard,no,yes,4,110,0
202,4,C,2,premium,yes,yes,2,85,1
202,5,A,4,premium,no,no,2,85,0
202,5,B,2,standard,yes,yes,4,110,0
202,5,C,4,standard,yes,no,4,85,1
202,6,A,4,standard,yes,no,4,85,0
202,6,B,2,premium,yes,yes,4,110,0
202,6,C,2,premium,yes,no,1,30,1
202,7,A,6,premium,yes,yes,1,85,0
202,7,B,4,premium,no,yes,1,85,0
202,7,C,4,standard,yes,no,1,45,1
202,8,A,4,standard,yes,yes,1,65,0
202,8,B,6,premium,no,no,4,110,0
202,8,C,6,premium,yes,no,4,45,1
203,1,A,4,standard,no,no,4,65,0
203,1,B,2,premium,yes,no,1,30,1
203,1,C,2,premium,no,no,4,85,0
203,2,A,2,premium,no,yes,4,110,0
203,2,B,6,standard,no,yes,2,110,0
203,2,C,4,premium,no,no,1,65,1
203,3,A,2,standard,yes,no,4,45,1
203,3,B,2,premium,no,yes,2,110,0
203,3,C,6,premium,yes,yes,1,65,0
203,4,A,4,standard,yes,yes,1,45,0
203,4,B,2,premium,yes,yes,1,30,1
203,4,C,6,premium,no,yes,2,85,0
203,5,A,6,standard,yes,no,4,45,0
203,5,B,6,premium,no,no,2,65,0
203,5,C,6,standard,no,no,1,110,1
203,6,A,4,premium,yes,no,2,65,0
203,6,B,4,premium,no,no,2,110,0
203,6,C,6,premium,no,no,1,30,1
203,7,A,4,standard,yes,yes,2,45,1
203,7,B,4,premium,no,yes,1,45,0
203,7,C,4,standard,no,yes,4,65,0
203,8,A,4,premium,no,yes,1,45,0
203,8,B,6,standard,yes,yes,4,30,1
203,8,C,4,premium,no,yes,2,45,0
204,1,A,4,standard,no,yes,4,65,0
204,1,B,2,premium,yes,no,4,45,1
204,1,C,6,premium,yes,no,1,30,0
204,2,A,4,premium,no,no,2,65,0
204,2,B,6,premium,no,yes,1,65,0
204,2,C,6,premium,no,yes,4,45,1
204,3,A,6,standard,no,yes,4,45,0
204,3,B,6,standard,yes,no,2,30,1
204,3,C,6,premium,yes,no,4,30,0
204,4,A,6,premium,no,yes,1,30,1
204,4,B,4,premium,yes,yes,1,85,0
204,4,C,4,standard,no,yes,1,65,0
204,5,A,4,premium,no,no,1,30,0
204,5,B,4,premium,yes,no,2,85,0
204,5,C,2,premium,yes,yes,1,30,1
204,6,A,6,premium,no,no,4,85,0
204,6,B,2,standard,no,yes,2,30,0
204,6,C,2,standard,no,no,2,30,1
204,7,A,2,standard,yes,yes,2,30,1
204,7,B,2,standard,no,no,1,65,0
204,7,C,2,premium,no,no,1,110,0
204,8,A,6,premium,no,yes,4,110,0
204,8,B,2,standard,no,yes,2,85,0
204,8,C,2,standard,yes,no,1,45,1
205,1,A,4,standard,no,yes,2,30,1
205,1,B,2,standard,yes,no,2,65,0
205,1,C,4,standard,no,yes,4,45,0
205,2,A,2,standard,yes,no,4,65,0
205,2,B,2,standard,yes,no,4,110,0
205,2,C,4,premium,no,yes,4,30,1
205,3,A,4,standard,yes,no,4,30,1
205,3,B,4,premium,no,no,2,45,0
205,3,C,6,standard,no,no,2,110,0
205,4,A,6,premium,yes,yes,2,110,0
205,4,B,2,standard,no,no,1,30,0
205,4,C,2,premium,yes,yes,1,45,1
205,5,A,2,standard,no,no,2,85,0
205,5,B,2,premium,yes,yes,1,110,0
205,5,C,2,standard,yes,yes,1,45,1
205,6,A,4,standard,yes,yes,1,110,0
205,6,B,4,standard,no,no,4,30,1
205,6,C,2,standard,yes,no,4,65,0
205,7,A,6,premium,yes,no,1,45,1
205,7,B,4,standard,no,no,4,110,0
205,7,C,6,standard,yes,no,2,45,0
205,8,A,6,premium,yes,no,1,30,1
205,8,B,6,standard,no,yes,4,45,0
205,8,C,6,premium,yes,no,4,85,0
206,1,A,4,standard,yes,yes,2,65,0
206,1,B,2,standard,yes,no,4,30,1
206,1,C,2,standard,yes,no,4,30,0
206,2,A,2,premium,no,yes,2,85,0
206,2,B,4,standard,no,yes,4,30,0
206,2,C,4,standard,yes,yes,4,30,1
206,3,A,6,standard,no,yes,4,85,1
206,3,B,2,premium,yes,no,2,110,0
206,3,C,2,standard,no,no,1,85,0
206,4,A,4,premium,no,yes,1,110,0
206,4,B,2,standard,yes,no,4,110,0
206,4,C,4,standard,no,no,2,45,1
206,5,A,6,standard,no,yes,2,85,0
206,5,B,2,standard,yes,no,2,110,0
206,5,C,4,premium,no,yes,4,85,1
206,6,A,6,standard,yes,yes,2,30,0
206,6,B,6,standard,yes,no,1,85,1
206,6,C,4,premium,no,no,1,45,0
206,7,A,2,standard,no,yes,4,65,0
206,7,B,2,premium,no,no,1,45,1
206,7,C,2,premium,no,yes,2,85,0
206,8,A,6,standard,no,yes,2,45,0
206,8,B,6,standard,no,yes,1,30,1
206,8,C,4,standard,no,no,2,65,0
207,1,A,6,standard,no,no,2,30,1
207,1,B,6,standard,no,yes,2,85,0
207,1,C,2,standard,yes,no,2,30,0
207,2,A,6,premium,yes,no,1,30,1
207,2,B,4,premium,no,yes,4,30,0
207,2,C,2,premium,no,no,1,85,0
207,3,A,2,premium,no,yes,1,85,0
207,3,B,6,premium,yes,no,4,85,0
207,3,C,4,standard,yes,yes,2,30,1
207,4,A,6,premium,yes,no,1,85,0
207,4,B,6,standard,yes,no,1,45,1
207,4,C,4,premium,yes,yes,1,110,0
207,5,A,6,standard,no,yes,1,110,0
207,5,B,2,standard,no,no,4,110,0
207,5,C,6,premium,no,yes,4,85,1
207,6,A,6,premium,no,no,2,65,1
207,6,B,6,standard,no,no,4,110,0
207,6,C,2,premium,no,yes,1,110,0
207,7,A,2,premium,yes,yes,2,85,1
207,7,B,2,premium,no,no,2,110,0
207,7,C,4,standard,no,no,2,85,0
207,8,A,2,standard,no,yes,2,110,0
207,8,B,4,premium,yes,yes,4,65,1
207,8,C,6,premium,no,no,1,110,0
208,1,A,2,premium,no,no,1,30,0
208,1,B,2,premium,yes,yes,1,85,1
208,1,C,2,standard,yes,yes,4,30,0
208,2,A,2,standard,yes,no,4,45,0
208,2,B,6,premium,yes,no,1,30,1
208,2,C,2,premium,yes,yes,4,110,0
208,3,A,2,premium,yes,yes,2,30,0
208,3,B,4,standard,yes,no,1,45,0
208,3,C,6,premium,no,no,4,65,1
208,4,A,6,premium,no,no,1,30,0
208,4,B,6,standard,yes,no,1,110,1
208,4,C,4,standard,no,yes,1,30,0
208,5,A,6,standard,no,yes,4,110,0
208,5,B,4,premium,no,no,1,85,0
208,5,C,4,premium,no,yes,4,85,1
208,6,A,2,standard,no,no,2,85,0
208,6,B,6,premium,no,no,2,30,1
208,6,C,2,standard,yes,no,2,110,0
208,7,A,2,standard,yes,yes,2,85,0
208,7,B,6,standard,no,no,2,110,0
208,7,C,6,premium,no,yes,1,65,1
208,8,A,4,standard,no,no,1,30,0
208,8,B,6,premium,yes,yes,1,30,0
208,8,C,2,premium,yes,yes,4,45,1
209,1,A,6,premium,yes,no,1,110,0
209,1,B,6,premium,no,yes,1,85,0
209,1,C,4,standard,yes,no,1,85,1
209,2,A,6,standard,yes,yes,4,85,0
209,2,B,4,premium,yes,yes,4,65,0
209,2,C,4,premium,yes,yes,2,65,1
209,3,A,6,premium,no,no,2,110,0
209,3,B,4,premium,no,yes,4,110,1
209,3,C,2,premium,no,no,4,85,0
209,4,A,6,premium,yes,no,2,85,0
209,4,B,2,premium,no,yes,1,30,1
209,4,C,4,standard,yes,yes,4,45,0
209,5,A,6,standard,no,no,1,85,0
209,5,B,2,premium,yes,yes,2,110,1
209,5,C,2,standard,no,no,1,110,0
209,6,A,6,premium,yes,no,4,30,1
209,6,B,6,premium,no,yes,2,45,0
209,6,C,6,premium,yes,no,1,65,0
209,7,A,2,premium,no,no,2,110,0
209,7,B,6,standard,yes,no,4,85,0
209,7,C,6,premium,yes,no,4,30,1
209,8,A,2,premium,yes,no,1,110,0
209,8,B,4,standard,yes,yes,2,110,1
209,8,C,2,premium,yes,yes,2,110,0
210,1,A,6,standard,yes,yes,2,65,0
210,1,B,4,premium,yes,no,2,30,1
210,1,C,6,standard,no,yes,4,45,0
210,2,A,2,standard,yes,yes,2,30,1
210,2,B,6,standard,no,yes,4,85,0
210,2,C,2,premium,no,no,1,110,0
210,3,A,4,standard,yes,no,1,85,0
210,3,B,4,premium,no,no,1,30,1
210,3,C,2,standard,no,no,1,110,0
210,4,A,2,standard,yes,yes,1,45,1
210,4,B,6,premium,no,yes,1,65,0
210,4,C,6,standard,yes,yes,2,85,0
210,5,A,4,standard,yes,no,1,85,1
210,5,B,2,standard,no,no,2,30,0
210,5,C,6,standard,no,no,4,110,0
210,6,A,6,premium,yes,yes,1,45,1
210,6,B,2,premium,no,no,2,30,0
210,6,C,4,standard,yes,yes,2,110,0
210,7,A,2,standard,yes,no,4,65,0
210,7,B,6,standard,yes,no,2,30,0
210,7,C,6,premium,no,yes,4,30,1
210,8,A,4,standard,yes,yes,1,65,0
210,8,B,2,standard,no,yes,4,110,0
210,8,C,6,premium,no,yes,4,30,1
211,1,A,4,standard,no,no,1,65,1
211,1,B,2,premium,no,yes,2,85,0
211,1,C,4,standard,no,no,2,65,0
211,2,A,2,premium,no,no,4,65,0
211,2,B,6,premium,yes,yes,4,110,0
211,2,C,2,standard,no,yes,2,30,1
211,3,A,2,standard,no,yes,4,30,1
211,3,B,6,standard,yes,yes,1,65,0
211,3,C,2,standard,yes,yes,4,85,0
211,4,A,4,standard,no,no,2,65,0
211,4,B,6,premium,no,no,1,30,1
211,4,C,2,premium,no,yes,2,85,0
211,5,A,4,standard,yes,yes,4,110,1
211,5,B,4,premium,yes,no,4,110,0
211,5,C,2,premium,no,no,4,110,0
211,6,A,4,standard,yes,yes,4,45,1
211,6,B,2,premium,yes,yes,4,110,0
211,6,C,4,premium,no,yes,1,45,0
211,7,A,6,premium,no,yes,1,45,1
211,7,B,6,premium,yes,no,2,110,0
211,7,C,4,premium,no,yes,4,110,0
211,8,A,2,premium,yes,no,1,45,0
211,8,B,2,premium,yes,no,2,65,1
211,8,C,6,standard,yes,yes,1,45,0
212,1,A,4,premium,no,no,2,30,0
212,1,B,4,premium,no,yes,1,30,1
212,1,C,2,standard,no,yes,4,85,0
212,2,A,2,standard,yes,no,2,85,0
212,2,B,4,premium,no,no,1,45,1
212,2,C,2,premium,no,no,1,45,0
212,3,A,2,standard,no,yes,4,85,0
212,3,B,6,standard,no,yes,4,45,0
212,3,C,6,premium,yes,yes,4,85,1
212,4,A,4,standard,no,no,4,30,1
212,4,B,2,standard,yes,no,4,110,0
212,4,C,4,premium,no,no,2,110,0
212,5,A,4,premium,yes,yes,1,45,1
212,5,B,6,standard,yes,yes,2,45,0
212,5,C,6,standard,yes,no,2,65,0
212,6,A,6,premium,yes,yes,1,65,1
212,6,B,2,standard,yes,no,2,110,0
212,6,C,4,premium,yes,no,4,110,0
212,7,A,4,premium,no,yes,4,30,1
212,7,B,4,standard,yes,no,1,45,0
212,7,C,4,standard,no,yes,4,65,0
212,8,A,4,standard,yes,yes,4,110,0
212,8,B,6,standard,no,yes,2,110,0
212,8,C,6,premium,no,yes,1,45,1
213,1,A,2,standard,yes,no,1,30,0
213,1,B,6,standard,yes,no,2,110,0
213,1,C,2,standard,yes,yes,4,30,1
213,2,A,4,standard,yes,yes,1,30,1
213,2,B,2,standard,no,yes,1,65,0
213,2,C,6,premium,no,no,1,45,0
213,3,A,4,premium,no,yes,1,65,0
213,3,B,6,standard,yes,yes,2,85,0
213,3,C,6,standard,no,yes,2,65,1
213,4,A,6,standard,no,yes,2,65,0
213,4,B,2,premium,no,no,2,85,0
213,4,C,2,premium,yes,yes,4,30,1
213,5,A,4,standard,no,yes,2,30,0
213,5,B,2,standard,yes,no,1,110,1
213,5,C,6,premium,no,yes,4,85,0
213,6,A,4,standard,no,yes,2,45,1
213,6,B,6,premium,no,yes,1,110,0
213,6,C,4,standard,no,yes,2,85,0
213,7,A,6,premium,no,yes,4,85,0
213,7,B,2,premium,no,yes,2,30,1
213,7,C,6,standard,yes,yes,2,85,0
213,8,A,6,premium,no,yes,1,45,0
213,8,B,4,standard,no,yes,2,85,0
213,8,C,4,standard,no,yes,4,45,1
214,1,A,2,premium,no,no,1,110,0
214,1,B,4,standard,yes,no,4,45,1
214,1,C,4,standard,no,yes,4,110,0
214,2,A,2,premium,no,yes,2,85,1
214,2,B,4,standard,no,no,4,85,0
214,2,C,4,premium,no,no,4,110,0
214,3,A,6,standard,yes,yes,4,110,0
214,3,B,6,premium,yes,yes,1,85,1
214,3,C,4,standard,no,yes,4,65,0
214,4,A,4,premium,no,yes,2,110,0
214,4,B,4,standard,yes,yes,4,65,1
214,4,C,4,standard,no,yes,2,45,0
214,5,A,6,premium,yes,yes,4,45,0
214,5,B,4,standard,yes,yes,1,30,1
214,5,C,2,standard,no,yes,2,85,0
214,6,A,4,premium,no,no,2,30,0
214,6,B,6,standard,yes,yes,4,45,0
214,6,C,6,premium,no,no,1,30,1
214,7,A,6,premium,yes,no,2,65,0
214,7,B,6,standard,yes,no,4,85,0
214,7,C,4,premium,no,no,2,45,1
214,8,A,2,standard,yes,no,4,65,0
214,8,B,6,standard,no,yes,4,65,0
214,8,C,6,premium,no,no,2,30,1
215,1,A,4,standard,yes,no,2,85,0
215,1,B,2,standard,yes,yes,2,110,1
215,1,C,6,standard,no,yes,4,65,0
215,2,A,4,standard,yes,yes,2,85,1
215,2,B,4,standard,no,yes,1,110,0
215,2,C,4,premium,no,yes,2,110,0
215,3,A,4,premium,no,yes,1,65,0
215,3,B,6,standard,no,no,4,85,0
215,3,C,6,standard,no,no,4,45,1
215,4,A,4,standard,yes,no,1,30,1
215,4,B,6,standard,yes,yes,4,30,0
215,4,C,2,standard,yes,yes,4,30,0
215,5,A,2,premium,no,yes,4,65,0
215,5,B,6,premium,no,yes,2,65,1
215,5,C,4,premium,yes,yes,1,85,0
215,6,A,6,standard,no,yes,4,65,0
215,6,B,6,standard,yes,no,4,110,0
215,6,C,6,premium,no,yes,1,45,1
215,7,A,4,standard,no,yes,4,110,1
215,7,B,2,standard,yes,no,1,85,0
215,7,C,2,premium,no,yes,4,65,0
215,8,A,6,premium,no,yes,2,45,1
215,8,B,6,premium,no,no,1,110,0
215,8,C,4,standard,yes,yes,1,30,0
216,1,A,2,premium,no,yes,1,85,0
216,1,B,2,premium,yes,yes,1,30,1
216,1,C,2,premium,yes,yes,2,65,0
216,2,A,4,premium,yes,yes,4,65,0
216,2,B,2,standard,yes,yes,2,45,0
216,2,C,6,standard,yes,yes,4,45,1
216,3,A,2,premium,yes,yes,4,110,1
216,3,B,6,premium,yes,no,2,45,0
216,3,C,4,premium,no,no,2,110,0
216,4,A,4,premium,yes,yes,2,65,0
216,4,B,6,standard,yes,yes,1,85,0
216,4,C,2,premium,yes,yes,4,30,1
216,5,A,2,premium,yes,yes,4,110,0
216,5,B,6,standard,no,no,2,110,0
216,5,C,2,premium,no,yes,4,45,1
216,6,A,4,premium,yes,yes,4,65,1
216,6,B,6,premium,yes,yes,1,110,0
216,6,C,4,premium,yes,no,1,110,0
216,7,A,2,standard,yes,yes,4,85,0
216,7,B,4,standard,no,no,4,85,0
216,7,C,6,premium,no,no,2,45,1
216,8,A,2,premium,yes,yes,1,65,0
216,8,B,6,standard,yes,yes,1,65,1
216,8,C,4,premium,yes,no,2,110,0
217,1,A,2,premium,yes,no,2,85,0
217,1,B,4,standard,no,no,2,110,0
217,1,C,4,standard,yes,no,4,30,1
217,2,A,2,premium,yes,yes,4,65,1
217,2,B,4,premium,yes,no,1,85,0
217,2,C,6,premium,no,no,4,110,0
217,3,A,4,standard,no,yes,1,45,0
217,3,B,6,premium,yes,no,1,110,0
217,3,C,4,premium,no,no,1,30,1
217,4,A,6,premium,yes,yes,4,85,1
217,4,B,2,premium,yes,yes,2,85,0
217,4,C,4,standard,yes,yes,1,85,0
217,5,A,4,premium,no,yes,4,45,0
217,5,B,4,standard,no,yes,2,45,1
217,5,C,4,premium,no,yes,1,110,0
217,6,A,6,premium,no,no,1,65,0
217,6,B,2,standard,no,no,2,110,0
217,6,C,6,premium,yes,yes,1,45,1
217,7,A,2,standard,yes,no,1,85,0
217,7,B,6,premium,no,no,4,45,1
217,7,C,2,premium,yes,yes,2,85,0
217,8,A,4,premium,yes,no,1,85,0
217,8,B,2,premium,no,no,4,45,0
217,8,C,6,premium,yes,yes,2,45,1
218,1,A,2,standard,yes,no,2,30,1
218,1,B,4,premium,yes,yes,1,65,0
218,1,C,4,premium,yes,yes,1,65,0
218,2,A,4,standard,no,yes,2,85,0
218,2,B,6,premium,no,no,4,45,1
218,2,C,4,standard,yes,yes,2,85,0
218,3,A,6,standard,no,no,4,30,0
218,3,B,4,standard,yes,no,2,85,0
218,3,C,4,standard,yes,no,2,30,1
218,4,A,2,standard,yes,yes,2,45,1
218,4,B,2,standard,no,no,4,45,0
218,4,C,2,premium,no,no,4,110,0
218,5,A,6,standard,yes,no,4,85,0
218,5,B,6,standard,no,yes,2,45,0
218,5,C,6,standard,no,no,4,45,1
218,6,A,6,standard,yes,yes,1,65,1
218,6,B,2,premium,no,no,4,85,0
218,6,C,6,premium,no,no,1,65,0
218,7,A,4,standard,no,no,1,110,0
218,7,B,4,premium,yes,no,4,85,0
218,7,C,2,standard,yes,yes,1,65,1
218,8,A,6,premium,yes,no,2,30,0
218,8,B,4,standard,yes,yes,2,30,1
218,8,C,6,premium,yes,no,1,85,0
219,1,A,6,standard,yes,no,2,85,0
219,1,B,4,premium,no,yes,2,110,0
219,1,C,4,standard,no,yes,4,30,1
219,2,A,4,premium,yes,yes,2,110,1
219,2,B,6,premium,yes,yes,2,65,0
219,2,C,6,premium,no,yes,2,30,0
219,3,A,6,premium,no,no,4,45,0
219,3,B,4,premium,no,no,4,65,0
219,3,C,2,standard,yes,yes,1,65,1
219,4,A,2,premium,no,yes,1,85,0
219,4,B,6,standard,yes,no,1,30,1
219,4,C,4,premium,no,no,4,65,0
219,5,A,6,standard,no,yes,2,65,0
219,5,B,4,premium,yes,yes,1,85,0
219,5,C,6,premium,no,yes,2,45,1
219,6,A,2,premium,yes,no,2,45,1
219,6,B,6,premium,no,no,1,110,0
219,6,C,6,standard,no,yes,4,110,0
219,7,A,4,standard,yes,yes,4,85,0
219,7,B,4,premium,yes,yes,1,45,1
219,7,C,2,standard,yes,yes,1,65,0
219,8,A,2,premium,yes,no,2,110,0
219,8,B,4,standard,no,no,1,110,1
219,8,C,6,standard,no,no,2,85,0
220,1,A,4,premium,no,no,2,85,0
220,1,B,4,premium,no,yes,4,85,0
220,1,C,6,premium,yes,yes,2,30,1
220,2,A,4,premium,no,yes,2,30,0
220,2,B,6,standard,yes,yes,2,65,1
220,2,C,6,premium,no,no,1,85,0
220,3,A,6,standard,yes,no,2,65,1
220,3,B,6,standard,no,yes,1,85,0
220,3,C,4,standard,yes,no,1,110,0
220,4,A,4,premium,yes,no,4,65,0
220,4,B,6,premium,yes,no,4,85,0
220,4,C,6,standard,yes,no,4,30,1
220,5,A,2,premium,no,yes,1,30,0
220,5,B,6,standard,yes,no,2,30,1
220,5,C,2,premium,yes,yes,4,65,0
220,6,A,2,premium,no,no,4,65,0
220,6,B,6,standard,yes,yes,4,65,0
220,6,C,6,premium,yes,yes,1,65,1
220,7,A,2,premium,no,no,1,110,1
220,7,B,6,premium,yes,no,4,65,0
220,7,C,4,standard,yes,no,4,85,0
220,8,A,2,standard,yes,no,4,30,1
220,8,B,6,premium,no,no,1,85,0
220,8,C,4,premium,no,no,4,65,0
221,1,A,2,standard,no,no,4,65,1
221,1,B,4,standard,yes,yes,1,110,0
221,1,C,4,premium,yes,yes,2,65,0
221,2,A,4,standard,no,yes,4,85,0
221,2,B,6,premium,yes,no,1,110,0
221,2,C,4,standard,no,yes,1,65,1
221,3,A,6,premium,no,no,4,30,1
221,3,B,6,standard,yes,yes,1,30,0
221,3,C,4,premium,no,yes,1,110,0
221,4,A,2,standard,no,yes,2,110,0
221,4,B,2,standard,no,no,1,45,0
221,4,C,6,standard,yes,no,4,30,1
221,5,A,6,premium,no,yes,4,65,0
221,5,B,2,premium,yes,no,4,110,1
221,5,C,4,standard,yes,yes,1,30,0
221,6,A,2,premium,no,no,2,85,0
221,6,B,6,standard,no,yes,1,45,0
221,6,C,4,premium,yes,yes,1,65,1
221,7,A,4,standard,yes,no,1,45,1
221,7,B,6,standard,yes,no,4,110,0
221,7,C,4,premium,yes,yes,4,30,0
221,8,A,4,premium,yes,yes,1,45,1
221,8,B,6,premium,no,yes,4,30,0
221,8,C,6,premium,no,no,4,45,0
222,1,A,2,standard,no,yes,2,85,1
222,1,B,2,standard,no,no,1,45,0
222,1,C,4,standard,no,yes,1,110,0
222,2,A,6,standard,yes,no,2,30,1
222,2,B,6,standard,yes,no,1,65,0
222,2,C,4,standard,yes,yes,4,45,0
222,3,A,2,standard,no,yes,1,30,0
222,3,B,4,standard,yes,yes,4,85,0
222,3,C,4,premium,yes,no,4,45,1
222,4,A,4,premium,no,no,1,65,0
222,4,B,2,standard,yes,no,2,110,0
222,4,C,6,standard,yes,no,1,65,1
222,5,A,6,standard,yes,no,4,85,0
222,5,B,6,standard,no,yes,4,45,1
222,5,C,4,standard,yes,yes,4,110,0
222,6,A,4,standard,yes,no,1,65,1
222,6,B,2,premium,yes,yes,1,65,0
222,6,C,2,premium,yes,no,2,85,0
222,7,A,2,standard,no,yes,2,110,0
222,7,B,2,standard,no,no,2,30,0
222,7,C,4,premium,no,yes,1,65,1
222,8,A,6,standard,no,no,1,65,0
222,8,B,4,premium,yes,yes,4,45,1
222,8,C,4,premium,no,no,1,110,0
223,1,A,6,premium,no,no,2,110,0
223,1,B,4,premium,no,no,4,65,0
223,1,C,6,premium,no,yes,4,85,1
223,2,A,2,standard,yes,yes,4,85,0
223,2,B,6,premium,yes,yes,1,45,1
223,2,C,6,premium,no,no,2,110,0
223,3,A,6,premium,yes,no,2,110,0
223,3,B,2,standard,yes,yes,2,45,1
223,3,C,6,premium,no,yes,2,110,0
223,4,A,4,standard,no,no,1,30,0
223,4,B,6,premium,yes,yes,1,85,1
223,4,C,2,standard,yes,no,2,110,0
223,5,A,2,standard,yes,yes,2,85,0
223,5,B,2,premium,no,yes,2,110,0
223,5,C,6,standard,no,no,1,65,1
223,6,A,4,premium,yes,no,4,65,0
223,6,B,4,premium,no,yes,1,30,1
223,6,C,6,standard,yes,yes,4,85,0
223,7,A,4,standard,yes,no,1,110,0
223,7,B,4,premium,yes,yes,2,30,0
223,7,C,6,standard,yes,yes,2,30,1
223,8,A,6,standard,yes,no,2,110,1
223,8,B,4,standard,yes,yes,4,65,0
223,8,C,6,premium,no,yes,4,30,0
224,1,A,6,standard,yes,no,4,110,0
224,1,B,2,premium,yes,yes,1,65,1
224,1,C,2,premium,yes,yes,1,85,0
224,2,A,2,premium,yes,yes,1,45,1
224,2,B,2,premium,yes,no,4,65,0
224,2,C,6,standard,no,yes,2,110,0
224,3,A,2,standard,yes,no,2,45,0
224,3,B,2,premium,no,no,1,30,1
224,3,C,2,standard,no,no,1,30,0
224,4,A,6,premium,no,yes,2,30,1
224,4,B,2,premium,yes,yes,2,65,0
224,4,C,6,standard,no,no,4,85,0
224,5,A,4,premium,no,yes,1,85,0
224,5,B,4,standard,yes,no,2,110,0
224,5,C,2,standard,yes,yes,2,30,1
224,6,A,6,premium,no,no,4,45,1
224,6,B,2,premium,no,yes,2,45,0
224,6,C,6,premium,no,no,2,85,0
224,7,A,6,premium,no,yes,2,45,0
224,7,B,6,standard,no,yes,1,85,0
224,7,C,4,premium,no,yes,2,30,1
224,8,A,2,premium,yes,yes,1,30,1
224,8,B,6,standard,yes,yes,4,45,0
224,8,C,6,premium,yes,yes,1,45,0
225,1,A,4,standard,no,no,2,45,1
225,1,B,6,premium,no,yes,2,110,0
225,1,C,6,premium,no,yes,1,110,0
225,2,A,6,premium,no,yes,1,45,1
225,2,B,2,premium,no,yes,4,110,0
225,2,C,6,standard,yes,yes,4,85,0
225,3,A,2,premium,no,yes,1,110,0
225,3,B,6,standard,no,yes,4,45,1
225,3,C,6,standard,no,no,1,45,0
225,4,A,2,premium,no,no,4,30,0
225,4,B,6,standard,no,no,4,30,1
225,4,C,2,premium,yes,yes,1,45,0
225,5,A,2,premium,no,no,4,30,0
225,5,B,2,premium,no,no,1,30,1
225,5,C,6,premium,yes,yes,2,45,0
225,6,A,2,premium,yes,yes,1,85,1
225,6,B,6,premium,no,yes,1,110,0
225,6,C,6,premium,no,no,1,85,0
225,7,A,2,standard,no,yes,2,85,0
225,7,B,2,standard,yes,no,1,110,0
225,7,C,2,premium,no,no,1,30,1
225,8,A,4,premium,yes,yes,2,65,1
225,8,B,6,standard,yes,no,2,65,0
225,8,C,4,standard,no,no,2,85,0
226,1,A,6,standard,yes,no,1,110,0
226,1,B,2,standard,yes,no,1,110,0
226,1,C,4,premium,yes,yes,2,65,1
226,2,A,2,premium,yes,no,2,65,0
226,2,B,2,standard,yes,no,1,65,1
226,2,C,2,premium,yes,no,1,85,0
226,3,A,4,premium,yes,no,4,65,0
226,3,B,6,premium,yes,yes,2,30,1
226,3,C,4,standard,yes,no,2,85,0
226,4,A,4,standard,yes,yes,1,110,0
226,4,B,4,premium,yes,yes,1,45,0
226,4,C,4,premium,yes,no,2,30,1
226,5,A,6,standard,no,yes,2,85,0
226,5,B,6,standard,yes,no,4,110,0
226,5,C,2,standard,no,no,4,30,1
226,6,A,4,standard,no,yes,1,65,0
226,6,B,6,premium,yes,no,4,30,1
226,6,C,6,premium,no,yes,4,45,0
226,7,A,2,standard,yes,no,1,45,0
226,7,B,2,premium,yes,yes,4,30,1
226,7,C,4,standard,no,no,4,45,0
226,8,A,4,standard,no,yes,4,85,0
226,8,B,2,premium,yes,yes,2,65,1
226,8,C,4,standard,yes,no,1,110,0
227,1,A,2,standard,no,no,2,65,0
227,1,B,6,standard,no,no,1,85,0
227,1,C,4,premium,no,yes,4,30,1
227,2,A,2,standard,yes,yes,4,85,0
227,2,B,6,premium,no,yes,2,45,0
227,2,C,6,premium,yes,no,4,45,1
227,3,A,4,premium,no,no,4,45,0
227,3,B,4,premium,no,no,1,30,1
227,3,C,2,premium,no,yes,4,85,0
227,4,A,6,premium,no,no,2,110,0
227,4,B,6,premium,yes,no,2,30,1
227,4,C,6,standard,yes,yes,1,65,0
227,5,A,2,standard,no,yes,2,65,1
227,5,B,6,premium,no,yes,1,65,0
227,5,C,6,premium,yes,no,4,110,0
227,6,A,2,premium,yes,no,2,65,1
227,6,B,6,premium,no,no,1,110,0
227,6,C,4,standard,no,no,2,85,0
227,7,A,4,premium,yes,yes,2,110,0
227,7,B,4,standard,yes,no,4,45,0
227,7,C,2,standard,yes,no,4,30,1
227,8,A,4,premium,no,no,2,65,0
227,8,B,6,premium,no,yes,4,110,0
227,8,C,6,standard,yes,no,4,110,1
228,1,A,6,premium,yes,yes,1,65,1
228,1,B,4,standard,no,yes,4,85,0
228,1,C,2,standard,no,no,1,65,0
228,2,A,4,standard,yes,yes,4,30,1
228,2,B,4,standard,yes,yes,2,45,0
228,2,C,2,premium,yes,no,2,85,0
228,3,A,2,standard,no,yes,2,30,0
228,3,B,2,premium,no,no,2,65,0
228,3,C,2,standard,no,no,4,30,1
228,4,A,4,premium,no,no,1,30,0
228,4,B,2,premium,yes,yes,1,45,1
228,4,C,6,standard,no,no,2,65,0
228,5,A,6,premium,no,yes,1,65,1
228,5,B,4,premium,yes,yes,1,85,0
228,5,C,6,standard,yes,no,2,45,0
228,6,A,4,standard,yes,no,1,45,0
228,6,B,2,premium,no,yes,4,30,1
228,6,C,2,standard,no,yes,4,85,0
228,7,A,4,premium,yes,no,1,110,0
228,7,B,4,premium,yes,no,1,65,1
228,7,C,2,premium,no,yes,4,45,0
228,8,A,6,premium,yes,no,4,85,0
228,8,B,4,premium,no,yes,4,45,0
228,8,C,2,premium,yes,yes,4,45,1
229,1,A,4,standard,yes,yes,1,30,1
229,1,B,6,premium,no,no,2,30,0
229,1,C,4,premium,no,yes,1,45,0
229,2,A,4,standard,yes,no,2,85,1
229,2,B,2,premium,no,no,2,65,0
229,2,C,4,standard,no,no,1,85,0
229,3,A,4,standard,yes,yes,1,30,1
229,3,B,6,standard,no,no,2,65,0
229,3,C,2,standard,no,yes,4,45,0
229,4,A,2,premium,yes,no,2,45,1
229,4,B,2,standard,yes,yes,1,85,0
229,4,C,4,standard,no,yes,4,85,0
229,5,A,4,standard,yes,no,2,30,0
229,5,B,4,premium,yes,yes,2,65,0
229,5,C,4,standard,yes,yes,4,30,1
229,6,A,2,standard,no,yes,4,30,0
229,6,B,6,standard,yes,yes,4,30,1
229,6,C,2,standard,yes,yes,1,65,0
229,7,A,6,standard,yes,yes,2,45,1
229,7,B,4,standard,no,yes,1,45,0
229,7,C,6,premium,no,no,1,65,0
229,8,A,6,standard,no,no,4,110,0
229,8,B,2,premium,no,no,4,30,1
229,8,C,6,standard,no,no,1,65,0
230,1,A,4,standard,no,no,4,30,1
230,1,B,6,standard,no,yes,1,30,0
230,1,C,6,standard,yes,no,1,85,0
230,2,A,6,standard,yes,no,4,65,1
230,2,B,4,standard,no,no,1,45,0
230,2,C,2,standard,no,no,1,85,0
230,3,A,2,standard,yes,yes,2,65,0
230,3,B,2,standard,yes,yes,2,45,0
230,3,C,6,standard,no,yes,1,30,1
230,4,A,6,standard,no,no,1,110,0
230,4,B,2,premium,yes,yes,4,30,1
230,4,C,2,standard,yes,no,1,85,0
230,5,A,2,premium,no,no,4,65,0
230,5,B,6,standard,yes,yes,1,110,0
230,5,C,4,standard,yes,yes,4,45,1
230,6,A,4,premium,no,no,2,45,1
230,6,B,4,standard,no,yes,1,110,0
230,6,C,2,premium,no,no,2,65,0
230,7,A,2,premium,yes,yes,4,85,1
230,7,B,4,premium,yes,no,2,45,0
230,7,C,4,standard,no,no,4,85,0
230,8,A,4,standard,yes,no,2,65,1
230,8,B,4,standard,yes,yes,2,85,0
230,8,C,6,premium,yes,no,2,110,0
231,1,A,2,premium,no,no,1,110,0
231,1,B,6,standard,no,no,1,65,0
231,1,C,6,standard,no,no,4,30,1
231,2,A,6,premium,yes,no,4,85,1
231,2,B,2,premium,yes,no,2,110,0
231,2,C,2,premium,yes,no,1,110,0
231,3,A,6,standard,no,yes,4,65,0
231,3,B,2,standard,yes,yes,4,85,0
231,3,C,4,standard,no,yes,1,30,1
231,4,A,4,standard,yes,yes,4,110,0
231,4,B,4,premium,no,yes,4,110,0
231,4,C,2,premium,yes,no,4,65,1
231,5,A,4,premium,yes,yes,2,110,1
231,5,B,4,standard,no,no,1,30,0
231,5,C,6,standard,yes,no,2,110,0
231,6,A,6,premium,yes,yes,2,110,0
231,6,B,2,standard,no,yes,2,45,1
231,6,C,2,premium,yes,no,2,65,0
231,7,A,4,standard,no,yes,2,45,0
231,7,B,6,standard,no,no,4,45,1
231,7,C,6,standard,no,yes,1,30,0
231,8,A,2,standard,no,no,1,85,0
231,8,B,2,premium,no,yes,4,45,1
231,8,C,2,premium,yes,yes,1,110,0
232,1,A,4,premium,no,no,4,30,1
232,1,B,2,premium,no,yes,1,65,0
232,1,C,6,premium,no,no,1,110,0
232,2,A,6,standard,yes,yes,2,85,0
232,2,B,4,standard,no,no,2,30,1
232,2,C,2,standard,no,yes,1,85,0
232,3,A,4,premium,yes,yes,1,30,1
232,3,B,4,premium,yes,no,1,85,0
232,3,C,4,standard,no,yes,4,30,0
232,4,A,2,standard,no,yes,4,30,0
232,4,B,2,premium,yes,yes,1,45,1
232,4,C,2,standard,yes,no,2,45,0
232,5,A,2,standard,no,no,1,30,1
232,5,B,6,premium,no,no,2,110,0
232,5,C,6,premium,no,no,1,110,0
232,6,A,2,premium,yes,no,1,65,1
232,6,B,4,standard,yes,no,1,85,0
232,6,C,4,standard,yes,no,2,110,0
232,7,A,6,premium,no,yes,2,65,0
232,7,B,2,premium,no,yes,4,110,0
232,7,C,6,premium,yes,yes,1,85,1
232,8,A,2,premium,yes,yes,4,85,0
232,8,B,4,premium,no,yes,1,110,0
232,8,C,6,premium,no,no,4,65,1
233,1,A,6,standard,no,no,4,45,1
233,1,B,6,premium,yes,no,2,110,0
233,1,C,2,standard,no,yes,1,85,0
233,2,A,6,standard,yes,no,1,85,0
233,2,B,4,standard,no,no,2,110,0
233,2,C,2,standard,yes,yes,2,30,1
233,3,A,6,premium,yes,yes,4,45,0
233,3,B,4,standard,yes,yes,4,30,1
233,3,C,4,standard,no,no,2,85,0
233,4,A,6,premium,no,yes,1,85,0
233,4,B,4,premium,no,yes,2,85,1
233,4,C,2,standard,no,no,4,110,0
233,5,A,2,premium,yes,no,1,85,0
233,5,B,6,standard,no,yes,1,110,0
233,5,C,2,premium,no,yes,1,85,1
233,6,A,4,premium,yes,yes,1,65,0
233,6,B,4,standard,no,no,1,45,1
233,6,C,6,standard,yes,no,2,30,0
233,7,A,2,standard,no,yes,4,85,0
233,7,B,2,premium,yes,yes,2,85,0
233,7,C,6,standard,yes,yes,2,45,1
233,8,A,6,premium,yes,no,1,85,0
233,8,B,4,premium,yes,yes,1,110,0
233,8,C,2,standard,yes,yes,2,85,1
234,1,A,6,premium,no,yes,2,30,1
234,1,B,6,standard,no,no,2,45,0
234,1,C,6,standard,yes,yes,1,65,0
234,2,A,4,standard,no,no,4,65,0
234,2,B,4,premium,yes,yes,1,30,1
234,2,C,4,premium,yes,yes,4,30,0
234,3,A,2,premium,yes,no,1,85,0
234,3,B,6,standard,yes,yes,4,110,0
234,3,C,2,premium,yes,no,1,65,1
234,4,A,2,standard,no,yes,4,85,0
234,4,B,2,premium,no,no,1,65,1
234,4,C,2,standard,no,yes,2,110,0
234,5,A,6,premium,yes,no,1,30,1
234,5,B,2,standard,yes,yes,1,65,0
234,5,C,2,standard,no,yes,1,85,0
234,6,A,2,premium,no,yes,1,65,0
234,6,B,4,premium,no,yes,2,85,1
234,6,C,4,standard,no,no,2,45,0
234,7,A,2,standard,yes,yes,1,85,0
234,7,B,2,premium,yes,no,4,45,0
234,7,C,6,standard,yes,yes,2,30,1
234,8,A,4,standard,no,no,4,30,1
234,8,B,2,premium,no,no,4,45,0
234,8,C,2,standard,no,yes,4,85,0
235,1,A,6,standard,no,yes,1,110,0
235,1,B,6,standard,yes,no,1,65,1
235,1,C,6,standard,no,no,4,65,0
235,2,A,6,premium,yes,no,2,65,0
235,2,B,4,standard,yes,yes,2,45,1
235,2,C,6,premium,no,yes,4,85,0
235,3,A,4,premium,no,yes,1,85,0
235,3,B,6,standard,yes,yes,2,85,0
235,3,C,2,premium,yes,yes,1,65,1
235,4,A,6,premium,yes,no,1,30,1
235,4,B,6,premium,no,no,2,85,0
235,4,C,2,standard,no,yes,4,85,0
235,5,A,2,standard,yes,yes,4,65,0
235,5,B,6,standard,no,yes,1,65,0
235,5,C,4,standard,yes,no,4,30,1
235,6,A,6,premium,yes,yes,4,85,1
235,6,B,6,premium,yes,no,2,45,0
235,6,C,4,premium,no,yes,1,85,0
235,7,A,2,premium,no,no,2,85,0
235,7,B,4,premium,yes,no,1,85,0
235,7,C,4,premium,no,no,2,45,1
235,8,A,6,premium,yes,yes,1,85,0
235,8,B,4,premium,no,yes,4,85,1
235,8,C,2,standard,yes,no,2,85,0
236,1,A,6,premium,no,no,1,65,0
236,1,B,4,standard,yes,yes,4,30,1
236,1,C,2,standard,yes,no,4,110,0
236,2,A,4,standard,yes,no,4,85,0
236,2,B,2,premium,no,no,2,110,0
236,2,C,2,standard,no,yes,1,30,1
236,3,A,6,standard,no,yes,2,110,0
236,3,B,6,premium,no,no,1,65,0
236,3,C,2,standard,no,no,1,30,1
236,4,A,6,standard,no,yes,2,65,0
236,4,B,4,premium,yes,yes,1,85,1
236,4,C,6,standard,no,yes,2,45,0
236,5,A,6,premium,yes,no,1,85,0
236,5,B,2,standard,yes,no,4,110,1
236,5,C,2,premium,no,yes,1,65,0
236,6,A,4,premium,no,no,4,30,1
236,6,B,6,standard,yes,no,4,30,0
236,6,C,4,standard,no,no,1,65,0
236,7,A,2,standard,yes,no,1,65,0
236,7,B,6,standard,yes,no,2,65,1
236,7,C,2,standard,no,yes,1,110,0
236,8,A,6,premium,yes,yes,4,85,1
236,8,B,2,standard,no,no,4,30,0
236,8,C,6,premium,yes,no,1,85,0
237,1,A,2,standard,no,no,2,65,0
237,1,B,6,premium,yes,yes,2,65,0
237,1,C,4,premium,yes,no,4,30,1
237,2,A,6,standard,yes,yes,2,45,1
237,2,B,4,standard,yes,no,2,85,0
237,2,C,6,standard,yes,no,4,45,0
237,3,A,6,premium,yes,no,2,65,0
237,3,B,4,standard,yes,yes,2,110,0
237,3,C,4,standard,yes,yes,1,30,1
237,4,A,2,premium,no,no,1,85,0
237,4,B,4,standard,yes,yes,4,30,1
237,4,C,2,standard,no,yes,2,45,0
237,5,A,6,premium,no,yes,2,65,0
237,5,B,6,standard,yes,no,2,45,0
237,5,C,2,premium,no,yes,1,30,1
237,6,A,6,premium,no,no,4,45,1
237,6,B,6,standard,no,no,2,85,0
237,6,C,2,standard,no,no,4,110,0
237,7,A,4,standard,no,yes,4,30,1
237,7,B,4,premium,no,no,2,45,0
237,7,C,4,premium,yes,yes,1,45,0
237,8,A,6,premium,yes,no,1,110,0
237,8,B,2,premium,yes,yes,2,65,0
237,8,C,4,standard,yes,yes,1,45,1
238,1,A,6,standard,yes,no,1,45,1
238,1,B,2,premium,no,no,4,110,0
238,1,C,6,premium,yes,no,1,85,0
238,2,A,4,standard,yes,yes,4,110,1
238,2,B,2,premium,no,no,1,85,0
238,2,C,6,standard,yes,no,4,45,0
238,3,A,2,premium,no,yes,1,30,0
238,3,B,4,premium,no,no,4,30,0
238,3,C,2,premium,yes,no,4,45,1
238,4,A,2,premium,yes,yes,4,65,0
238,4,B,6,premium,yes,no,1,65,1
238,4,C,6,standard,no,no,2,110,0
238,5,A,2,standard,yes,yes,4,45,1
238,5,B,6,premium,no,no,4,45,0
238,5,C,4,premium,no,yes,1,45,0
238,6,A,6,premium,yes,yes,4,110,0
238,6,B,2,premium,no,no,4,65,1
238,6,C,6,premium,no,no,1,45,0
238,7,A,6,standard,no,yes,2,65,0
238,7,B,2,standard,yes,no,4,30,0
238,7,C,2,premium,yes,yes,1,30,1
238,8,A,6,premium,no,no,1,30,1
238,8,B,4,premium,no,no,4,110,0
238,8,C,2,premium,yes,yes,1,85,0
239,1,A,4,premium,yes,yes,2,45,0
239,1,B,4,standard,no,no,4,45,0
239,1,C,6,standard,no,no,4,30,1
239,2,A,2,premium,no,yes,2,110,0
239,2,B,2,standard,yes,no,2,65,0
239,2,C,2,premium,yes,yes,4,85,1
239,3,A,2,premium,yes,yes,1,45,0
239,3,B,2,premium,no,no,2,30,1
239,3,C,4,premium,no,no,1,65,0
239,4,A,2,standard,yes,yes,4,30,0
239,4,B,6,standard,yes,yes,1,45,1
239,4,C,4,premium,yes,no,2,65,0
239,5,A,2,standard,no,no,1,30,1
239,5,B,4,standard,no,no,2,45,0
239,5,C,6,standard,no,yes,1,65,0
239,6,A,4,standard,yes,no,1,65,1
239,6,B,2,standard,no,no,1,110,0
239,6,C,2,premium,no,no,4,110,0
239,7,A,6,premium,no,no,1,85,0
239,7,B,4,premium,yes,yes,1,45,1
239,7,C,4,standard,no,yes,2,45,0
239,8,A,6,premium,yes,yes,2,65,1
239,8,B,6,standard,yes,no,2,30,0
239,8,C,6,premium,no,no,4,30,0
240,1,A,4,premium,yes,no,1,65,1
240,1,B,2,premium,yes,yes,1,110,0
240,1,C,6,premium,no,yes,2,110,0
240,2,A,6,premium,no,no,2,45,0
240,2,B,4,premium,no,yes,1,30,1
240,2,C,4,standard,no,no,4,45,0
240,3,A,4,standard,yes,no,1,30,0
240,3,B,2,standard,yes,yes,2,30,0
240,3,C,2,premium,no,yes,2,45,1
240,4,A,2,premium,yes,yes,1,85,0
240,4,B,6,premium,no,yes,1,110,0
240,4,C,2,standard,no,no,4,45,1
240,5,A,4,premium,yes,no,2,85,1
240,5,B,2,standard,yes,no,4,110,0
240,5,C,4,standard,no,yes,4,110,0
240,6,A,4,standard,no,yes,2,110,0
240,6,B,2,standard,yes,yes,2,110,1
240,6,C,6,standard,no,no,4,110,0
240,7,A,4,standard,yes,yes,1,85,0
240,7,B,2,standard,yes,yes,1,65,1
240,7,C,2,premium,yes,yes,4,65,0
240,8,A,6,premium,no,no,1,110,0
240,8,B,2,premium,yes,no,4,30,1
240,8,C,2,premium,no,no,2,110,0
241,1,A,6,standard,no,no,4,45,1
241,1,B,6,premium,yes,yes,1,110,0
241,1,C,2,standard,yes,no,2,110,0
241,2,A,4,premium,yes,yes,2,65,1
241,2,B,2,premium,yes,no,1,65,0
241,2,C,4,standard,yes,yes,1,45,0
241,3,A,2,standard,no,yes,1,65,1
241,3,B,2,standard,no,no,1,85,0
241,3,C,6,premium,no,yes,2,45,0
241,4,A,2,premium,no,yes,2,65,0
241,4,B,4,standard,yes,yes,2,45,0
241,4,C,6,standard,no,no,4,30,1
241,5,A,4,premium,no,no,2,85,0
241,5,B,4,standard,yes,no,2,45,1
241,5,C,4,standard,yes,yes,4,110,0
241,6,A,6,standard,no,yes,2,85,1
241,6,B,4,premium,no,no,2,65,0
241,6,C,4,standard,no,no,4,30,0
241,7,A,2,premium,yes,no,2,30,0
241,7,B,4,premium,yes,yes,4,30,1
241,7,C,2,standard,yes,no,1,110,0
241,8,A,2,premium,yes,no,2,45,0
241,8,B,6,standard,yes,no,4,45,1
241,8,C,4,premium,yes,yes,4,85,0
242,1,A,2,premium,no,no,1,30,1
242,1,B,6,standard,no,yes,2,65,0
242,1,C,4,standard,yes,no,4,110,0
242,2,A,4,premium,yes,no,2,45,0
242,2,B,6,premium,yes,no,1,110,0
242,2,C,4,premium,no,yes,4,30,1
242,3,A,4,standard,no,no,4,65,0
242,3,B,2,premium,no,no,4,45,0
242,3,C,2,standard,no,yes,4,30,1
242,4,A,4,premium,yes,yes,1,85,1
242,4,B,2,premium,no,no,2,45,0
242,4,C,4,premium,no,yes,1,85,0
242,5,A,6,premium,no,no,1,30,0
242,5,B,4,premium,yes,yes,2,110,0
242,5,C,6,standard,yes,no,1,45,1
242,6,A,6,standard,no,no,2,110,0
242,6,B,6,standard,yes,no,4,85,1
242,6,C,2,standard,yes,yes,4,110,0
242,7,A,2,premium,yes,yes,1,65,0
242,7,B,2,premium,yes,yes,1,45,0
242,7,C,2,standard,no,yes,1,45,1
242,8,A,4,standard,yes,yes,1,30,1
242,8,B,4,premium,yes,no,1,45,0
242,8,C,6,standard,yes,no,4,110,0
243,1,A,6,premium,no,no,4,85,1
243,1,B,2,standard,no,yes,2,85,0
243,1,C,6,premium,no,yes,1,110,0
243,2,A,2,standard,yes,yes,1,85,0
243,2,B,2,premium,no,no,4,110,0
243,2,C,4,standard,yes,yes,2,30,1
243,3,A,2,standard,no,yes,2,110,0
243,3,B,6,standard,no,yes,2,85,0
243,3,C,2,standard,yes,no,4,45,1
243,4,A,6,standard,yes,yes,4,30,1
243,4,B,6,premium,yes,yes,1,85,0
243,4,C,6,premium,no,no,1,110,0
243,5,A,2,premium,yes,no,2,85,1
243,5,B,4,premium,no,no,1,30,0
243,5,C,2,standard,no,no,2,45,0
243,6,A,6,premium,no,no,2,30,0
243,6,B,4,premium,no,no,1,45,0
243,6,C,2,standard,no,yes,2,45,1
243,7,A,4,standard,yes,yes,1,65,0
243,7,B,2,premium,yes,yes,1,65,0
243,7,C,6,standard,no,yes,1,45,1
243,8,A,6,standard,no,yes,1,30,1
243,8,B,2,standard,no,yes,4,45,0
243,8,C,2,standard,no,yes,2,65,0
244,1,A,2,standard,yes,yes,2,30,1
244,1,B,6,premium,no,yes,2,65,0
244,1,C,4,standard,no,no,4,110,0
244,2,A,6,premium,yes,no,1,85,0
244,2,B,2,premium,no,no,4,110,0
244,2,C,4,standard,no,yes,1,30,1
244,3,A,2,standard,no,no,2,110,0
244,3,B,4,standard,yes,yes,4,65,1
244,3,C,4,premium,no,no,2,45,0
244,4,A,6,premium,yes,yes,2,110,0
244,4,B,4,standard,no,yes,1,30,1
244,4,C,2,standard,no,no,1,65,0
244,5,A,2,premium,yes,no,2,45,1
244,5,B,6,premium,no,yes,1,110,0
244,5,C,4,standard,yes,no,2,110,0
244,6,A,6,standard,yes,yes,4,65,0
244,6,B,6,standard,yes,yes,4,30,1
244,6,C,4,standard,yes,yes,2,65,0
244,7,A,4,standard,yes,yes,2,30,1
244,7,B,6,premium,yes,no,2,45,0
244,7,C,6,premium,yes,no,1,85,0
244,8,A,6,premium,no,no,4,85,1
244,8,B,2,standard,yes,no,4,65,0
244,8,C,6,standard,no,yes,1,30,0
245,1,A,4,premium,no,no,4,30,1
245,1,B,2,standard,no,no,2,30,0
245,1,C,6,premium,yes,no,2,110,0
245,2,A,2,standard,no,no,4,65,0
245,2,B,6,premium,yes,no,4,45,1
245,2,C,2,premium,no,no,2,30,0
245,3,A,6,premium,yes,yes,4,85,0
245,3,B,2,standard,yes,no,1,85,1
245,3,C,4,standard,no,no,4,65,0
245,4,A,2,standard,yes,yes,4,45,1
245,4,B,6,premium,no,no,4,110,0
245,4,C,6,standard,no,yes,1,85,0
245,5,A,6,premium,no,yes,1,30,0
245,5,B,6,standard,yes,no,1,45,0
245,5,C,4,standard,no,yes,1,30,1
245,6,A,6,standard,yes,yes,4,45,0
245,6,B,2,premium,yes,yes,1,30,0
245,6,C,4,premium,yes,no,2,30,1
245,7,A,4,standard,yes,no,1,65,0
245,7,B,6,premium,yes,no,2,65,1
245,7,C,2,standard,yes,no,4,110,0
245,8,A,4,standard,no,yes,1,110,0
245,8,B,2,premium,yes,no,2,30,1
245,8,C,6,standard,yes,no,4,45,0
246,1,A,2,premium,no,yes,2,45,1
246,1,B,2,premium,yes,yes,2,65,0
246,1,C,4,premium,no,no,2,85,0
246,2,A,4,standard,no,yes,2,110,0
246,2,B,6,premium,no,no,2,30,1
246,2,C,6,premium,yes,yes,2,110,0
246,3,A,4,premium,no,yes,1,30,1
246,3,B,6,premium,no,yes,4,45,0
246,3,C,4,standard,yes,yes,2,30,0
246,4,A,6,premium,yes,no,1,30,1
246,4,B,4,standard,yes,no,1,110,0
246,4,C,6,standard,no,no,2,110,0
246,5,A,6,standard,no,no,2,110,0
246,5,B,6,premium,no,yes,4,85,0
246,5,C,6,standard,yes,yes,1,65,1
246,6,A,2,standard,yes,no,2,45,1
246,6,B,4,standard,no,no,2,65,0
246,6,C,6,standard,no,yes,4,45,0
246,7,A,4,standard,yes,yes,1,110,0
246,7,B,6,standard,yes,yes,1,65,1
246,7,C,2,premium,no,no,1,110,0
246,8,A,4,premium,no,no,1,65,0
246,8,B,2,standard,yes,yes,4,85,1
246,8,C,4,premium,yes,no,1,110,0
247,1,A,4,standard,yes,yes,4,65,0
247,1,B,2,premium,no,no,1,30,1
247,1,C,4,standard,no,yes,2,65,0
247,2,A,6,standard,yes,no,1,65,0
247,2,B,4,premium,yes,yes,4,45,1
247,2,C,2,standard,yes,yes,4,45,0
247,3,A,6,standard,no,yes,4,110,0
247,3,B,6,standard,no,no,2,65,1
247,3,C,2,standard,yes,yes,4,30,0
247,4,A,4,premium,yes,yes,2,85,1
247,4,B,4,standard,no,yes,2,65,0
247,4,C,6,standard,no,yes,2,110,0
247,5,A,6,standard,yes,yes,1,85,0
247,5,B,2,premium,yes,yes,2,45,1
247,5,C,4,standard,yes,no,1,85,0
247,6,A,4,premium,yes,no,1,30,1
247,6,B,2,standard,yes,yes,2,30,0
247,6,C,6,premium,yes,no,2,85,0
247,7,A,4,premium,yes,yes,2,65,0
247,7,B,4,premium,yes,yes,4,30,1
247,7,C,6,premium,yes,yes,2,65,0
247,8,A,6,standard,yes,no,1,65,1
247,8,B,6,standard,no,no,2,85,0
247,8,C,6,standard,yes,no,2,110,0
248,1,A,4,premium,no,yes,4,45,0
248,1,B,2,standard,no,no,4,110,0
248,1,C,6,standard,yes,no,1,65,1
248,2,A,6,premium,no,no,1,65,0
248,2,B,6,standard,yes,no,4,30,1
248,2,C,6,standard,no,no,1,85,0
248,3,A,6,premium,no,no,1,30,0
248,3,B,2,standard,yes,yes,2,110,0
248,3,C,4,standard,yes,no,1,65,1
248,4,A,4,standard,no,yes,4,110,0
248,4,B,2,standard,no,yes,2,65,0
248,4,C,6,premium,yes,yes,4,65,1
248,5,A,4,premium,yes,no,4,65,0
248,5,B,4,standard,yes,no,2,110,0
248,5,C,2,standard,yes,no,1,65,1
248,6,A,6,standard,yes,no,2,30,1
248,6,B,4,standard,no,no,4,85,0
248,6,C,4,standard,no,no,4,85,0
248,7,A,2,premium,no,yes,2,65,1
248,7,B,2,premium,no,no,1,30,0
248,7,C,4,premium,no,no,2,65,0
248,8,A,6,premium,no,yes,2,30,1
248,8,B,4,standard,no,yes,1,30,0
248,8,C,4,premium,yes,yes,1,45,0
249,1,A,2,standard,yes,yes,1,30,1
249,1,B,2,premium,no,no,2,45,0
249,1,C,4,premium,no,no,1,85,0
249,2,A,2,premium,yes,no,2,45,1
249,2,B,2,standard,no,yes,1,65,0
249,2,C,2,premium,no,no,4,45,0
249,3,A,6,standard,no,no,4,65,1
249,3,B,2,standard,no,no,1,85,0
249,3,C,2,premium,yes,no,4,85,0
249,4,A,4,standard,no,yes,4,45,0
249,4,B,6,standard,yes,no,4,45,1
249,4,C,6,standard,yes,no,2,45,0
249,5,A,6,standard,yes,no,2,85,0
249,5,B,6,premium,no,no,2,45,0
249,5,C,2,premium,yes,yes,2,110,1
249,6,A,4,standard,yes,yes,2,65,0
249,6,B,6,premium,no,yes,4,45,1
249,6,C,4,standard,no,yes,1,110,0
249,7,A,4,standard,no,no,1,30,1
249,7,B,6,standard,yes,yes,4,65,0
249,7,C,2,premium,yes,no,1,85,0
249,8,A,2,standard,yes,no,4,85,1
249,8,B,4,premium,no,yes,1,110,0
249,8,C,4,standard,no,no,2,30,0
250,1,A,6,premium,yes,no,4,85,1
250,1,B,2,premium,yes,no,2,110,0
250,1,C,2,premium,no,yes,1,85,0
250,2,A,4,standard,yes,no,4,45,1
250,2,B,4,standard,yes,no,2,110,0
250,2,C,4,premium,no,no,4,45,0
250,3,A,6,premium,no,no,2,110,0
250,3,B,2,premium,no,yes,4,85,1
250,3,C,2,standard,no,no,1,85,0
250,4,A,2,premium,yes,yes,4,30,0
250,4,B,6,standard,no,yes,2,30,1
250,4,C,2,standard,no,yes,4,30,0
250,5,A,4,standard,no,yes,4,65,0
250,5,B,6,standard,yes,no,2,65,0
250,5,C,4,premium,yes,no,4,30,1
250,6,A,4,premium,yes,yes,2,65,0
250,6,B,2,premium,no,yes,2,45,0
250,6,C,4,premium,yes,no,2,85,1
250,7,A,4,premium,yes,no,1,30,1
250,7,B,4,premium,yes,no,1,85,0
250,7,C,4,standard,no,yes,2,85,0
250,8,A,2,premium,yes,yes,2,85,0
250,8,B,2,premium,no,yes,4,65,1
250,8,C,4,premium,no,no,2,45,0
251,1,A,2,premium,no,yes,4,30,0
251,1,B,4,standard,no,no,4,45,0
251,1,C,4,standard,no,yes,4,45,1
251,2,A,6,premium,yes,no,1,85,0
251,2,B,2,premium,yes,yes,4,45,1
251,2,C,6,standard,no,no,4,110,0
251,3,A,2,standard,yes,no,1,45,1
251,3,B,4,premium,yes,no,1,65,0
251,3,C,2,premium,no,no,2,85,0
251,4,A,2,standard,no,yes,1,110,0
251,4,B,6,standard,no,no,2,45,0
251,4,C,4,premium,no,no,2,110,1
251,5,A,2,standard,yes,no,1,45,1
251,5,B,4,premium,no,no,2,30,0
251,5,C,2,premium,no,no,2,30,0
251,6,A,2,standard,no,yes,2,45,0
251,6,B,2,standard,no,yes,2,85,0
251,6,C,2,premium,yes,no,2,30,1
251,7,A,6,standard,yes,yes,4,30,0
251,7,B,4,premium,yes,yes,2,45,0
251,7,C,6,standard,yes,yes,2,65,1
251,8,A,6,standard,no,yes,1,45,0
251,8,B,2,premium,yes,no,2,30,1
251,8,C,6,standard,no,yes,4,85,0
252,1,A,6,premium,yes,no,4,85,0
252,1,B,2,premium,no,no,2,45,1
252,1,C,2,premium,yes,no,1,85,0
252,2,A,6,premium,yes,no,1,45,0
252,2,B,6,standard,yes,yes,1,30,1
252,2,C,2,standard,yes,yes,4,30,0
252,3,A,2,standard,no,no,2,45,0
252,3,B,6,premium,no,yes,1,45,0
252,3,C,4,standard,no,no,2,45,1
252,4,A,2,premium,yes,no,1,110,0
252,4,B,6,standard,no,no,1,85,0
252,4,C,6,standard,yes,yes,4,85,1
252,5,A,4,standard,no,yes,2,45,1
252,5,B,2,premium,no,no,1,85,0
252,5,C,4,standard,no,no,4,110,0
252,6,A,4,premium,yes,no,4,85,1
252,6,B,2,premium,yes,no,1,45,0
252,6,C,6,standard,no,no,1,65,0
252,7,A,4,standard,yes,yes,2,45,1
252,7,B,2,standard,yes,yes,2,30,0
252,7,C,4,standard,no,no,4,30,0
252,8,A,6,premium,yes,yes,4,45,1
252,8,B,6,premium,no,no,4,30,0
252,8,C,2,premium,yes,yes,4,110,0
253,1,A,4,standard,no,yes,2,65,0
253,1,B,4,premium,no,yes,1,110,0
253,1,C,6,standard,yes,no,2,110,1
253,2,A,4,standard,no,yes,2,65,0
253,2,B,2,premium,yes,no,4,45,0
253,2,C,4,premium,no,yes,4,45,1
253,3,A,6,standard,no,yes,4,30,1
253,3,B,6,premium,yes,no,4,85,0
253,3,C,4,premium,yes,yes,1,85,0
253,4,A,6,standard,yes,yes,2,30,1
253,4,B,2,standard,yes,yes,1,85,0
253,4,C,4,standard,no,no,4,65,0
253,5,A,4,premium,yes,no,4,45,1
253,5,B,4,standard,yes,no,1,85,0
253,5,C,2,premium,yes,yes,4,65,0
253,6,A,6,premium,no,no,1,65,0
253,6,B,4,premium,yes,no,1,110,0
253,6,C,4,standard,yes,no,2,85,1
253,7,A,4,premium,yes,no,2,65,0
253,7,B,6,premium,yes,no,2,65,0
253,7,C,6,premium,no,no,4,30,1
253,8,A,6,premium,no,yes,4,110,0
253,8,B,4,standard,no,no,1,45,0
253,8,C,4,premium,no,no,1,30,1
254,1,A,2,premium,no,no,1,65,0
254,1,B,4,standard,no,no,4,45,1
254,1,C,6,premium,yes,yes,1,85,0
254,2,A,2,premium,no,no,4,45,1
254,2,B,4,standard,no,no,1,45,0
254,2,C,4,standard,no,yes,1,110,0
254,3,A,2,standard,yes,yes,4,85,0
254,3,B,4,premium,yes,yes,2,30,0
254,3,C,6,premium,no,no,2,45,1
254,4,A,6,standard,no,yes,4,30,1
254,4,B,2,premium,yes,no,2,65,0
254,4,C,6,standard,no,yes,1,110,0
254,5,A,2,standard,yes,yes,4,110,0
254,5,B,6,premium,yes,yes,4,30,1
254,5,C,4,premium,no,yes,4,30,0
254,6,A,4,standard,yes,no,4,85,0
254,6,B,2,standard,no,yes,4,65,0
254,6,C,2,premium,no,no,2,110,1
254,7,A,6,premium,no,yes,2,85,0
254,7,B,2,standard,no,no,4,30,1
254,7,C,6,standard,yes,yes,2,110,0
254,8,A,2,standard,yes,no,4,110,1
254,8,B,6,standard,yes,no,1,85,0
254,8,C,6,standard,no,no,4,65,0
255,1,A,2,premium,no,no,2,45,0
255,1,B,6,premium,no,no,2,30,1
255,1,C,2,standard,yes,no,1,30,0
255,2,A,4,standard,yes,no,2,85,0
255,2,B,2,premium,yes,yes,4,30,0
255,2,C,2,standard,yes,yes,2,45,1
255,3,A,2,premium,no,yes,1,85,1
255,3,B,2,standard,yes,yes,2,85,0
255,3,C,4,premium,yes,yes,1,110,0
255,4,A,6,premium,yes,yes,1,45,1
255,4,B,4,premium,no,no,4,85,0
255,4,C,4,standard,yes,no,2,110,0
255,5,A,6,standard,yes,no,4,30,0
255,5,B,4,premium,yes,no,1,30,1
255,5,C,2,premium,no,no,2,45,0
255,6,A,2,premium,yes,no,1,110,0
255,6,B,6,premium,yes,yes,4,110,0
255,6,C,4,premium,no,yes,2,45,1
255,7,A,2,premium,yes,yes,2,110,0
255,7,B,6,premium,no,yes,1,30,1
255,7,C,2,standard,yes,no,1,30,0
255,8,A,2,standard,yes,yes,1,30,1
255,8,B,4,premium,yes,no,2,65,0
255,8,C,4,premium,no,yes,2,65,0
256,1,A,4,premium,yes,no,2,45,1
256,1,B,2,standard,no,no,1,45,0
256,1,C,6,premium,yes,yes,2,110,0
256,2,A,4,standard,yes,no,2,85,0
256,2,B,2,premium,no,no,2,30,1
256,2,C,2,standard,yes,no,1,85,0
256,3,A,4,standard,yes,yes,4,85,1
256,3,B,4,standard,no,yes,1,65,0
256,3,C,4,premium,no,yes,2,110,0
256,4,A,4,premium,no,yes,1,85,0
256,4,B,4,premium,no,no,4,45,1
256,4,C,2,premium,no,yes,2,85,0
256,5,A,2,standard,no,yes,2,65,0
256,5,B,2,standard,no,no,4,110,0
256,5,C,2,premium,yes,no,2,65,1
256,6,A,6,standard,no,no,1,65,0
256,6,B,4,standard,yes,yes,1,85,1
256,6,C,6,standard,no,no,2,85,0
256,7,A,4,premium,yes,no,4,110,0
256,7,B,6,premium,no,no,2,30,1
256,7,C,2,premium,yes,no,2,65,0
256,8,A,2,premium,yes,no,4,65,1
256,8,B,6,premium,no,no,2,85,0
256,8,C,4,premium,no,no,4,110,0
257,1,A,2,standard,yes,no,2,45,0
257,1,B,2,premium,yes,yes,2,30,1
257,1,C,4,premium,no,yes,1,65,0
257,2,A,4,standard,yes,no,1,65,0
257,2,B,2,standard,yes,yes,2,110,0
257,2,C,6,premium,yes,yes,4,85,1
257,3,A,2,standard,yes,no,4,65,0
257,3,B,2,standard,yes,no,2,45,1
257,3,C,4,premium,yes,no,2,65,0
257,4,A,4,standard,yes,no,4,110,0
257,4,B,4,standard,no,yes,4,85,1
257,4,C,2,standard,yes,no,2,65,0
257,5,A,6,standard,no,no,2,65,0
257,5,B,2,standard,no,yes,2,30,0
257,5,C,2,premium,yes,yes,2,65,1
257,6,A,2,standard,yes,no,2,110,0
257,6,B,4,standard,yes,no,2,110,0
257,6,C,4,standard,yes,yes,4,45,1
257,7,A,2,premium,no,yes,4,110,0
257,7,B,2,premium,no,no,2,65,1
257,7,C,4,premium,no,yes,1,110,0
257,8,A,4,standard,no,yes,4,65,1
257,8,B,4,standard,no,yes,2,30,0
257,8,C,6,standard,no,no,2,65,0
258,1,A,6,premium,yes,yes,4,45,1
258,1,B,6,standard,yes,no,1,85,0
258,1,C,4,standard,yes,yes,1,65,0
258,2,A,2,standard,yes,yes,1,85,0
258,2,B,4,standard,yes,yes,2,85,0
258,2,C,2,premium,yes,no,4,30,1
258,3,A,6,premium,no,yes,4,30,1
258,3,B,2,premium,no,no,2,45,0
258,3,C,6,standard,no,yes,4,110,0
258,4,A,6,premium,no,no,2,110,0
258,4,B,6,premium,no,no,2,110,0
258,4,C,2,premium,no,yes,4,110,1
258,5,A,6,premium,yes,no,1,45,1
258,5,B,2,standard,no,no,4,45,0
258,5,C,6,standard,yes,yes,4,65,0
258,6,A,6,standard,yes,yes,2,45,1
258,6,B,4,premium,no,yes,4,30,0
258,6,C,2,premium,yes,no,4,65,0
258,7,A,2,standard,no,yes,4,30,0
258,7,B,6,premium,yes,yes,4,30,1
258,7,C,2,standard,yes,no,1,85,0
258,8,A,4,premium,no,no,4,45,1
258,8,B,4,premium,no,no,4,110,0
258,8,C,6,standard,yes,yes,4,45,0
259,1,A,2,premium,yes,no,2,110,0
259,1,B,2,standard,no,no,4,30,0
259,1,C,2,premium,yes,no,2,30,1
259,2,A,4,premium,yes,no,2,65,1
259,2,B,6,standard,no,yes,2,85,0
259,2,C,2,standard,no,no,1,45,0
259,3,A,4,premium,no,yes,1,110,0
259,3,B,2,premium,no,no,1,85,0
259,3,C,2,standard,yes,no,4,45,1
259,4,A,2,standard,yes,yes,1,65,0
259,4,B,2,standard,yes,no,1,30,0
259,4,C,6,premium,yes,no,1,110,1
259,5,A,4,standard,no,no,1,45,0
259,5,B,6,premium,no,yes,2,45,1
259,5,C,2,premium,no,no,4,110,0
259,6,A,4,standard,no,yes,4,45,0
259,6,B,4,standard,yes,yes,1,45,0
259,6,C,2,standard,no,yes,4,30,1
259,7,A,6,standard,yes,no,1,65,1
259,7,B,4,premium,yes,yes,1,65,0
259,7,C,2,premium,no,no,2,110,0
259,8,A,6,standard,yes,no,1,110,0
259,8,B,6,premium,no,yes,2,45,1
259,8,C,2,premium,yes,no,2,85,0
260,1,A,4,standard,no,yes,4,45,1
260,1,B,2,standard,yes,no,4,45,0
260,1,C,4,standard,no,yes,4,85,0
260,2,A,6,standard,no,no,1,110,1
260,2,B,4,standard,yes,no,1,110,0
260,2,C,6,premium,no,yes,1,110,0
260,3,A,6,standard,yes,no,2,30,0
260,3,B,2,premium,no,yes,1,110,0
260,3,C,6,standard,no,yes,2,30,1
260,4,A,4,standard,no,no,4,30,1
260,4,B,4,premium,no,no,4,110,0
260,4,C,2,standard,yes,yes,2,45,0
260,5,A,4,standard,no,yes,1,45,1
260,5,B,6,premium,yes,yes,4,30,0
260,5,C,4,standard,no,no,1,30,0
260,6,A,2,premium,no,yes,1,30,0
260,6,B,4,premium,no,no,1,30,0
260,6,C,6,premium,no,no,2,30,1
260,7,A,6,premium,yes,yes,1,85,0
260,7,B,6,standard,yes,yes,1,65,1
260,7,C,6,standard,no,no,1,45,0
260,8,A,4,premium,yes,no,1,45,0
260,8,B,4,premium,yes,no,4,85,0
260,8,C,2,premium,yes,yes,1,30,1
261,1,A,6,standard,yes,no,4,85,1
261,1,B,4,premium,yes,yes,2,85,0
261,1,C,6,standard,no,yes,1,110,0
261,2,A,6,premium,yes,no,4,45,0
261,2,B,6,premium,no,yes,4,30,1
261,2,C,2,premium,no,yes,1,45,0
261,3,A,6,premium,no,yes,4,85,0
261,3,B,4,premium,no,no,1,30,0
261,3,C,6,premium,no,yes,4,45,1
261,4,A,6,standard,no,yes,4,30,1
261,4,B,2,premium,no,yes,2,110,0
261,4,C,4,premium,no,no,2,65,0
261,5,A,2,premium,no,yes,1,45,1
261,5,B,2,standard,no,yes,4,30,0
261,5,C,4,standard,no,yes,1,85,0
261,6,A,6,premium,yes,no,4,85,0
261,6,B,4,standard,yes,yes,4,65,0
261,6,C,4,premium,yes,yes,4,45,1
261,7,A,2,premium,no,no,1,30,0
261,7,B,4,premium,yes,no,2,110,0
261,7,C,4,standard,yes,no,1,30,1
261,8,A,4,standard,yes,yes,4,30,1
261,8,B,4,standard,no,yes,2,85,0
261,8,C,6,standard,no,yes,4,65,0
262,1,A,2,standard,no,yes,2,30,1
262,1,B,4,standard,yes,yes,1,110,0
262,1,C,4,standard,no,no,4,85,0
262,2,A,6,premium,yes,no,2,45,1
262,2,B,4,standard,no,no,2,65,0
262,2,C,4,standard,yes,yes,1,45,0
262,3,A,6,standard,yes,no,2,65,0
262,3,B,2,premium,no,yes,2,85,0
262,3,C,2,standard,yes,yes,4,45,1
262,4,A,4,standard,no,no,4,85,0
262,4,B,4,premium,yes,yes,1,65,1
262,4,C,6,standard,yes,yes,2,65,0
262,5,A,4,standard,no,yes,2,110,0
262,5,B,4,premium,yes,no,4,65,1
262,5,C,6,premium,no,no,4,65,0
262,6,A,6,standard,yes,yes,1,45,1
262,6,B,6,standard,no,no,2,110,0
262,6,C,6,premium,yes,yes,2,110,0
262,7,A,4,premium,no,yes,4,45,1
262,7,B,2,premium,yes,no,2,65,0
262,7,C,4,premium,no,yes,1,85,0
262,8,A,4,standard,no,no,2,110,0
262,8,B,4,premium,no,yes,4,65,1
262,8,C,4,standard,no,no,1,110,0
263,1,A,4,standard,no,no,4,85,0
263,1,B,2,standard,no,no,4,30,0
263,1,C,2,standard,yes,yes,2,110,1
263,2,A,2,premium,no,no,4,85,0
263,2,B,2,premium,yes,no,2,45,1
263,2,C,6,standard,yes,no,2,65,0
263,3,A,6,premium,yes,no,4,45,0
263,3,B,4,standard,no,no,2,45,1
263,3,C,2,standard,yes,no,4,110,0
263,4,A,6,premium,no,no,4,30,0
263,4,B,4,standard,no,no,1,110,0
263,4,C,2,premium,yes,yes,2,45,1
263,5,A,4,standard,yes,yes,4,85,0
263,5,B,4,premium,no,yes,4,30,1
263,5,C,4,standard,yes,yes,1,110,0
263,6,A,2,standard,yes,no,4,30,1
263,6,B,2,standard,no,yes,1,85,0
263,6,C,4,standard,no,no,1,65,0
263,7,A,4,premium,no,yes,2,45,0
263,7,B,4,premium,yes,yes,2,30,1
263,7,C,4,premium,no,no,2,65,0
263,8,A,4,premium,no,no,4,65,0
263,8,B,6,premium,no,yes,2,85,0
263,8,C,4,standard,yes,no,1,30,1
264,1,A,2,standard,yes,yes,2,110,1
264,1,B,4,premium,yes,yes,2,65,0
264,1,C,2,standard,no,no,2,30,0
264,2,A,2,standard,no,no,1,85,0
264,2,B,2,premium,no,no,4,85,0
264,2,C,4,premium,yes,yes,4,85,1
264,3,A,2,premium,no,no,4,30,0
264,3,B,2,premium,yes,yes,4,110,0
264,3,C,6,premium,no,yes,1,65,1
264,4,A,2,standard,yes,yes,1,85,0
264,4,B,2,premium,no,no,2,110,0
264,4,C,6,premium,no,yes,1,45,1
264,5,A,6,standard,no,no,1,30,0
264,5,B,6,standard,no,yes,2,65,0
264,5,C,2,premium,yes,no,1,30,1
264,6,A,2,premium,no,yes,1,110,0
264,6,B,4,premium,no,no,4,30,0
264,6,C,2,premium,yes,no,1,30,1
264,7,A,6,premium,yes,yes,4,85,0
264,7,B,4,standard,yes,yes,4,85,0
264,7,C,6,standard,no,yes,4,30,1
264,8,A,2,premium,no,no,2,110,0
264,8,B,6,premium,no,no,4,110,1
264,8,C,4,premium,no,no,1,85,0
265,1,A,6,standard,no,no,2,30,1
265,1,B,4,premium,yes,no,4,110,0
265,1,C,4,standard,yes,no,2,85,0
265,2,A,6,standard,no,no,4,85,0
265,2,B,2,standard,no,yes,4,65,0
265,2,C,4,standard,yes,no,4,65,1
265,3,A,6,standard,no,yes,4,85,0
265,3,B,6,standard,yes,no,1,45,1
265,3,C,2,standard,no,no,2,45,0
265,4,A,2,premium,no,yes,2,30,1
265,4,B,4,standard,no,yes,2,65,0
265,4,C,2,premium,yes,yes,1,85,0
265,5,A,6,standard,yes,no,1,65,0
265,5,B,2,premium,no,no,2,85,0
265,5,C,6,standard,no,yes,4,45,1
265,6,A,2,premium,no,no,1,110,0
265,6,B,4,premium,yes,yes,2,110,1
265,6,C,4,standard,no,yes,1,110,0
265,7,A,6,premium,yes,yes,1,65,0
265,7,B,2,premium,no,no,4,85,0
265,7,C,4,premium,yes,no,4,30,1
265,8,A,2,standard,yes,no,4,45,1
265,8,B,2,standard,yes,no,1,85,0
265,8,C,4,premium,no,yes,1,30,0
266,1,A,6,standard,no,no,2,65,0
266,1,B,2,standard,yes,yes,2,85,0
266,1,C,6,premium,yes,no,1,45,1
266,2,A,4,standard,no,no,2,30,0
266,2,B,6,premium,yes,yes,4,30,1
266,2,C,6,premium,no,yes,4,45,0
266,3,A,2,standard,no,no,2,110,0
266,3,B,6,premium,no,no,1,85,0
266,3,C,2,premium,yes,no,4,30,1
266,4,A,2,standard,yes,no,4,30,0
266,4,B,4,premium,no,no,1,30,0
266,4,C,2,standard,yes,no,2,30,1
266,5,A,2,standard,no,yes,2,85,0
266,5,B,2,premium,no,yes,4,45,1
266,5,C,2,standard,yes,no,1,30,0
266,6,A,6,premium,yes,yes,1,65,1
266,6,B,6,premium,no,no,4,30,0
266,6,C,4,premium,no,yes,2,85,0
266,7,A,6,premium,yes,no,1,30,1
266,7,B,4,standard,yes,yes,1,110,0
266,7,C,4,standard,no,no,2,30,0
266,8,A,4,standard,yes,no,4,110,0
266,8,B,6,premium,yes,no,4,45,1
266,8,C,2,standard,yes,no,1,30,0
267,1,A,6,premium,no,no,4,65,0
267,1,B,4,premium,yes,no,4,85,0
267,1,C,6,standard,yes,no,2,30,1
267,2,A,6,standard,no,yes,2,30,0
267,2,B,2,standard,yes,yes,1,30,1
267,2,C,6,standard,no,yes,1,85,0
267,3,A,6,standard,yes,no,2,45,1
267,3,B,2,standard,no,no,1,65,0
267,3,C,2,standard,no,no,4,45,0
267,4,A,2,standard,no,yes,2,45,0
267,4,B,2,standard,yes,yes,2,85,0
267,4,C,2,premium,yes,yes,4,85,1
267,5,A,6,premium,yes,yes,2,30,0
267,5,B,6,premium,no,yes,2,30,1
267,5,C,2,premium,no,yes,4,65,0
267,6,A,6,premium,yes,yes,2,85,0
267,6,B,6,premium,no,yes,2,30,1
267,6,C,6,premium,yes,yes,2,45,0
267,7,A,4,premium,no,no,4,85,0
267,7,B,6,standard,no,yes,2,85,0
267,7,C,2,premium,no,yes,4,45,1
267,8,A,2,standard,no,yes,1,45,0
267,8,B,4,standard,no,yes,1,30,1
267,8,C,2,standard,no,yes,1,30,0
268,1,A,4,standard,no,yes,1,85,0
268,1,B,2,premium,no,yes,2,65,1
268,1,C,4,standard,yes,yes,2,65,0
268,2,A,2,standard,yes,yes,1,85,0
268,2,B,6,standard,no,yes,2,45,0
268,2,C,4,premium,yes,yes,1,45,1
268,3,A,6,standard,yes,no,4,45,1
268,3,B,2,premium,yes,no,2,85,0
268,3,C,2,premium,yes,yes,1,110,0
268,4,A,2,premium,no,yes,1,30,1
268,4,B,2,premium,no,no,2,110,0
268,4,C,2,standard,yes,no,1,110,0
268,5,A,6,standard,no,no,2,65,0
268,5,B,4,standard,no,no,4,45,0
268,5,C,2,premium,yes,yes,2,65,1
268,6,A,4,standard,no,yes,1,45,1
268,6,B,2,standard,no,yes,1,85,0
268,6,C,6,premium,yes,yes,4,85,0
268,7,A,4,standard,yes,yes,2,30,0
268,7,B,2,standard,no,no,4,110,0
268,7,C,4,premium,no,no,4,45,1
268,8,A,2,standard,no,yes,4,30,1
268,8,B,4,premium,no,no,2,110,0
268,8,C,6,premium,no,yes,4,85,0
269,1,A,6,premium,no,yes,4,45,0
269,1,B,2,premium,no,no,2,30,0
269,1,C,4,standard,no,yes,1,65,1
269,2,A,6,standard,yes,no,1,30,0
269,2,B,6,standard,yes,no,1,85,0
269,2,C,6,premium,no,yes,2,30,1
269,3,A,6,premium,no,no,4,85,1
269,3,B,4,premium,yes,no,2,110,0
269,3,C,6,standard,yes,yes,1,85,0
269,4,A,4,premium,yes,no,4,110,0
269,4,B,2,standard,no,yes,2,45,0
269,4,C,6,premium,yes,yes,4,45,1
269,5,A,6,premium,yes,no,2,110,0
269,5,B,6,premium,yes,yes,2,30,0
269,5,C,6,standard,yes,yes,1,85,1
269,6,A,6,premium,no,yes,4,110,0
269,6,B,6,premium,no,no,1,30,0
269,6,C,2,premium,yes,yes,2,45,1
269,7,A,6,premium,no,yes,1,110,0
269,7,B,2,premium,yes,yes,1,45,1
269,7,C,4,premium,yes,yes,1,65,0
269,8,A,4,premium,no,yes,4,65,1
269,8,B,4,standard,no,no,2,85,0
269,8,C,6,standard,no,yes,2,85,0
270,1,A,4,standard,yes,no,2,30,1
270,1,B,2,premium,no,yes,2,85,0
270,1,C,2,premium,yes,yes,1,45,0
270,2,A,4,premium,yes,yes,4,65,1
270,2,B,2,standard,yes,yes,4,85,0
270,2,C,2,premium,yes,no,2,110,0
270,3,A,6,premium,no,yes,1,30,1
270,3,B,2,standard,yes,yes,4,110,0
270,3,C,6,premium,no,no,4,65,0
270,4,A,4,standard,yes,yes,2,85,0
270,4,B,2,standard,no,no,2,110,0
270,4,C,2,premium,yes,yes,4,65,1
270,5,A,2,standard,no,yes,1,65,0
270,5,B,4,standard,no,yes,2,30,1
270,5,C,4,premium,no,yes,4,85,0
270,6,A,2,premium,no,no,1,45,1
270,6,B,2,premium,no,no,1,110,0
270,6,C,4,premium,no,no,1,110,0
270,7,A,2,standard,yes,yes,2,30,0
270,7,B,4,standard,yes,yes,4,30,1
270,7,C,4,premium,no,no,4,65,0
270,8,A,2,standard,no,yes,1,85,0
270,8,B,2,premium,no,yes,4,85,0
270,8,C,6,standard,no,no,1,65,1
271,1,A,2,premium,yes,no,4,85,0
271,1,B,6,premium,no,no,1,30,0
271,1,C,4,premium,yes,no,1,30,1
271,2,A,2,standard,yes,no,4,110,0
271,2,B,2,standard,yes,no,2,85,0
271,2,C,2,premium,no,no,1,85,1
271,3,A,2,premium,yes,no,2,45,1
271,3,B,6,premium,no,no,1,45,0
271,3,C,2,standard,yes,yes,2,85,0
271,4,A,6,premium,yes,yes,4,30,1
271,4,B,4,standard,yes,no,1,110,0
271,4,C,2,premium,no,no,1,85,0
271,5,A,2,standard,no,yes,1,45,1
271,5,B,2,standard,yes,no,1,65,0
271,5,C,6,standard,no,yes,4,110,0
271,6,A,6,premium,no,yes,4,110,0
271,6,B,2,premium,yes,no,2,110,0
271,6,C,2,premium,yes,yes,1,45,1
271,7,A,6,standard,no,yes,4,65,0
271,7,B,2,standard,no,yes,1,30,1
271,7,C,6,standard,yes,no,1,45,0
271,8,A,2,premium,no,no,4,110,0
271,8,B,4,standard,no,yes,4,85,1
271,8,C,6,premium,yes,no,1,110,0
272,1,A,6,standard,no,no,1,65,0
272,1,B,4,standard,yes,yes,1,30,0
272,1,C,4,standard,no,no,4,30,1
272,2,A,6,standard,no,no,2,65,0
272,2,B,2,standard,yes,yes,1,85,1
272,2,C,6,standard,no,no,4,45,0
272,3,A,6,standard,yes,no,1,110,0
272,3,B,6,premium,yes,no,2,65,1
272,3,C,6,standard,yes,yes,4,65,0
272,4,A,2,premium,no,no,2,65,0
272,4,B,2,standard,no,yes,4,45,1
272,4,C,4,premium,no,no,4,65,0
272,5,A,2,standard,no,no,4,45,0
272,5,B,2,premium,yes,no,1,110,0
272,5,C,2,premium,yes,yes,2,30,1
272,6,A,4,standard,no,no,4,65,0
272,6,B,6,standard,no,no,1,85,1
272,6,C,2,standard,yes,no,1,110,0
272,7,A,6,standard,yes,yes,2,30,1
272,7,B,2,premium,yes,yes,2,45,0
272,7,C,4,premium,no,yes,4,110,0
272,8,A,4,standard,yes,yes,4,45,1
272,8,B,6,standard,yes,no,2,110,0
272,8,C,2,standard,no,no,2,85,0
273,1,A,6,premium,no,yes,4,30,1
273,1,B,6,standard,no,yes,2,45,0
273,1,C,2,premium,no,no,4,110,0
273,2,A,6,premium,no,no,1,65,0
273,2,B,2,standard,yes,no,4,65,1
273,2,C,6,standard,no,yes,2,110,0
273,3,A,2,standard,yes,no,2,65,0
273,3,B,2,premium,yes,no,1,30,1
273,3,C,2,standard,no,no,2,30,0
273,4,A,2,premium,yes,yes,1,30,0
273,4,B,4,standard,no,no,4,85,0
273,4,C,6,premium,no,yes,1,65,1
273,5,A,4,standard,no,no,4,30,1
273,5,B,4,premium,no,yes,4,110,0
273,5,C,4,premium,yes,yes,1,110,0
273,6,A,6,premium,no,yes,1,85,0
273,6,B,2,standard,no,yes,2,45,0
273,6,C,4,premium,yes,yes,1,65,1
273,7,A,6,standard,no,no,1,85,0
273,7,B,4,standard,yes,no,2,110,0
273,7,C,4,standard,yes,yes,4,65,1
273,8,A,6,premium,yes,no,2,110,0
273,8,B,4,standard,yes,yes,2,30,1
273,8,C,4,premium,yes,no,4,110,0
274,1,A,6,standard,yes,yes,4,85,0
274,1,B,2,standard,yes,yes,4,65,1
274,1,C,2,premium,yes,no,2,65,0
274,2,A,4,premium,no,no,1,65,0
274,2,B,4,standard,no,yes,4,30,0
274,2,C,6,premium,yes,no,2,30,1
274,3,A,6,premium,no,yes,1,45,1
274,3,B,6,standard,yes,no,2,65,0
274,3,C,2,standard,no,yes,2,65,0
274,4,A,2,standard,no,no,2,45,0
274,4,B,6,premium,yes,no,4,30,0
274,4,C,4,standard,yes,no,1,45,1
274,5,A,4,premium,yes,no,4,110,0
274,5,B,2,premium,no,no,2,85,0
274,5,C,4,standard,no,no,1,45,1
274,6,A,6,premium,no,no,1,65,0
274,6,B,6,standard,yes,no,2,110,0
274,6,C,2,premium,no,yes,1,85,1
274,7,A,4,premium,yes,no,1,110,0
274,7,B,4,premium,yes,no,2,30,1
274,7,C,6,standard,yes,no,1,110,0
274,8,A,6,standard,no,no,4,110,0
274,8,B,6,premium,no,yes,1,65,1
274,8,C,6,standard,no,no,2,65,0
275,1,A,2,standard,yes,yes,4,65,1
275,1,B,6,premium,yes,no,1,85,0
275,1,C,6,standard,no,no,2,45,0
275,2,A,4,premium,no,no,2,30,0
275,2,B,6,standard,yes,yes,2,45,1
275,2,C,4,standard,no,no,1,85,0
275,3,A,4,premium,yes,no,1,110,0
275,3,B,2,premium,no,yes,4,110,0
275,3,C,2,premium,yes,no,2,85,1
275,4,A,4,premium,yes,yes,1,45,1
275,4,B,6,premium,no,yes,2,110,0
275,4,C,4,standard,yes,no,4,45,0
275,5,A,6,standard,yes,yes,4,45,1
275,5,B,2,standard,yes,yes,1,45,0
275,5,C,4,premium,no,yes,4,45,0
275,6,A,2,premium,yes,no,4,65,0
275,6,B,2,standard,no,no,2,30,1
275,6,C,6,premium,no,no,2,85,0
275,7,A,2,standard,no,yes,2,85,0
275,7,B,4,premium,no,no,2,45,1
275,7,C,6,standard,yes,yes,4,85,0
275,8,A,2,premium,no,yes,4,110,0
275,8,B,4,premium,no,yes,1,65,0
275,8,C,6,premium,no,yes,2,85,1
276,1,A,4,premium,yes,yes,2,85,0
276,1,B,2,standard,no,yes,1,85,0
276,1,C,6,standard,yes,yes,4,85,1
276,2,A,6,premium,no,yes,4,65,0
276,2,B,6,premium,yes,no,1,30,0
276,2,C,6,premium,yes,no,4,30,1
276,3,A,2,standard,yes,yes,2,85,0
276,3,B,2,standard,yes,no,4,65,0
276,3,C,6,premium,no,yes,1,45,1
276,4,A,2,standard,yes,yes,1,110,0
276,4,B,4,standard,yes,no,4,85,0
276,4,C,6,premium,yes,no,2,45,1
276,5,A,4,standard,yes,yes,2,65,0
276,5,B,6,premium,no,no,1,30,1
276,5,C,6,standard,no,no,2,110,0
276,6,A,6,premium,no,yes,4,30,1
276,6,B,6,premium,yes,yes,2,110,0
276,6,C,2,premium,no,yes,2,30,0
276,7,A,6,standard,no,no,1,65,0
276,7,B,4,premium,yes,yes,2,85,0
276,7,C,4,premium,yes,yes,2,65,1
276,8,A,4,standard,no,no,4,85,0
276,8,B,2,premium,no,no,1,30,0
276,8,C,6,standard,no,no,2,30,1
277,1,A,2,premium,no,yes,4,85,0
277,1,B,2,premium,yes,yes,2,65,1
277,1,C,2,standard,no,no,4,85,0
277,2,A,4,premium,yes,yes,4,85,1
277,2,B,2,standard,no,no,4,45,0
277,2,C,6,premium,no,no,4,110,0
277,3,A,4,premium,no,yes,4,85,0
277,3,B,6,premium,yes,no,2,45,1
277,3,C,6,standard,yes,yes,1,85,0
277,4,A,4,standard,yes,no,2,85,0
277,4,B,2,standard,no,yes,4,85,0
277,4,C,2,premium,no,no,2,85,1
277,5,A,4,standard,no,no,2,45,1
277,5,B,4,premium,no,no,1,110,0
277,5,C,6,standard,yes,yes,4,110,0
277,6,A,2,standard,yes,yes,4,110,0
277,6,B,2,premium,no,yes,1,45,1
277,6,C,6,standard,yes,no,1,85,0
277,7,A,2,standard,no,no,1,45,0
277,7,B,2,standard,yes,no,2,45,1
277,7,C,4,standard,no,yes,1,65,0
277,8,A,4,premium,no,no,4,30,0
277,8,B,6,standard,yes,no,4,110,0
277,8,C,6,premium,yes,no,1,30,1
278,1,A,4,premium,yes,yes,4,65,0
278,1,B,2,standard,no,yes,1,45,0
278,1,C,2,premium,no,yes,2,85,1
278,2,A,6,standard,no,yes,2,45,0
278,2,B,2,premium,yes,yes,2,45,0
278,2,C,6,standard,yes,yes,1,30,1
278,3,A,2,premium,yes,yes,4,85,0
278,3,B,2,premium,yes,no,4,110,0
278,3,C,6,premium,yes,yes,1,45,1
278,4,A,4,standard,yes,yes,4,30,1
278,4,B,2,standard,yes,yes,4,110,0
278,4,C,6,standard,no,no,1,110,0
278,5,A,4,premium,yes,yes,1,30,1
278,5,B,6,standard,yes,yes,1,85,0
278,5,C,2,standard,no,yes,1,85,0
278,6,A,4,premium,no,no,2,110,0
278,6,B,4,premium,yes,yes,1,110,0
278,6,C,6,premium,no,yes,1,65,1
278,7,A,6,standard,yes,no,2,30,1
278,7,B,2,premium,no,no,1,45,0
278,7,C,2,premium,yes,yes,2,110,0
278,8,A,2,standard,no,yes,4,30,1
278,8,B,4,premium,no,yes,1,45,0
278,8,C,2,premium,no,no,2,45,0
279,1,A,4,standard,yes,yes,2,45,1
279,1,B,6,standard,no,yes,1,85,0
279,1,C,6,premium,no,yes,1,30,0
279,2,A,2,standard,yes,no,1,85,0
279,2,B,2,standard,yes,yes,2,110,1
279,2,C,6,standard,yes,yes,2,110,0
279,3,A,4,premium,no,yes,1,65,1
279,3,B,4,standard,no,yes,1,30,0
279,3,C,2,premium,yes,yes,1,110,0
279,4,A,2,standard,yes,no,1,65,0
279,4,B,4,standard,no,yes,2,45,0
279,4,C,6,standard,no,yes,1,45,1
279,5,A,6,premium,yes,yes,2,110,1
279,5,B,4,standard,no,no,2,110,0
279,5,C,6,standard,no,yes,4,85,0
279,6,A,2,standard,no,no,2,110,0
279,6,B,6,premium,yes,yes,1,65,0
279,6,C,6,standard,yes,yes,1,45,1
279,7,A,6,premium,yes,yes,2,110,0
279,7,B,2,premium,yes,no,2,85,0
279,7,C,4,premium,yes,yes,2,45,1
279,8,A,6,standard,no,no,1,65,0
279,8,B,4,standard,yes,yes,1,30,1
279,8,C,6,standard,no,no,4,45,0
280,1,A,4,standard,yes,yes,4,30,1
280,1,B,2,standard,yes,no,1,65,0
280,1,C,4,premium,no,yes,1,65,0
280,2,A,4,standard,yes,no,2,30,1
280,2,B,2,premium,no,yes,2,45,0
280,2,C,6,standard,yes,yes,2,45,0
280,3,A,6,standard,yes,yes,4,85,0
280,3,B,2,premium,yes,no,1,30,1
280,3,C,2,premium,no,no,2,45,0
280,4,A,6,standard,no,yes,4,45,0
280,4,B,2,premium,yes,yes,4,45,0
280,4,C,6,premium,yes,yes,2,30,1
280,5,A,4,standard,yes,no,1,45,1
280,5,B,6,standard,no,no,2,110,0
280,5,C,2,standard,no,no,4,45,0
280,6,A,6,standard,yes,no,4,30,0
280,6,B,2,premium,no,no,4,45,1
280,6,C,6,standard,yes,no,4,45,0
280,7,A,4,standard,yes,no,2,110,0
280,7,B,4,premium,yes,yes,4,110,0
280,7,C,4,premium,yes,yes,1,65,1
280,8,A,4,standard,no,yes,2,30,0
280,8,B,6,premium,yes,yes,1,65,0
280,8,C,4,premium,no,yes,2,85,1
281,1,A,2,standard,no,no,1,85,0
281,1,B,6,premium,yes,no,2,110,0
281,1,C,2,standard,yes,yes,1,65,1
281,2,A,6,standard,no,yes,4,110,0
281,2,B,2,premium,no,yes,2,30,1
281,2,C,6,premium,no,yes,2,65,0
281,3,A,2,standard,no,yes,4,85,1
281,3,B,2,standard,yes,yes,4,110,0
281,3,C,6,premium,no,yes,4,110,0
281,4,A,2,standard,no,no,4,85,0
281,4,B,4,premium,no,no,2,65,0
281,4,C,2,standard,yes,yes,2,30,1
281,5,A,4,premium,no,yes,1,65,0
281,5,B,2,premium,no,yes,1,30,1
281,5,C,4,standard,no,yes,2,65,0
281,6,A,4,standard,yes,no,2,45,0
281,6,B,2,standard,yes,yes,4,110,0
281,6,C,6,standard,no,yes,2,45,1
281,7,A,2,premium,no,no,4,45,0
281,7,B,2,premium,yes,yes,1,65,1
281,7,C,4,premium,no,yes,2,85,0
281,8,A,4,premium,no,no,1,45,0
281,8,B,4,standard,yes,no,2,65,1
281,8,C,6,premium,yes,yes,1,110,0
282,1,A,4,premium,no,yes,1,65,0
282,1,B,4,premium,no,no,1,45,1
282,1,C,4,standard,yes,no,1,110,0
282,2,A,4,premium,no,yes,4,45,0
282,2,B,6,standard,yes,yes,1,110,1
282,2,C,2,standard,yes,yes,2,85,0
282,3,A,4,premium,no,no,1,45,0
282,3,B,2,standard,yes,no,4,30,0
282,3,C,6,standard,yes,no,4,85,1
282,4,A,4,standard,yes,yes,1,85,0
282,4,B,6,standard,yes,yes,2,85,0
282,4,C,6,premium,no,yes,2,65,1
282,5,A,2,premium,no,yes,2,85,0
282,5,B,4,standard,no,yes,2,85,0
282,5,C,6,premium,no,no,1,65,1
282,6,A,2,premium,no,no,4,45,0
282,6,B,6,premium,no,yes,2,45,1
282,6,C,4,standard,yes,no,1,85,0
282,7,A,2,premium,yes,no,1,65,1
282,7,B,4,premium,no,no,2,110,0
282,7,C,6,standard,no,no,2,30,0
282,8,A,4,premium,no,yes,4,45,1
282,8,B,2,premium,yes,yes,2,45,0
282,8,C,2,premium,yes,yes,1,65,0
283,1,A,6,premium,yes,yes,2,110,0
283,1,B,6,standard,no,yes,1,65,0
283,1,C,4,premium,yes,no,1,45,1
283,2,A,4,standard,yes,yes,4,110,0
283,2,B,6,standard,yes,no,2,65,1
283,2,C,2,premium,yes,yes,2,110,0
283,3,A,6,premium,yes,yes,2,110,0
283,3,B,4,standard,yes,no,1,30,0
283,3,C,2,premium,no,yes,2,45,1
283,4,A,4,premium,yes,no,1,110,0
283,4,B,4,premium,no,no,1,85,0
283,4,C,6,premium,no,no,1,45,1
283,5,A,2,standard,no,yes,4,85,0
283,5,B,4,standard,no,no,1,65,0
283,5,C,2,premium,yes,no,1,110,1
283,6,A,6,premium,no,yes,2,85,1
283,6,B,4,premium,no,no,1,30,0
283,6,C,4,standard,no,yes,4,110,0
283,7,A,2,premium,no,no,2,110,0
283,7,B,4,premium,yes,yes,4,85,1
283,7,C,2,standard,yes,yes,4,65,0
283,8,A,6,premium,yes,no,1,110,0
283,8,B,4,standard,yes,no,1,30,1
283,8,C,4,standard,no,yes,4,45,0
284,1,A,2,premium,no,no,1,85,0
284,1,B,2,standard,no,yes,1,30,0
284,1,C,4,standard,yes,no,2,30,1
284,2,A,6,standard,no,yes,2,85,0
284,2,B,4,premium,no,no,2,110,0
284,2,C,2,premium,yes,yes,4,45,1
284,3,A,6,premium,no,no,2,45,0
284,3,B,4,premium,yes,no,4,65,1
284,3,C,4,premium,no,no,1,85,0
284,4,A,6,premium,no,no,4,30,1
284,4,B,2,standard,yes,yes,2,65,0
284,4,C,2,standard,yes,no,4,65,0
284,5,A,2,premium,no,yes,2,85,0
284,5,B,2,premium,yes,no,2,85,0
284,5,C,4,premium,no,yes,1,45,1
284,6,A,4,standard,no,no,1,30,1
284,6,B,4,standard,yes,yes,2,65,0
284,6,C,6,standard,no,yes,2,65,0
284,7,A,2,premium,yes,no,1,65,1
284,7,B,2,standard,yes,no,2,85,0
284,7,C,2,standard,no,no,2,30,0
284,8,A,6,premium,yes,yes,4,45,1
284,8,B,4,premium,yes,no,2,45,0
284,8,C,6,premium,yes,yes,4,85,0
285,1,A,2,premium,yes,no,1,45,1
285,1,B,6,standard,no,yes,4,30,0
285,1,C,2,standard,yes,no,4,65,0
285,2,A,4,standard,no,no,4,45,0
285,2,B,4,premium,no,no,4,85,0
285,2,C,2,standard,yes,no,1,45,1
285,3,A,6,premium,yes,no,2,45,1
285,3,B,6,standard,no,no,1,65,0
285,3,C,2,premium,no,yes,2,85,0
285,4,A,2,standard,yes,yes,2,65,0
285,4,B,2,standard,yes,no,4,85,0
285,4,C,6,premium,yes,no,4,45,1
285,5,A,4,premium,no,yes,4,110,1
285,5,B,6,standard,yes,no,1,110,0
285,5,C,4,premium,yes,no,4,110,0
285,6,A,4,premium,yes,yes,4,30,1
285,6,B,6,premium,no,yes,4,65,0
285,6,C,4,standard,yes,yes,1,65,0
285,7,A,2,premium,yes,yes,4,65,1
285,7,B,6,standard,no,yes,2,85,0
285,7,C,4,standard,yes,yes,4,110,0
285,8,A,4,premium,yes,yes,4,85,0
285,8,B,2,standard,yes,no,1,65,0
285,8,C,6,premium,no,yes,4,85,1
286,1,A,6,premium,yes,no,4,110,0
286,1,B,2,premium,no,no,1,65,0
286,1,C,2,premium,no,yes,2,65,1
286,2,A,6,premium,no,yes,4,110,0
286,2,B,4,standard,no,no,1,65,0
286,2,C,4,premium,no,yes,2,45,1
286,3,A,4,premium,yes,no,4,110,0
286,3,B,2,standard,no,yes,2,30,0
286,3,C,2,premium,no,no,2,30,1
286,4,A,2,premium,yes,no,4,65,0
286,4,B,6,premium,yes,no,2,30,0
286,4,C,4,premium,no,yes,2,30,1
286,5,A,4,standard,no,yes,4,45,0
286,5,B,6,standard,no,yes,1,45,0
286,5,C,6,premium,yes,yes,4,65,1
286,6,A,4,standard,yes,no,1,45,1
286,6,B,6,premium,no,no,4,65,0
286,6,C,2,standard,no,no,1,85,0
286,7,A,6,standard,no,yes,2,45,0
286,7,B,2,premium,no,no,2,65,1
286,7,C,2,premium,yes,no,2,65,0
286,8,A,4,standard,no,yes,4,65,1
286,8,B,6,standard,no,no,2,85,0
286,8,C,6,premium,yes,yes,2,65,0
287,1,A,2,standard,no,yes,2,85,0
287,1,B,2,premium,no,yes,2,30,1
287,1,C,2,standard,no,yes,1,110,0
287,2,A,6,standard,yes,yes,1,30,0
287,2,B,2,standard,no,yes,2,30,1
287,2,C,2,standard,no,yes,2,30,0
287,3,A,6,premium,no,yes,4,30,0
287,3,B,2,standard,no,no,1,110,0
287,3,C,2,premium,no,yes,4,30,1
287,4,A,4,standard,yes,no,2,65,1
287,4,B,4,standard,yes,no,2,85,0
287,4,C,2,premium,yes,no,2,65,0
287,5,A,2,premium,yes,yes,2,85,0
287,5,B,4,premium,yes,no,2,30,1
287,5,C,6,premium,yes,yes,1,110,0
287,6,A,4,standard,yes,yes,1,110,0
287,6,B,4,premium,yes,yes,1,65,1
287,6,C,6,standard,yes,no,2,110,0
287,7,A,2,standard,no,yes,2,85,0
287,7,B,2,standard,yes,yes,2,30,0
287,7,C,4,premium,no,no,4,45,1
287,8,A,4,premium,yes,no,1,85,0
287,8,B,4,premium,no,no,1,110,1
287,8,C,4,standard,yes,no,2,65,0
288,1,A,6,premium,no,yes,1,45,1
288,1,B,6,standard,no,no,2,45,0
288,1,C,6,premium,yes,no,4,45,0
288,2,A,6,standard,yes,yes,4,85,0
288,2,B,4,standard,yes,no,4,45,1
288,2,C,4,premium,no,no,4,45,0
288,3,A,4,standard,yes,no,2,85,0
288,3,B,4,premium,no,yes,2,85,1
288,3,C,6,standard,no,no,4,110,0
288,4,A,2,premium,yes,no,2,85,0
288,4,B,4,premium,yes,no,1,110,1
288,4,C,2,premium,no,no,1,65,0
288,5,A,4,standard,no,yes,1,65,0
288,5,B,6,standard,yes,yes,2,30,1
288,5,C,4,standard,yes,no,4,30,0
288,6,A,2,standard,no,no,4,110,0
288,6,B,4,standard,yes,yes,1,30,0
288,6,C,4,standard,yes,no,4,45,1
288,7,A,4,standard,no,yes,1,30,0
288,7,B,4,premium,yes,yes,2,45,1
288,7,C,4,standard,no,no,1,65,0
288,8,A,4,standard,yes,no,2,65,1
288,8,B,6,premium,yes,no,1,85,0
288,8,C,6,standard,yes,yes,1,110,0
289,1,A,4,premium,yes,yes,2,45,1
289,1,B,4,premium,yes,yes,1,65,0
289,1,C,4,premium,no,no,2,65,0
289,2,A,6,premium,yes,no,1,110,1
289,2,B,6,standard,yes,no,4,110,0
289,2,C,6,premium,no,yes,2,85,0
289,3,A,6,standard,no,yes,4,30,1
289,3,B,6,standard,yes,yes,4,110,0
289,3,C,2,standard,no,no,2,30,0
289,4,A,4,standard,no,yes,2,85,0
289,4,B,4,standard,yes,yes,1,65,0
289,4,C,6,standard,yes,yes,1,30,1
289,5,A,2,standard,yes,no,4,110,0
289,5,B,6,premium,yes,yes,4,45,1
289,5,C,4,premium,yes,no,1,45,0
289,6,A,4,standard,no,yes,4,110,0
289,6,B,6,standard,no,yes,1,110,1
289,6,C,2,standard,no,yes,2,110,0
289,7,A,2,premium,no,yes,2,30,1
289,7,B,4,standard,yes,yes,4,65,0
289,7,C,2,premium,no,no,1,110,0
289,8,A,2,standard,yes,no,4,110,0
289,8,B,6,premium,yes,yes,1,65,1
289,8,C,6,premium,no,yes,1,65,0
290,1,A,4,premium,yes,no,1,45,1
290,1,B,4,standard,no,no,2,110,0
290,1,C,4,premium,no,no,2,30,0
290,2,A,4,standard,no,yes,4,65,0
290,2,B,4,premium,yes,no,1,45,1
290,2,C,2,premium,yes,yes,4,85,0
290,3,A,6,standard,yes,no,4,65,0
290,3,B,2,standard,yes,no,1,30,1
290,3,C,2,standard,yes,yes,2,110,0
290,4,A,2,standard,no,yes,2,30,1
290,4,B,4,premium,yes,no,1,85,0
290,4,C,6,premium,yes,no,1,65,0
290,5,A,6,standard,no,yes,1,45,0
290,5,B,4,premium,no,yes,4,30,0
290,5,C,6,premium,yes,yes,1,45,1
290,6,A,4,premium,no,yes,4,85,0
290,6,B,4,standard,yes,yes,1,65,0
290,6,C,6,premium,no,no,4,65,1
290,7,A,2,premium,yes,no,4,45,1
290,7,B,2,standard,yes,yes,4,110,0
290,7,C,2,premium,no,yes,4,110,0
290,8,A,2,standard,no,yes,1,110,0
290,8,B,2,premium,no,yes,1,85,1
290,8,C,6,standard,no,no,4,110,0
291,1,A,6,premium,no,yes,4,65,1
291,1,B,4,premium,yes,no,2,110,0
291,1,C,6,premium,yes,yes,1,110,0
291,2,A,4,premium,yes,no,2,85,1
291,2,B,4,standard,yes,yes,4,65,0
291,2,C,2,standard,yes,no,2,85,0
291,3,A,6,standard,no,no,4,45,0
291,3,B,6,premium,no,yes,1,45,1
291,3,C,2,standard,yes,yes,2,65,0
291,4,A,6,standard,no,yes,1,65,0
291,4,B,2,standard,no,yes,1,45,0
291,4,C,6,standard,yes,no,2,85,1
291,5,A,2,standard,yes,no,2,65,0
291,5,B,6,standard,no,yes,4,85,0
291,5,C,6,premium,yes,yes,2,65,1
291,6,A,6,premium,yes,no,2,65,1
291,6,B,4,premium,no,no,2,30,0
291,6,C,2,premium,yes,no,1,65,0
291,7,A,2,premium,yes,yes,4,65,0
291,7,B,4,premium,yes,yes,4,30,1
291,7,C,4,premium,no,no,1,45,0
291,8,A,6,standard,no,no,2,30,0
291,8,B,2,standard,no,no,1,65,0
291,8,C,6,premium,yes,no,1,30,1
292,1,A,2,standard,yes,no,2,45,0
292,1,B,4,standard,yes,yes,2,45,1
292,1,C,4,standard,no,no,1,30,0
292,2,A,4,premium,yes,no,4,65,0
292,2,B,4,standard,yes,yes,2,85,0
292,2,C,6,standard,no,yes,1,30,1
292,3,A,4,standard,no,yes,4,45,0
292,3,B,4,standard,no,no,4,30,1
292,3,C,4,standard,yes,no,2,45,0
292,4,A,6,premium,yes,no,4,85,0
292,4,B,6,premium,yes,yes,2,85,0
292,4,C,2,premium,no,yes,4,30,1
292,5,A,4,standard,yes,yes,2,85,0
292,5,B,6,premium,no,yes,4,85,0
292,5,C,2,premium,no,yes,4,30,1
292,6,A,6,standard,no,no,2,45,1
292,6,B,4,standard,no,yes,2,110,0
292,6,C,4,premium,no,no,2,110,0
292,7,A,6,premium,no,no,4,30,0
292,7,B,6,premium,no,yes,4,45,1
292,7,C,4,premium,no,yes,4,65,0
292,8,A,4,premium,no,yes,2,30,0
292,8,B,4,standard,no,no,1,85,0
292,8,C,6,standard,yes,no,4,65,1
293,1,A,4,premium,yes,yes,2,30,0
293,1,B,4,standard,yes,yes,4,45,0
293,1,C,6,premium,yes,yes,1,30,1
293,2,A,2,standard,yes,yes,4,110,0
293,2,B,6,standard,no,no,1,110,0
293,2,C,2,standard,yes,no,2,30,1
293,3,A,2,standard,yes,yes,1,85,0
293,3,B,4,standard,yes,no,2,65,1
293,3,C,2,standard,no,no,1,110,0
293,4,A,4,premium,no,yes,2,110,1
293,4,B,2,premium,no,no,1,30,0
293,4,C,4,premium,no,no,1,85,0
293,5,A,2,standard,yes,yes,2,110,0
293,5,B,2,premium,yes,yes,2,65,1
293,5,C,6,standard,no,no,2,65,0
293,6,A,2,standard,no,no,1,45,0
293,6,B,2,standard,no,yes,4,45,0
293,6,C,2,premium,no,yes,2,65,1
293,7,A,2,standard,yes,no,1,65,0
293,7,B,2,standard,yes,yes,4,65,0
293,7,C,6,standard,no,no,1,30,1
293,8,A,6,standard,yes,yes,1,45,0
293,8,B,4,premium,no,yes,2,65,0
293,8,C,6,standard,yes,yes,2,30,1
294,1,A,2,standard,yes,yes,2,65,0
294,1,B,4,standard,yes,yes,4,45,1
294,1,C,2,premium,yes,yes,2,45,0
294,2,A,4,standard,yes,no,2,85,0
294,2,B,2,standard,yes,no,1,85,0
294,2,C,2,premium,no,yes,4,45,1
294,3,A,2,premium,yes,no,1,65,1
294,3,B,2,premium,no,no,1,110,0
294,3,C,2,standard,yes,no,1,30,0
294,4,A,2,premium,no,no,2,65,0
294,4,B,6,standard,no,no,2,30,1
294,4,C,4,standard,no,no,4,85,0
294,5,A,6,premium,no,yes,4,30,1
294,5,B,6,premium,yes,yes,2,30,0
294,5,C,6,standard,no,yes,1,65,0
294,6,A,2,premium,yes,yes,4,110,0
294,6,B,6,premium,no,yes,4,45,0
294,6,C,4,premium,yes,no,2,45,1
294,7,A,4,standard,no,no,2,85,0
294,7,B,2,standard,no,no,4,65,0
294,7,C,6,premium,yes,yes,1,110,1
294,8,A,6,standard,no,no,2,85,0
294,8,B,4,standard,yes,yes,2,45,1
294,8,C,2,standard,no,yes,1,65,0
295,1,A,6,standard,no,no,2,110,0
295,1,B,4,standard,yes,no,4,45,0
295,1,C,6,premium,yes,yes,1,45,1
295,2,A,4,premium,yes,yes,4,110,0
295,2,B,2,premium,yes,no,4,30,0
295,2,C,6,standard,no,yes,2,45,1
295,3,A,4,premium,yes,no,1,45,1
295,3,B,4,premium,no,no,2,45,0
295,3,C,6,premium,yes,yes,2,110,0
295,4,A,2,standard,no,yes,2,30,0
295,4,B,4,premium,yes,no,1,65,0
295,4,C,6,standard,yes,no,2,45,1
295,5,A,2,standard,yes,yes,4,85,1
295,5,B,2,standard,yes,yes,2,110,0
295,5,C,2,premium,no,yes,4,65,0
295,6,A,6,standard,yes,no,4,85,1
295,6,B,6,premium,no,yes,1,110,0
295,6,C,6,standard,no,no,4,85,0
295,7,A,6,standard,yes,yes,1,110,0
295,7,B,4,standard,yes,yes,1,30,1
295,7,C,6,standard,no,no,4,65,0
295,8,A,6,standard,no,yes,1,45,1
295,8,B,2,premium,yes,no,4,85,0
295,8,C,6,premium,no,no,4,65,0
296,1,A,4,premium,no,no,4,30,0
296,1,B,6,premium,no,yes,2,45,1
296,1,C,2,premium,yes,yes,1,110,0
296,2,A,6,premium,yes,yes,1,85,0
296,2,B,6,premium,yes,no,4,85,1
296,2,C,4,standard,yes,yes,4,85,0
296,3,A,2,standard,yes,no,1,30,0
296,3,B,4,standard,yes,no,4,45,1
296,3,C,6,standard,no,no,1,65,0
296,4,A,2,standard,no,no,2,85,0
296,4,B,4,premium,yes,no,2,65,1
296,4,C,2,standard,yes,no,4,110,0
296,5,A,2,premium,no,no,2,85,1
296,5,B,6,premium,no,no,1,85,0
296,5,C,6,standard,no,no,2,85,0
296,6,A,6,premium,no,yes,1,85,1
296,6,B,4,premium,yes,no,4,65,0
296,6,C,4,standard,yes,no,2,85,0
296,7,A,6,premium,yes,no,1,85,1
296,7,B,6,premium,no,no,1,110,0
296,7,C,2,premium,yes,no,4,85,0
296,8,A,2,premium,yes,no,1,85,0
296,8,B,4,premium,yes,yes,1,85,0
296,8,C,2,premium,no,yes,4,30,1
297,1,A,6,premium,yes,no,1,65,1
297,1,B,2,standard,yes,yes,2,45,0
297,1,C,2,standard,no,yes,4,65,0
297,2,A,6,premium,yes,no,1,45,1
297,2,B,2,premium,yes,yes,4,110,0
297,2,C,4,standard,yes,yes,2,110,0
297,3,A,2,premium,no,no,2,110,0
297,3,B,2,premium,no,no,1,85,0
297,3,C,4,standard,yes,no,4,65,1
297,4,A,2,standard,no,no,2,30,0
297,4,B,4,standard,no,yes,2,45,1
297,4,C,4,premium,no,no,4,65,0
297,5,A,4,standard,yes,no,4,65,0
297,5,B,4,premium,no,no,4,30,1
297,5,C,4,standard,no,yes,2,110,0
297,6,A,6,premium,no,no,1,85,0
297,6,B,2,premium,no,no,2,85,0
297,6,C,4,premium,yes,no,2,45,1
297,7,A,4,premium,yes,yes,1,65,0
297,7,B,4,standard,yes,no,1,85,1
297,7,C,4,standard,no,no,1,85,0
297,8,A,6,standard,no,yes,4,85,1
297,8,B,4,premium,no,no,2,65,0
297,8,C,6,standard,yes,no,2,110,0
298,1,A,2,premium,no,yes,4,65,0
298,1,B,6,premium,no,yes,2,110,1
298,1,C,4,premium,no,no,1,110,0
298,2,A,4,standard,no,yes,1,30,0
298,2,B,6,premium,no,no,2,45,0
298,2,C,6,premium,yes,yes,4,45,1
298,3,A,6,standard,no,yes,2,45,0
298,3,B,4,standard,yes,no,1,30,1
298,3,C,6,premium,no,yes,4,65,0
298,4,A,6,premium,yes,yes,2,30,1
298,4,B,6,standard,yes,yes,4,85,0
298,4,C,4,standard,no,no,4,85,0
298,5,A,2,standard,yes,yes,1,85,0
298,5,B,6,standard,no,no,1,65,0
298,5,C,6,premium,yes,yes,4,30,1
298,6,A,4,standard,yes,yes,1,45,1
298,6,B,4,premium,no,yes,4,65,0
298,6,C,2,standard,yes,no,4,110,0
298,7,A,4,premium,no,no,4,85,0
298,7,B,2,standard,yes,yes,4,110,1
298,7,C,4,premium,no,yes,2,85,0
298,8,A,6,standard,yes,no,1,65,0
298,8,B,2,standard,no,no,2,85,0
298,8,C,2,premium,yes,no,2,45,1
299,1,A,2,standard,yes,yes,2,30,1
299,1,B,2,premium,no,no,1,45,0
299,1,C,6,premium,yes,yes,4,30,0
299,2,A,2,premium,yes,no,1,65,0
299,2,B,4,standard,no,yes,4,30,1
299,2,C,2,standard,no,yes,4,45,0
299,3,A,6,standard,no,yes,2,85,0
299,3,B,4,premium,yes,yes,4,45,1
299,3,C,6,standard,no,no,1,85,0
299,4,A,2,standard,no,no,1,65,0
299,4,B,4,standard,no,no,2,45,0
299,4,C,6,premium,yes,yes,4,30,1
299,5,A,4,premium,no,yes,1,110,0
299,5,B,4,premium,yes,yes,1,85,1
299,5,C,4,premium,yes,no,4,85,0
299,6,A,6,standard,no,no,4,30,1
299,6,B,6,standard,no,no,4,110,0
299,6,C,4,premium,yes,yes,4,110,0
299,7,A,6,premium,no,no,1,30,0
299,7,B,6,standard,yes,yes,2,30,1
299,7,C,2,standard,no,yes,1,30,0
299,8,A,6,standard,no,no,2,110,0
299,8,B,6,premium,yes,no,4,110,0
299,8,C,4,standard,yes,no,1,30,1
300,1,A,4,standard,no,yes,2,110,0
300,1,B,4,standard,yes,no,2,85,0
300,1,C,2,standard,no,no,1,85,1
300,2,A,6,standard,yes,yes,2,85,0
300,2,B,6,standard,no,no,2,30,1
300,2,C,6,standard,yes,yes,1,30,0
300,3,A,6,premium,yes,yes,4,30,1
300,3,B,6,standard,no,no,1,45,0
300,3,C,2,premium,no,no,4,65,0
300,4,A,6,premium,no,no,4,30,1
300,4,B,4,standard,no,yes,2,30,0
300,4,C,2,premium,no,no,4,110,0
300,5,A,2,standard,yes,yes,2,110,0
300,5,B,4,premium,no,yes,1,30,1
300,5,C,6,premium,no,yes,1,85,0
300,6,A,4,standard,yes,no,2,30,1
300,6,B,6,standard,no,yes,4,65,0
300,6,C,2,standard,yes,yes,1,110,0
300,7,A,4,standard,no,no,1,30,0
300,7,B,4,premium,yes,no,4,45,1
300,7,C,4,premium,no,no,4,45,0
300,8,A,6,standard,no,no,2,110,0
300,8,B,6,premium,no,no,4,110,1
300,8,C,4,standard,no,no,2,65,0
301,1,A,2,standard,yes,no,2,30,0
301,1,B,4,premium,yes,no,2,110,0
301,1,C,6,standard,no,yes,4,45,1
301,2,A,6,standard,yes,no,2,65,1
301,2,B,6,premium,no,no,4,85,0
301,2,C,6,premium,no,yes,4,65,0
301,3,A,2,premium,yes,yes,1,85,0
301,3,B,6,premium,no,no,2,45,0
301,3,C,4,premium,no,yes,1,30,1
301,4,A,2,premium,no,no,2,30,0
301,4,B,6,premium,yes,yes,4,65,1
301,4,C,2,standard,no,no,4,45,0
301,5,A,4,premium,yes,no,4,30,1
301,5,B,6,premium,no,no,1,110,0
301,5,C,2,standard,no,no,1,65,0
301,6,A,4,standard,no,yes,2,65,1
301,6,B,4,premium,yes,yes,4,85,0
301,6,C,2,premium,no,no,2,30,0
301,7,A,6,premium,no,no,1,30,0
301,7,B,2,premium,yes,yes,1,65,1
301,7,C,6,premium,no,yes,2,45,0
301,8,A,2,standard,no,yes,1,65,0
301,8,B,2,standard,no,yes,2,45,0
301,8,C,4,premium,yes,yes,1,30,1
302,1,A,2,standard,no,no,2,45,0
302,1,B,6,premium,no,yes,1,65,1
302,1,C,6,premium,yes,no,1,85,0
302,2,A,4,standard,no,no,1,30,0
302,2,B,6,standard,yes,no,4,30,0
302,2,C,6,standard,yes,no,1,30,1
302,3,A,2,standard,yes,no,4,65,0
302,3,B,6,standard,yes,no,4,45,1
302,3,C,6,standard,no,yes,2,65,0
302,4,A,6,premium,no,yes,1,110,1
302,4,B,2,premium,no,no,1,85,0
302,4,C,4,standard,no,yes,2,65,0
302,5,A,2,premium,yes,no,2,30,0
302,5,B,4,standard,no,yes,1,85,0
302,5,C,4,premium,yes,no,4,65,1
302,6,A,4,premium,no,no,4,30,0
302,6,B,6,premium,no,no,2,65,1
302,6,C,4,premium,no,yes,1,85,0
302,7,A,4,premium,no,no,4,85,1
302,7,B,2,premium,no,yes,1,30,0
302,7,C,6,standard,no,yes,1,110,0
302,8,A,6,standard,yes,yes,4,65,0
302,8,B,2,premium,no,yes,1,65,0
302,8,C,6,premium,yes,no,2,30,1
303,1,A,2,standard,yes,yes,4,30,0
303,1,B,4,premium,no,no,1,110,0
303,1,C,4,premium,yes,yes,2,85,1
303,2,A,4,premium,no,yes,4,110,0
303,2,B,2,premium,no,yes,1,65,1
303,2,C,4,premium,no,no,2,85,0
303,3,A,2,premium,yes,yes,1,30,0
303,3,B,6,standard,no,yes,1,110,0
303,3,C,2,premium,yes,yes,1,30,1
303,4,A,4,standard,yes,no,1,45,1
303,4,B,6,standard,no,yes,1,65,0
303,4,C,2,premium,yes,no,4,110,0
303,5,A,2,premium,yes,yes,2,85,1
303,5,B,6,standard,no,no,1,110,0
303,5,C,4,standard,no,yes,2,110,0
303,6,A,6,standard,yes,yes,4,110,0
303,6,B,2,standard,no,yes,4,30,1
303,6,C,6,standard,yes,no,4,110,0
303,7,A,4,standard,no,no,2,45,1
303,7,B,4,premium,no,yes,2,45,0
303,7,C,4,premium,yes,yes,1,110,0
303,8,A,4,standard,yes,yes,1,45,0
303,8,B,4,premium,no,yes,4,65,0
303,8,C,2,standard,no,yes,2,30,1
304,1,A,2,premium,yes,yes,4,110,0
304,1,B,2,standard,no,no,4,30,0
304,1,C,4,premium,yes,no,1,30,1
304,2,A,4,premium,no,no,2,85,0
304,2,B,2,premium,no,yes,4,85,0
304,2,C,6,standard,yes,no,4,30,1
304,3,A,2,premium,yes,no,2,110,0
304,3,B,6,premium,yes,yes,2,30,0
304,3,C,4,premium,yes,yes,1,45,1
304,4,A,4,standard,yes,no,1,65,0
304,4,B,4,premium,no,yes,1,30,0
304,4,C,4,premium,yes,yes,1,65,1
304,5,A,4,standard,no,yes,1,45,0
304,5,B,2,standard,yes,yes,4,110,0
304,5,C,6,premium,yes,no,4,85,1
304,6,A,2,standard,yes,yes,4,110,0
304,6,B,4,premium,no,no,2,45,0
304,6,C,6,premium,no,no,2,30,1
304,7,A,2,standard,yes,yes,2,85,0
304,7,B,6,premium,no,no,2,30,0
304,7,C,4,standard,yes,yes,4,85,1
304,8,A,4,standard,no,no,4,110,0
304,8,B,2,standard,no,no,1,65,1
304,8,C,4,premium,no,yes,1,30,0
305,1,A,4,premium,no,no,1,65,1
305,1,B,6,standard,no,no,4,85,0
305,1,C,2,standard,yes,no,1,85,0
305,2,A,2,standard,yes,no,4,65,1
305,2,B,2,premium,no,no,1,110,0
305,2,C,4,premium,yes,no,2,85,0
305,3,A,2,premium,yes,yes,4,30,1
305,3,B,6,premium,no,no,2,45,0
305,3,C,6,standard,no,yes,4,110,0
305,4,A,2,standard,no,yes,2,30,1
305,4,B,6,premium,no,yes,4,110,0
305,4,C,4,standard,yes,no,2,110,0
305,5,A,4,premium,no,no,2,30,0
305,5,B,6,standard,no,no,4,110,0
305,5,C,2,standard,yes,no,4,30,1
305,6,A,2,premium,yes,no,2,85,0
305,6,B,4,standard,yes,yes,1,30,1
305,6,C,2,standard,no,no,1,85,0
305,7,A,2,standard,no,yes,2,110,0
305,7,B,2,standard,no,no,1,85,0
305,7,C,4,premium,yes,yes,4,65,1
305,8,A,2,premium,no,yes,4,110,0
305,8,B,4,premium,yes,no,4,110,0
305,8,C,2,standard,yes,no,2,45,1
306,1,A,6,standard,no,no,4,45,0
306,1,B,6,premium,yes,yes,1,85,0
306,1,C,2,premium,no,yes,2,45,1
306,2,A,4,premium,no,no,1,110,0
306,2,B,6,standard,no,yes,2,45,0
306,2,C,6,premium,yes,yes,2,30,1
306,3,A,4,standard,no,yes,4,85,0
306,3,B,4,standard,yes,no,4,30,0
306,3,C,6,premium,no,no,2,45,1
306,4,A,6,premium,no,no,4,110,1
306,4,B,4,standard,no,yes,4,110,0
306,4,C,6,standard,no,no,2,110,0
306,5,A,2,standard,no,no,1,45,0
306,5,B,6,premium,no,no,1,85,0
306,5,C,6,premium,yes,yes,4,30,1
306,6,A,2,standard,yes,yes,1,45,1
306,6,B,4,standard,no,yes,2,85,0
306,6,C,2,standard,no,no,2,45,0
306,7,A,6,premium,yes,yes,4,45,1
306,7,B,2,standard,yes,yes,4,65,0
306,7,C,4,premium,no,yes,2,85,0
306,8,A,2,premium,yes,no,2,65,0
306,8,B,4,standard,yes,yes,4,30,1
306,8,C,6,premium,no,no,4,65,0
307,1,A,2,standard,no,yes,2,110,0
307,1,B,4,standard,yes,yes,4,110,0
307,1,C,2,premium,yes,no,2,65,1
307,2,A,6,premium,no,no,1,65,0
307,2,B,6,premium,yes,yes,4,85,0
307,2,C,4,premium,yes,yes,1,110,1
307,3,A,2,standard,no,no,2,85,0
307,3,B,6,premium,yes,yes,2,110,1
307,3,C,6,premium,no,yes,4,65,0
307,4,A,4,premium,no,no,4,85,0
307,4,B,2,premium,no,yes,1,110,0
307,4,C,2,standard,yes,yes,2,30,1
307,5,A,2,premium,no,no,4,85,0
307,5,B,4,premium,yes,yes,4,45,1
307,5,C,4,standard,yes,no,4,110,0
307,6,A,6,standard,yes,yes,4,110,0
307,6,B,4,standard,yes,no,1,45,0
307,6,C,2,premium,yes,no,1,30,1
307,7,A,2,premium,no,yes,1,110,0
307,7,B,6,premium,no,yes,1,30,1
307,7,C,6,standard,no,no,2,65,0
307,8,A,4,premium,no,yes,2,85,1
307,8,B,2,standard,yes,yes,2,65,0
307,8,C,4,premium,no,yes,1,110,0
308,1,A,4,standard,yes,yes,4,65,0
308,1,B,2,standard,yes,no,2,30,1
308,1,C,4,standard,yes,yes,2,45,0
308,2,A,2,premium,yes,yes,1,65,0
308,2,B,6,premium,no,no,2,30,1
308,2,C,2,premium,yes,no,2,85,0
308,3,A,4,standard,no,no,1,30,0
308,3,B,2,premium,no,yes,1,85,0
308,3,C,2,premium,no,no,2,30,1
308,4,A,2,premium,no,no,1,30,1
308,4,B,6,standard,yes,no,1,85,0
308,4,C,6,standard,yes,yes,4,65,0
308,5,A,2,premium,yes,yes,2,110,0
308,5,B,4,standard,yes,yes,1,85,0
308,5,C,2,premium,yes,no,4,110,1
308,6,A,4,standard,no,no,4,110,0
308,6,B,4,standard,no,yes,1,30,1
308,6,C,2,standard,no,no,1,85,0
308,7,A,4,premium,yes,yes,1,85,0
308,7,B,2,premium,yes,no,2,65,0
308,7,C,2,premium,yes,no,1,30,1
308,8,A,4,premium,no,no,2,65,0
308,8,B,4,premium,no,no,1,65,0
308,8,C,6,premium,no,no,4,30,1
309,1,A,6,premium,yes,yes,2,65,0
309,1,B,4,standard,yes,no,1,65,1
309,1,C,2,premium,yes,yes,2,110,0
309,2,A,4,standard,no,yes,1,110,0
309,2,B,6,premium,no,yes,4,45,0
309,2,C,4,premium,yes,no,4,65,1
309,3,A,4,premium,yes,yes,4,45,1
309,3,B,4,premium,no,yes,4,110,0
309,3,C,6,standard,no,yes,4,65,0
309,4,A,4,standard,yes,yes,1,45,1
309,4,B,2,standard,no,yes,4,30,0
309,4,C,6,standard,no,no,4,45,0
309,5,A,6,standard,yes,no,1,110,0
309,5,B,4,standard,no,no,4,30,0
309,5,C,6,premium,no,yes,2,45,1
309,6,A,4,standard,yes,yes,1,45,1
309,6,B,4,standard,yes,yes,1,85,0
309,6,C,4,standard,yes,no,4,65,0
309,7,A,4,standard,no,no,1,45,0
309,7,B,2,premium,no,yes,2,110,0
309,7,C,4,premium,no,yes,2,30,1
309,8,A,6,premium,yes,no,1,110,0
309,8,B,2,premium,no,yes,2,65,0
309,8,C,6,standard,yes,yes,2,30,1
310,1,A,6,premium,no,yes,2,110,0
310,1,B,2,premium,no,yes,1,110,0
310,1,C,2,premium,yes,yes,2,110,1
310,2,A,6,premium,yes,yes,1,85,0
310,2,B,4,premium,no,no,4,45,1
310,2,C,2,standard,yes,no,2,65,0
310,3,A,6,premium,no,yes,4,30,0
310,3,B,2,standard,yes,no,1,30,0
310,3,C,6,standard,no,yes,2,30,1
310,4,A,2,premium,yes,yes,4,45,0
310,4,B,6,premium,yes,yes,4,65,1
310,4,C,6,premium,yes,no,1,65,0
310,5,A,2,premium,yes,yes,2,85,0
310,5,B,6,standard,no,no,1,65,1
310,5,C,2,standard,yes,yes,4,85,0
310,6,A,4,standard,yes,yes,1,30,0
310,6,B,6,standard,yes,yes,4,45,1
310,6,C,6,premium,yes,no,2,45,0
310,7,A,2,premium,no,no,2,45,0
310,7,B,2,standard,yes,yes,1,85,0
310,7,C,6,premium,yes,yes,2,45,1
310,8,A,6,premium,yes,yes,4,110,1
310,8,B,6,standard,no,yes,4,110,0
310,8,C,4,standard,yes,yes,4,45,0
311,1,A,6,standard,no,no,1,65,0
311,1,B,2,standard,yes,yes,2,85,0
311,1,C,4,standard,no,yes,2,30,1
311,2,A,2,standard,yes,yes,4,45,1
311,2,B,2,standard,yes,yes,2,45,0
311,2,C,2,standard,yes,no,4,85,0
311,3,A,2,premium,no,yes,2,85,0
311,3,B,4,premium,no,no,4,65,1
311,3,C,2,standard,no,no,4,65,0
311,4,A,4,premium,no,no,2,65,0
311,4,B,6,premium,no,no,2,45,1
311,4,C,2,premium,no,yes,4,45,0
311,5,A,6,standard,no,yes,2,85,0
311,5,B,6,standard,no,yes,1,85,1
311,5,C,4,standard,yes,yes,1,85,0
311,6,A,4,standard,yes,no,4,110,0
311,6,B,2,premium,no,yes,1,30,1
311,6,C,2,standard,yes,yes,1,85,0
311,7,A,4,standard,yes,no,1,110,0
311,7,B,6,standard,yes,yes,1,65,0
311,7,C,2,premium,yes,no,2,30,1
311,8,A,4,standard,no,yes,2,45,0
311,8,B,4,standard,no,no,4,45,1
311,8,C,4,standard,yes,no,1,45,0
312,1,A,4,premium,no,no,1,85,0
312,1,B,2,standard,yes,no,1,85,0
312,1,C,2,premium,no,no,2,110,1
312,2,A,4,premium,no,yes,2,85,0
312,2,B,2,premium,yes,yes,4,45,0
312,2,C,4,premium,yes,yes,2,65,1
312,3,A,4,premium,no,no,1,45,1
312,3,B,6,standard,yes,no,2,110,0
312,3,C,6,standard,no,no,4,85,0
312,4,A,6,premium,no,yes,1,65,0
312,4,B,2,standard,no,no,1,85,0
312,4,C,4,premium,yes,yes,4,85,1
312,5,A,2,premium,yes,no,1,110,0
312,5,B,6,standard,no,no,4,85,0
312,5,C,2,standard,yes,yes,4,45,1
312,6,A,6,premium,no,no,4,65,0
312,6,B,6,standard,no,no,1,85,1
312,6,C,2,premium,no,yes,4,110,0
312,7,A,2,premium,yes,yes,2,65,1
312,7,B,2,standard,no,yes,1,85,0
312,7,C,2,standard,no,yes,1,65,0
312,8,A,2,standard,yes,no,1,110,0
312,8,B,6,standard,no,yes,2,85,0
312,8,C,2,premium,yes,no,2,30,1
313,1,A,6,standard,no,yes,1,110,0
313,1,B,4,premium,no,no,1,85,0
313,1,C,4,standard,no,yes,2,45,1
313,2,A,6,standard,yes,yes,2,65,0
313,2,B,2,premium,yes,no,1,45,0
313,2,C,6,premium,no,yes,4,30,1
313,3,A,2,standard,yes,yes,1,30,1
313,3,B,6,standard,yes,no,1,45,0
313,3,C,2,standard,no,yes,2,85,0
313,4,A,4,premium,no,yes,4,45,0
313,4,B,2,premium,no,no,4,45,0
313,4,C,4,premium,no,yes,2,65,1
313,5,A,2,standard,yes,no,1,110,0
313,5,B,2,standard,no,no,2,65,0
313,5,C,6,standard,no,yes,4,45,1
313,6,A,4,premium,no,no,2,65,0
313,6,B,2,premium,no,no,2,30,1
313,6,C,4,premium,yes,yes,4,85,0
313,7,A,2,standard,no,yes,4,85,0
313,7,B,2,premium,yes,no,1,110,1
313,7,C,2,premium,no,yes,2,85,0
313,8,A,4,standard,yes,no,1,45,0
313,8,B,6,premium,yes,yes,4,85,1
313,8,C,2,standard,no,no,4,30,0
314,1,A,4,standard,yes,yes,4,65,0
314,1,B,6,premium,no,yes,2,85,1
314,1,C,4,premium,yes,no,2,110,0
314,2,A,6,premium,no,yes,2,85,0
314,2,B,4,standard,yes,yes,4,30,1
314,2,C,2,standard,yes,yes,1,30,0
314,3,A,6,standard,no,no,1,65,1
314,3,B,4,premium,yes,no,2,110,0
314,3,C,2,premium,no,no,1,45,0
314,4,A,2,standard,yes,no,2,30,1
314,4,B,4,premium,yes,no,2,65,0
314,4,C,2,premium,no,yes,1,30,0
314,5,A,6,standard,no,no,1,30,1
314,5,B,2,premium,yes,yes,1,85,0
314,5,C,6,premium,yes,yes,4,110,0
314,6,A,2,premium,no,yes,2,65,0
314,6,B,4,premium,no,no,2,65,1
314,6,C,6,standard,no,no,4,30,0
314,7,A,2,premium,yes,yes,2,110,0
314,7,B,4,premium,no,yes,1,30,1
314,7,C,6,standard,no,yes,2,65,0
314,8,A,2,standard,no,yes,4,65,0
314,8,B,6,standard,no,yes,1,65,1
314,8,C,6,standard,yes,yes,1,65,0
315,1,A,4,premium,no,yes,1,85,0
315,1,B,4,premium,no,yes,1,65,1
315,1,C,4,standard,no,no,1,30,0
315,2,A,2,standard,no,no,1,65,0
315,2,B,6,premium,yes,no,4,110,0
315,2,C,4,standard,no,no,4,30,1
315,3,A,6,premium,yes,yes,4,45,0
315,3,B,2,premium,yes,yes,1,45,1
315,3,C,6,standard,no,no,2,110,0
315,4,A,6,standard,no,no,2,65,0
315,4,B,6,premium,yes,no,2,45,0
315,4,C,6,standard,yes,no,4,85,1
315,5,A,6,premium,no,yes,1,30,1
315,5,B,6,premium,no,yes,1,85,0
315,5,C,6,standard,no,no,2,85,0
315,6,A,2,standard,no,yes,4,65,1
315,6,B,6,standard,yes,yes,1,85,0
315,6,C,4,premium,no,no,4,85,0
315,7,A,2,standard,no,no,4,30,1
315,7,B,2,standard,no,yes,1,85,0
315,7,C,2,premium,yes,yes,1,85,0
315,8,A,2,standard,yes,no,2,110,0
315,8,B,6,premium,no,no,4,65,1
315,8,C,4,premium,no,no,4,110,0
316,1,A,6,standard,yes,no,1,45,0
316,1,B,4,premium,yes,yes,2,30,0
316,1,C,6,standard,yes,yes,4,45,1
316,2,A,2,standard,no,yes,4,30,0
316,2,B,4,premium,yes,yes,4,30,0
316,2,C,6,premium,no,yes,4,65,1
316,3,A,6,premium,yes,no,2,45,1
316,3,B,2,premium,no,yes,4,85,0
316,3,C,6,standard,no,yes,1,45,0
316,4,A,6,premium,yes,no,1,65,0
316,4,B,6,standard,yes,yes,2,65,1
316,4,C,2,premium,no,no,4,30,0
316,5,A,4,standard,no,no,1,45,0
316,5,B,2,premium,yes,yes,1,65,0
316,5,C,6,premium,yes,no,4,65,1
316,6,A,6,premium,yes,yes,4,65,1
316,6,B,4,premium,yes,no,4,30,0
316,6,C,4,premium,no,yes,2,30,0
316,7,A,2,premium,yes,yes,1,30,0
316,7,B,4,premium,no,no,1,45,1
316,7,C,6,premium,no,yes,1,65,0
316,8,A,2,standard,yes,no,4,85,0
316,8,B,6,premium,yes,no,4,85,1
316,8,C,4,standard,no,no,2,45,0
317,1,A,2,premium,yes,yes,4,85,1
317,1,B,4,premium,no,yes,1,65,0
317,1,C,2,standard,yes,no,4,110,0
317,2,A,2,standard,yes,no,1,30,1
317,2,B,6,standard,yes,yes,2,45,0
317,2,C,2,standard,no,yes,1,45,0
317,3,A,2,standard,no,no,4,65,0
317,3,B,6,premium,no,yes,1,65,0
317,3,C,4,premium,no,yes,4,110,1
317,4,A,2,standard,yes,yes,1,30,1
317,4,B,6,standard,no,yes,4,110,0
317,4,C,6,standard,no,yes,4,45,0
317,5,A,2,premium,no,yes,1,110,0
317,5,B,4,premium,yes,no,4,30,0
317,5,C,4,standard,no,yes,4,30,1
317,6,A,4,standard,no,no,2,30,1
317,6,B,4,premium,yes,no,1,110,0
317,6,C,6,standard,no,yes,4,85,0
317,7,A,2,premium,no,no,1,85,0
317,7,B,6,standard,yes,no,2,45,1
317,7,C,6,premium,no,no,4,65,0
317,8,A,4,standard,no,yes,2,85,0
317,8,B,6,standard,yes,no,2,45,1
317,8,C,2,premium,no,yes,4,110,0
318,1,A,2,premium,yes,no,1,45,0
318,1,B,6,standard,yes,yes,2,45,1
318,1,C,6,premium,no,yes,1,65,0
318,2,A,6,premium,yes,yes,1,45,1
318,2,B,4,premium,yes,no,1,85,0
318,2,C,2,standard,no,no,1,85,0
318,3,A,2,premium,no,no,2,30,1
318,3,B,6,standard,no,yes,4,110,0
318,3,C,6,standard,no,no,1,65,0
318,4,A,6,standard,yes,no,4,30,1
318,4,B,2,premium,no,yes,2,45,0
318,4,C,4,premium,yes,yes,2,45,0
318,5,A,2,standard,yes,no,4,45,0
318,5,B,4,premium,yes,no,4,45,1
318,5,C,6,standard,yes,yes,4,65,0
318,6,A,6,premium,yes,yes,4,65,1
318,6,B,4,standard,no,no,2,85,0
318,6,C,2,premium,no,no,1,65,0
318,7,A,6,standard,no,no,2,45,1
318,7,B,4,standard,no,yes,2,85,0
318,7,C,4,premium,no,no,1,110,0
318,8,A,6,premium,yes,yes,4,45,1
318,8,B,6,premium,no,no,4,110,0
318,8,C,4,premium,yes,yes,4,30,0
319,1,A,2,premium,no,no,4,110,1
319,1,B,2,premium,no,yes,1,85,0
319,1,C,4,premium,no,no,1,45,0
319,2,A,6,premium,yes,no,4,85,0
319,2,B,6,premium,yes,no,4,85,1
319,2,C,2,premium,no,yes,4,110,0
319,3,A,4,premium,yes,no,2,110,0
319,3,B,4,premium,no,no,1,65,0
319,3,C,6,standard,yes,no,4,45,1
319,4,A,6,standard,no,no,2,110,0
319,4,B,4,premium,no,yes,1,45,1
319,4,C,2,premium,no,yes,2,30,0
319,5,A,2,premium,yes,no,4,45,1
319,5,B,6,standard,no,yes,2,65,0
319,5,C,6,standard,yes,yes,1,110,0
319,6,A,2,standard,no,yes,1,110,0
319,6,B,2,standard,yes,no,4,30,1
319,6,C,6,premium,yes,no,4,65,0
319,7,A,2,standard,yes,yes,2,110,1
319,7,B,6,standard,no,yes,4,85,0
319,7,C,2,premium,no,yes,1,45,0
319,8,A,6,premium,no,no,1,45,0
319,8,B,4,standard,no,yes,1,45,0
319,8,C,2,premium,yes,no,4,30,1
320,1,A,4,premium,yes,yes,4,30,1
320,1,B,6,premium,no,no,2,85,0
320,1,C,4,premium,yes,yes,4,65,0
320,2,A,6,standard,yes,no,4,45,0
320,2,B,4,premium,no,yes,4,30,0
320,2,C,4,premium,no,yes,4,30,1
320,3,A,2,premium,yes,no,1,65,0
320,3,B,6,premium,yes,yes,2,45,0
320,3,C,6,premium,yes,yes,4,110,1
320,4,A,6,premium,no,no,1,110,0
320,4,B,4,premium,yes,no,1,85,0
320,4,C,2,standard,yes,no,4,30,1
320,5,A,2,premium,no,no,4,45,0
320,5,B,4,premium,yes,yes,4,110,0
320,5,C,6,premium,yes,no,2,30,1
320,6,A,4,standard,yes,no,4,30,1
320,6,B,2,premium,no,no,2,110,0
320,6,C,2,standard,no,yes,2,30,0
320,7,A,6,premium,yes,yes,4,45,1
320,7,B,6,premium,no,yes,1,85,0
320,7,C,2,standard,yes,no,2,30,0
320,8,A,2,premium,yes,no,1,30,0
320,8,B,2,standard,no,yes,1,65,1
320,8,C,4,standard,no,no,4,85,0
321,1,A,2,standard,yes,no,2,45,0
321,1,B,6,premium,no,yes,2,65,0
321,1,C,6,standard,yes,no,2,45,1
321,2,A,6,standard,no,no,2,30,0
321,2,B,6,premium,yes,no,4,85,0
321,2,C,6,standard,yes,no,1,30,1
321,3,A,6,standard,yes,no,1,45,0
321,3,B,6,premium,no,yes,1,65,1
321,3,C,4,standard,no,no,4,65,0
321,4,A,2,standard,no,no,4,65,1
321,4,B,4,premium,no,no,4,85,0
321,4,C,2,standard,no,no,2,85,0
321,5,A,4,standard,no,no,2,45,0
321,5,B,2,premium,no,no,2,85,0
321,5,C,6,standard,no,yes,4,30,1
321,6,A,4,standard,no,no,4,65,1
321,6,B,2,premium,no,no,2,110,0
321,6,C,6,standard,no,yes,1,110,0
321,7,A,4,premium,yes,no,4,45,1
321,7,B,4,premium,no,yes,1,110,0
321,7,C,6,premium,yes,yes,4,85,0
321,8,A,6,standard,no,yes,2,65,1
321,8,B,6,premium,yes,yes,1,65,0
321,8,C,2,premium,no,yes,4,85,0
322,1,A,2,premium,no,no,1,65,0
322,1,B,6,premium,yes,yes,1,110,0
322,1,C,6,premium,no,yes,4,30,1
322,2,A,2,standard,yes,yes,4,65,1
322,2,B,6,standard,yes,yes,2,85,0
322,2,C,6,premium,no,yes,4,65,0
322,3,A,2,premium,no,no,2,85,0
322,3,B,2,standard,no,yes,1,30,1
322,3,C,6,standard,no,no,1,85,0
322,4,A,2,premium,yes,no,2,30,1
322,4,B,6,premium,no,yes,1,65,0
322,4,C,4,standard,no,yes,1,30,0
322,5,A,6,standard,yes,no,2,45,1
322,5,B,6,standard,yes,no,4,85,0
322,5,C,2,standard,yes,no,4,65,0
322,6,A,4,premium,no,yes,1,45,0
322,6,B,2,standard,yes,no,2,110,0
322,6,C,4,standard,yes,no,4,85,1
322,7,A,2,premium,yes,yes,4,85,0
322,7,B,4,standard,no,no,4,30,0
322,7,C,2,premium,yes,no,1,45,1
322,8,A,6,standard,no,yes,2,110,0
322,8,B,6,premium,yes,yes,2,30,1
322,8,C,2,standard,yes,no,2,65,0
323,1,A,4,premium,no,no,4,110,0
323,1,B,2,premium,no,no,1,45,0
323,1,C,4,premium,yes,yes,2,45,1
323,2,A,6,premium,yes,no,2,110,1
323,2,B,2,premium,yes,no,4,85,0
323,2,C,2,standard,no,no,2,85,0
323,3,A,2,standard,no,no,4,65,1
323,3,B,6,standard,yes,yes,4,45,0
323,3,C,4,standard,yes,no,2,65,0
323,4,A,6,premium,no,yes,4,85,1
323,4,B,2,premium,yes,yes,4,110,0
323,4,C,2,standard,yes,no,1,85,0
323,5,A,6,standard,no,no,4,85,0
323,5,B,6,premium,yes,yes,1,85,0
323,5,C,6,standard,yes,no,1,45,1
323,6,A,2,premium,no,yes,4,45,0
323,6,B,6,premium,no,no,4,30,0
323,6,C,4,standard,no,no,4,30,1
323,7,A,6,premium,yes,no,2,65,1
323,7,B,2,premium,no,no,4,85,0
323,7,C,4,standard,yes,no,2,65,0
323,8,A,2,standard,no,no,2,65,0
323,8,B,4,premium,no,yes,4,85,0
323,8,C,2,premium,yes,yes,2,85,1
324,1,A,2,premium,yes,no,1,110,0
324,1,B,4,standard,yes,no,4,30,0
324,1,C,2,premium,yes,no,2,30,1
324,2,A,6,premium,no,yes,4,85,0
324,2,B,4,premium,yes,no,4,110,0
324,2,C,4,premium,no,no,1,30,1
324,3,A,4,premium,no,yes,1,85,0
324,3,B,6,standard,no,no,1,30,1
324,3,C,6,standard,yes,no,2,65,0
324,4,A,4,premium,yes,no,1,30,1
324,4,B,2,standard,no,yes,2,85,0
324,4,C,6,standard,no,yes,4,110,0
324,5,A,6,standard,no,yes,4,45,1
324,5,B,2,premium,no,yes,2,45,0
324,5,C,4,premium,yes,no,4,45,0
324,6,A,2,standard,no,no,2,110,0
324,6,B,2,premium,yes,no,2,45,1
324,6,C,2,standard,no,no,1,65,0
324,7,A,6,premium,yes,yes,4,85,1
324,7,B,6,standard,no,no,2,45,0
324,7,C,6,standard,yes,yes,2,65,0
324,8,A,6,premium,yes,yes,2,110,0
324,8,B,4,premium,no,no,2,110,0
324,8,C,6,standard,yes,yes,2,110,1
325,1,A,4,premium,yes,no,1,85,0
325,1,B,4,standard,no,no,2,30,1
325,1,C,2,premium,no,no,1,110,0
325,2,A,2,premium,yes,no,4,65,1
325,2,B,6,premium,no,no,2,110,0
325,2,C,2,standard,yes,no,2,85,0
325,3,A,2,standard,yes,yes,1,30,0
325,3,B,4,standard,yes,no,4,110,0
325,3,C,4,premium,yes,no,2,30,1
325,4,A,6,standard,no,no,4,30,0
325,4,B,2,standard,yes,yes,1,45,1
325,4,C,4,premium,no,no,4,65,0
325,5,A,6,standard,yes,no,4,45,0
325,5,B,6,standard,no,no,1,65,0
325,5,C,4,standard,yes,no,1,65,1
325,6,A,4,standard,yes,yes,2,45,1
325,6,B,6,standard,yes,yes,1,65,0
325,6,C,2,premium,yes,no,4,45,0
325,7,A,4,premium,no,yes,4,110,0
325,7,B,4,standard,no,yes,4,85,1
325,7,C,6,premium,yes,yes,2,85,0
325,8,A,6,premium,yes,yes,4,65,1
325,8,B,6,standard,yes,no,4,110,0
325,8,C,6,standard,no,yes,4,85,0
326,1,A,6,premium,yes,no,1,110,0
326,1,B,2,premium,yes,no,1,30,0
326,1,C,6,standard,yes,no,2,30,1
326,2,A,6,premium,yes,yes,2,85,0
326,2,B,2,premium,yes,no,4,85,0
326,2,C,6,premium,yes,yes,1,65,1
326,3,A,6,standard,yes,no,2,45,0
326,3,B,4,standard,yes,no,4,110,0
326,3,C,4,premium,no,yes,2,65,1
326,4,A,6,standard,yes,no,2,85,0
326,4,B,4,standard,no,yes,1,30,0
326,4,C,6,standard,yes,no,4,45,1
326,5,A,4,premium,no,no,2,45,1
326,5,B,4,standard,yes,no,4,85,0
326,5,C,4,premium,no,no,1,85,0
326,6,A,4,standard,no,no,2,65,0
326,6,B,4,standard,yes,no,1,85,0
326,6,C,6,standard,yes,yes,1,45,1
326,7,A,2,premium,no,no,1,45,0
326,7,B,6,premium,yes,yes,2,85,0
326,7,C,4,premium,yes,no,1,85,1
326,8,A,6,premium,no,yes,4,45,0
326,8,B,6,standard,no,yes,1,110,0
326,8,C,4,standard,yes,yes,4,45,1
327,1,A,2,standard,no,yes,1,45,0
327,1,B,2,standard,yes,no,1,45,1
327,1,C,2,standard,no,no,1,110,0
327,2,A,4,standard,no,yes,2,85,0
327,2,B,2,premium,yes,no,2,65,0
327,2,C,6,premium,yes,no,4,110,1
327,3,A,2,premium,no,yes,4,65,1
327,3,B,4,premium,no,no,4,110,0
327,3,C,4,premium,no,yes,2,85,0
327,4,A,2,premium,no,yes,2,85,0
327,4,B,4,standard,yes,no,2,30,1
327,4,C,2,premium,no,yes,4,85,0
327,5,A,2,standard,no,no,4,85,0
327,5,B,2,premium,yes,yes,4,30,0
327,5,C,4,premium,no,yes,1,45,1
327,6,A,4,premium,no,no,4,45,0
327,6,B,2,standard,no,no,1,85,0
327,6,C,4,standard,no,yes,4,110,1
327,7,A,4,standard,yes,no,1,45,0
327,7,B,6,premium,yes,yes,2,45,1
327,7,C,6,standard,yes,yes,2,110,0
327,8,A,2,standard,yes,yes,1,45,1
327,8,B,2,premium,yes,no,2,85,0
327,8,C,4,premium,yes,yes,4,65,0
328,1,A,4,standard,no,yes,2,85,0
328,1,B,6,standard,no,yes,1,30,1
328,1,C,2,premium,no,no,1,110,0
328,2,A,4,premium,no,no,2,65,0
328,2,B,2,standard,no,yes,1,45,0
328,2,C,6,premium,no,no,2,45,1
328,3,A,6,premium,no,no,4,85,1
328,3,B,4,standard,yes,no,2,110,0
328,3,C,4,premium,yes,yes,1,85,0
328,4,A,6,premium,yes,yes,2,45,1
328,4,B,6,premium,no,yes,2,30,0
328,4,C,4,standard,yes,yes,2,45,0
328,5,A,6,premium,yes,yes,2,30,1
328,5,B,4,standard,yes,no,2,65,0
328,5,C,4,premium,yes,no,4,65,0
328,6,A,6,premium,no,yes,2,85,0
328,6,B,2,premium,yes,yes,2,110,0
328,6,C,6,standard,yes,yes,2,45,1
328,7,A,4,premium,yes,yes,1,45,0
328,7,B,6,premium,no,yes,1,110,0
328,7,C,4,standard,no,yes,4,30,1
328,8,A,4,standard,yes,yes,1,110,0
328,8,B,6,premium,yes,yes,4,45,1
328,8,C,6,premium,yes,no,2,110,0
329,1,A,4,premium,no,yes,4,85,0
329,1,B,6,premium,no,yes,4,45,1
329,1,C,2,premium,yes,yes,2,45,0
329,2,A,4,premium,no,yes,2,65,1
329,2,B,4,premium,no,no,2,110,0
329,2,C,2,standard,yes,yes,1,110,0
329,3,A,6,premium,no,no,2,45,1
329,3,B,6,standard,yes,no,1,65,0
329,3,C,2,premium,yes,yes,1,65,0
329,4,A,2,premium,no,yes,1,45,0
329,4,B,4,premium,yes,no,2,110,0
329,4,C,2,premium,yes,no,4,65,1
329,5,A,2,premium,yes,no,2,30,1
329,5,B,2,standard,no,yes,2,65,0
329,5,C,2,premium,yes,yes,1,30,0
329,6,A,6,standard,yes,no,2,110,0
329,6,B,4,standard,no,yes,1,110,0
329,6,C,6,premium,no,yes,1,85,1
329,7,A,2,standard,yes,yes,2,65,0
329,7,B,6,standard,yes,yes,4,110,0
329,7,C,4,standard,yes,no,1,30,1
329,8,A,6,premium,no,yes,2,30,0
329,8,B,2,premium,no,yes,2,30,1
329,8,C,6,premium,yes,no,4,30,0
330,1,A,2,standard,yes,no,1,110,0
330,1,B,6,standard,yes,no,1,45,1
330,1,C,2,premium,no,no,2,30,0
330,2,A,4,premium,no,yes,2,30,0
330,2,B,2,premium,no,no,1,30,1
330,2,C,6,premium,no,no,1,45,0
330,3,A,2,standard,yes,no,1,65,0
330,3,B,2,premium,no,no,4,65,0
330,3,C,6,standard,yes,no,1,30,1
330,4,A,4,standard,no,no,1,45,0
330,4,B,2,standard,yes,yes,4,85,0
330,4,C,6,premium,yes,no,1,30,1
330,5,A,4,standard,no,no,1,45,0
330,5,B,6,premium,no,no,4,110,0
330,5,C,6,premium,no,yes,4,30,1
330,6,A,4,premium,no,no,2,65,1
330,6,B,2,premium,no,yes,2,85,0
330,6,C,2,standard,no,yes,4,85,0
330,7,A,6,standard,yes,yes,4,30,1
330,7,B,6,standard,yes,no,2,110,0
330,7,C,2,standard,no,no,2,45,0
330,8,A,6,premium,no,yes,2,85,0
330,8,B,6,standard,yes,no,2,65,0
330,8,C,4,standard,yes,yes,4,30,1
331,1,A,4,premium,no,no,1,30,1
331,1,B,4,standard,no,no,1,65,0
331,1,C,2,premium,yes,yes,1,85,0
331,2,A,2,premium,no,no,4,110,0
331,2,B,4,premium,yes,no,1,85,0
331,2,C,4,standard,no,no,2,45,1
331,3,A,6,standard,yes,no,1,65,0
331,3,B,2,standard,no,no,4,45,0
331,3,C,2,standard,no,no,4,110,1
331,4,A,4,premium,yes,no,1,85,0
331,4,B,4,premium,no,no,2,65,1
331,4,C,2,premium,no,no,4,65,0
331,5,A,2,standard,yes,no,1,65,1
331,5,B,2,premium,yes,no,1,85,0
331,5,C,4,standard,no,yes,4,65,0
331,6,A,6,standard,yes,yes,4,45,1
331,6,B,4,premium,no,yes,1,110,0
331,6,C,4,standard,no,yes,2,85,0
331,7,A,6,standard,yes,yes,4,30,1
331,7,B,2,premium,no,no,1,65,0
331,7,C,6,premium,no,yes,2,85,0
331,8,A,6,premium,no,yes,2,65,1
331,8,B,6,standard,no,no,2,65,0
331,8,C,2,standard,yes,no,2,85,0
332,1,A,2,standard,no,yes,1,85,0
332,1,B,2,premium,no,yes,4,85,0
332,1,C,6,standard,yes,yes,1,110,1
332,2,A,6,premium,yes,no,1,85,0
332,2,B,2,standard,yes,no,2,45,0
332,2,C,4,premium,no,yes,4,30,1
332,3,A,2,standard,yes,yes,1,110,0
332,3,B,4,standard,no,no,4,30,1
332,3,C,2,premium,no,yes,1,65,0
332,4,A,4,premium,yes,yes,2,85,1
332,4,B,4,standard,no,no,2,30,0
332,4,C,6,premium,yes,no,1,65,0
332,5,A,6,premium,yes,no,1,30,0
332,5,B,2,standard,no,yes,2,85,0
332,5,C,4,premium,yes,yes,4,65,1
332,6,A,2,standard,yes,yes,2,65,0
332,6,B,4,standard,yes,yes,4,30,1
332,6,C,4,premium,yes,yes,4,45,0
332,7,A,6,premium,no,yes,2,30,1
332,7,B,4,standard,no,yes,2,85,0
332,7,C,6,standard,yes,no,1,30,0
332,8,A,4,standard,no,yes,1,45,0
332,8,B,2,standard,yes,no,1,45,1
332,8,C,6,standard,no,yes,2,85,0
333,1,A,2,standard,yes,no,1,30,1
333,1,B,4,standard,yes,yes,2,110,0
333,1,C,2,premium,no,yes,4,85,0
333,2,A,6,premium,yes,yes,1,45,0
333,2,B,2,premium,no,yes,1,110,0
333,2,C,4,standard,no,no,2,45,1
333,3,A,4,standard,no,no,2,85,0
333,3,B,4,premium,no,no,2,65,1
333,3,C,6,premium,yes,no,1,65,0
333,4,A,2,standard,yes,no,2,30,0
333,4,B,6,premium,yes,yes,2,85,0
333,4,C,4,premium,yes,no,4,45,1
333,5,A,2,premium,yes,no,1,110,0
333,5,B,6,standard,no,yes,2,45,1
333,5,C,2,premium,no,yes,4,45,0
333,6,A,6,standard,yes,yes,1,65,0
333,6,B,4,premium,yes,yes,4,85,1
333,6,C,2,premium,no,yes,2,45,0
333,7,A,4,standard,no,no,4,65,0
333,7,B,6,standard,no,yes,1,110,0
333,7,C,6,standard,no,no,1,30,1
333,8,A,2,standard,yes,no,1,45,1
333,8,B,4,premium,no,yes,2,85,0
333,8,C,4,standard,no,yes,4,110,0
334,1,A,2,premium,yes,no,2,85,0
334,1,B,6,premium,no,yes,4,30,1
334,1,C,6,standard,yes,yes,4,85,0
334,2,A,4,premium,yes,yes,4,65,1
334,2,B,2,premium,yes,no,4,45,0
334,2,C,2,standard,yes,no,4,85,0
334,3,A,6,premium,no,yes,4,45,1
334,3,B,6,premium,no,yes,4,110,0
334,3,C,6,standard,yes,yes,2,30,0
334,4,A,4,premium,no,no,1,110,0
334,4,B,2,premium,yes,no,1,85,1
334,4,C,6,premium,no,no,4,30,0
334,5,A,6,standard,no,no,2,110,0
334,5,B,6,premium,no,yes,4,85,0
334,5,C,2,premium,yes,yes,2,65,1
334,6,A,6,standard,no,no,1,30,1
334,6,B,4,premium,no,no,4,45,0
334,6,C,6,premium,yes,no,4,65,0
334,7,A,2,standard,yes,yes,1,110,0
334,7,B,6,premium,no,yes,2,65,0
334,7,C,2,standard,yes,no,2,30,1
334,8,A,4,premium,yes,yes,4,30,1
334,8,B,4,standard,no,no,1,45,0
334,8,C,4,standard,yes,no,1,65,0
335,1,A,4,standard,yes,no,1,85,1
335,1,B,6,premium,no,no,4,85,0
335,1,C,4,standard,no,yes,1,110,0
335,2,A,6,premium,no,no,1,65,1
335,2,B,4,premium,no,no,2,110,0
335,2,C,6,standard,no,yes,4,85,0
335,3,A,6,premium,no,no,2,110,0
335,3,B,6,premium,no,yes,4,45,1
335,3,C,6,standard,no,no,2,45,0
335,4,A,6,standard,no,no,4,65,0
335,4,B,4,premium,no,yes,1,65,1
335,4,C,2,standard,yes,yes,2,85,0
335,5,A,4,standard,no,no,2,45,1
335,5,B,2,premium,yes,yes,4,110,0
335,5,C,6,premium,no,yes,4,30,0
335,6,A,2,premium,yes,yes,1,85,1
335,6,B,2,standard,yes,yes,4,65,0
335,6,C,2,standard,yes,no,1,30,0
335,7,A,2,premium,no,yes,1,85,1
335,7,B,4,standard,yes,no,1,65,0
335,7,C,6,standard,no,yes,1,85,0
335,8,A,6,premium,no,yes,1,85,0
335,8,B,6,premium,yes,yes,2,30,0
335,8,C,2,premium,yes,yes,1,30,1
336,1,A,2,premium,no,no,1,45,0
336,1,B,4,premium,yes,yes,1,65,1
336,1,C,6,standard,yes,no,2,85,0
336,2,A,6,standard,yes,no,4,45,0
336,2,B,6,premium,no,yes,4,30,0
336,2,C,4,standard,yes,yes,2,45,1
336,3,A,6,standard,no,yes,2,65,0
336,3,B,4,premium,no,no,4,45,0
336,3,C,6,premium,no,yes,4,110,1
336,4,A,6,premium,yes,yes,4,65,1
336,4,B,4,standard,no,yes,2,110,0
336,4,C,4,standard,yes,no,4,85,0
336,5,A,2,standard,yes,no,2,110,0
336,5,B,4,premium,no,yes,1,30,1
336,5,C,6,premium,yes,no,1,85,0
336,6,A,2,premium,yes,yes,4,45,1
336,6,B,2,premium,no,no,2,30,0
336,6,C,2,premium,no,yes,2,30,0
336,7,A,6,standard,no,no,2,65,0
336,7,B,2,premium,yes,yes,4,110,0
336,7,C,2,standard,no,no,1,30,1
336,8,A,6,premium,yes,yes,4,45,0
336,8,B,6,standard,no,yes,4,85,0
336,8,C,6,standard,yes,yes,1,45,1
337,1,A,4,standard,yes,yes,2,65,0
337,1,B,2,premium,yes,yes,4,85,0
337,1,C,4,premium,yes,yes,1,30,1
337,2,A,2,standard,no,no,2,110,0
337,2,B,6,premium,no,yes,2,110,0
337,2,C,4,premium,no,yes,1,65,1
337,3,A,6,standard,yes,yes,1,65,0
337,3,B,2,standard,no,no,2,30,0
337,3,C,4,standard,no,yes,4,30,1
337,4,A,4,standard,yes,no,4,30,1
337,4,B,6,standard,no,yes,2,45,0
337,4,C,2,premium,no,no,2,30,0
337,5,A,4,standard,yes,yes,2,110,0
337,5,B,2,standard,yes,yes,4,85,0
337,5,C,2,premium,no,yes,1,30,1
337,6,A,6,standard,yes,no,1,110,0
337,6,B,2,standard,no,no,1,30,1
337,6,C,6,premium,yes,no,2,30,0
337,7,A,2,premium,yes,no,4,30,0
337,7,B,4,premium,no,yes,2,65,0
337,7,C,6,premium,no,yes,1,85,1
337,8,A,6,premium,no,no,1,45,1
337,8,B,2,premium,yes,no,2,45,0
337,8,C,4,standard,no,yes,2,110,0
338,1,A,4,premium,yes,yes,4,30,1
338,1,B,2,premium,no,no,1,65,0
338,1,C,4,standard,no,no,1,110,0
338,2,A,6,standard,no,no,4,110,0
338,2,B,2,standard,no,yes,4,30,0
338,2,C,6,standard,no,no,4,45,1
338,3,A,4,premium,yes,no,1,30,1
338,3,B,2,standard,yes,no,2,45,0
338,3,C,2,standard,no,no,1,110,0
338,4,A,4,standard,yes,no,1,45,1
338,4,B,4,premium,no,yes,1,45,0
338,4,C,4,premium,yes,yes,1,85,0
338,5,A,6,standard,yes,yes,1,110,0
338,5,B,2,standard,yes,no,1,110,0
338,5,C,4,premium,no,yes,1,65,1
338,6,A,4,premium,no,yes,2,110,0
338,6,B,4,premium,yes,no,4,85,0
338,6,C,4,premium,no,yes,1,45,1
338,7,A,2,standard,no,no,1,30,1
338,7,B,2,standard,no,no,1,110,0
338,7,C,4,premium,yes,no,2,85,0
338,8,A,4,standard,no,yes,2,30,0
338,8,B,4,premium,no,yes,4,85,0
338,8,C,6,standard,yes,no,1,30,1
339,1,A,6,premium,yes,no,4,65,0
339,1,B,2,premium,yes,no,1,85,0
339,1,C,2,premium,yes,yes,1,65,1
339,2,A,4,premium,yes,yes,2,45,0
339,2,B,2,standard,yes,yes,1,65,0
339,2,C,6,premium,yes,no,2,30,1
339,3,A,6,premium,no,yes,1,85,0
339,3,B,6,premium,yes,no,4,45,0
339,3,C,2,standard,yes,no,1,30,1
339,4,A,6,standard,no,yes,2,85,1
339,4,B,4,premium,no,no,1,45,0
339,4,C,6,premium,no,no,4,85,0
339,5,A,4,premium,yes,no,2,110,0
339,5,B,2,premium,no,yes,2,110,0
339,5,C,2,premium,yes,yes,4,65,1
339,6,A,4,standard,yes,no,2,85,1
339,6,B,4,premium,no,no,1,110,0
339,6,C,4,standard,yes,no,1,110,0
339,7,A,6,premium,yes,yes,2,110,0
339,7,B,6,standard,yes,no,1,30,0
339,7,C,4,standard,no,no,1,30,1
339,8,A,4,standard,yes,no,4,30,1
339,8,B,6,premium,yes,yes,2,85,0
339,8,C,4,premium,yes,yes,1,85,0
340,1,A,4,premium,no,yes,1,30,1
340,1,B,4,premium,yes,yes,4,110,0
340,1,C,2,premium,yes,no,1,45,0
340,2,A,2,standard,yes,no,2,45,1
340,2,B,2,premium,no,no,1,30,0
340,2,C,4,premium,no,no,4,110,0
340,3,A,6,standard,no,yes,4,45,1
340,3,B,4,standard,no,yes,4,110,0
340,3,C,4,standard,no,yes,1,30,0
340,4,A,2,premium,yes,yes,1,110,1
340,4,B,4,premium,no,no,4,45,0
340,4,C,4,premium,no,no,1,30,0
340,5,A,6,premium,no,yes,4,110,0
340,5,B,2,premium,no,no,2,65,0
340,5,C,2,standard,yes,yes,1,65,1
340,6,A,4,premium,yes,no,4,45,1
340,6,B,4,premium,no,no,2,45,0
340,6,C,2,premium,no,yes,1,30,0
340,7,A,4,standard,no,no,1,85,1
340,7,B,4,premium,no,no,4,45,0
340,7,C,6,standard,no,no,2,110,0
340,8,A,6,premium,no,yes,1,110,0
340,8,B,4,premium,yes,no,1,85,1
340,8,C,6,standard,no,no,4,110,0
341,1,A,2,standard,yes,yes,4,85,0
341,1,B,6,standard,no,no,4,110,0
341,1,C,6,standard,yes,yes,4,65,1
341,2,A,2,standard,yes,yes,1,45,1
341,2,B,4,standard,no,yes,1,65,0
341,2,C,4,premium,no,yes,4,85,0
341,3,A,4,premium,yes,yes,2,85,0
341,3,B,4,standard,yes,no,4,45,1
341,3,C,4,premium,no,no,1,30,0
341,4,A,4,premium,yes,no,4,30,1
341,4,B,4,standard,yes,yes,4,110,0
341,4,C,2,standard,no,yes,1,30,0
341,5,A,2,premium,no,yes,1,30,1
341,5,B,6,premium,yes,no,2,65,0
341,5,C,6,premium,yes,yes,4,110,0
341,6,A,4,standard,yes,yes,2,65,1
341,6,B,2,premium,yes,yes,2,85,0
341,6,C,2,standard,yes,no,4,110,0
341,7,A,6,standard,yes,no,4,85,0
341,7,B,2,standard,no,yes,2,110,0
341,7,C,4,premium,no,yes,4,45,1
341,8,A,6,standard,no,no,1,45,1
341,8,B,2,standard,yes,no,2,110,0
341,8,C,2,premium,no,yes,1,65,0
342,1,A,2,premium,no,no,2,110,0
342,1,B,4,premium,no,no,2,110,0
342,1,C,2,standard,no,yes,1,85,1
342,2,A,2,premium,yes,yes,2,65,1
342,2,B,4,premium,yes,no,4,65,0
342,2,C,6,standard,no,yes,1,85,0
342,3,A,4,standard,yes,no,2,45,1
342,3,B,6,standard,no,no,2,85,0
342,3,C,4,standard,no,yes,2,110,0
342,4,A,6,premium,yes,no,2,65,1
342,4,B,2,premium,no,yes,4,65,0
342,4,C,2,premium,yes,yes,1,85,0
342,5,A,4,premium,no,yes,4,45,0
342,5,B,6,premium,yes,yes,1,110,0
342,5,C,6,standard,yes,no,2,45,1
342,6,A,4,premium,no,yes,2,85,0
342,6,B,6,premium,no,yes,2,65,0
342,6,C,4,standard,yes,yes,4,65,1
342,7,A,4,standard,yes,yes,2,45,1
342,7,B,6,standard,yes,no,2,30,0
342,7,C,6,standard,no,yes,2,45,0
342,8,A,2,premium,no,no,1,65,1
342,8,B,6,standard,yes,no,4,85,0
342,8,C,2,premium,yes,yes,1,65,0
343,1,A,6,standard,no,yes,1,65,0
343,1,B,4,premium,yes,no,2,65,0
343,1,C,6,standard,yes,yes,4,85,1
343,2,A,6,standard,no,yes,4,45,1
343,2,B,4,standard,yes,no,2,65,0
343,2,C,4,standard,no,yes,4,85,0
343,3,A,6,premium,yes,yes,1,30,0
343,3,B,6,premium,yes,yes,2,65,0
343,3,C,2,premium,no,no,4,85,1
343,4,A,4,standard,no,yes,1,85,0
343,4,B,6,standard,no,yes,4,30,1
343,4,C,6,standard,yes,no,2,110,0
343,5,A,6,standard,no,no,2,85,0
343,5,B,4,standard,yes,yes,1,30,1
343,5,C,2,standard,yes,no,2,30,0
343,6,A,6,standard,no,yes,1,65,0
343,6,B,2,standard,yes,no,2,45,0
343,6,C,4,premium,yes,no,1,45,1
343,7,A,6,standard,yes,yes,1,45,1
343,7,B,2,premium,yes,no,2,110,0
343,7,C,6,premium,no,yes,2,110,0
343,8,A,6,premium,yes,no,2,85,0
343,8,B,2,premium,no,yes,4,110,0
343,8,C,4,premium,no,yes,1,110,1
344,1,A,6,premium,no,no,1,85,0
344,1,B,6,premium,yes,no,2,110,0
344,1,C,4,premium,yes,yes,2,30,1
344,2,A,4,premium,no,yes,1,45,0
344,2,B,2,standard,no,yes,1,30,1
344,2,C,2,premium,no,yes,2,110,0
344,3,A,2,premium,no,yes,1,85,0
344,3,B,6,standard,yes,yes,4,45,1
344,3,C,4,standard,no,yes,2,30,0
344,4,A,6,standard,no,no,2,65,0
344,4,B,6,premium,no,no,1,110,0
344,4,C,2,premium,yes,yes,2,30,1
344,5,A,4,premium,no,no,1,30,0
344,5,B,4,standard,yes,no,1,45,0
344,5,C,4,standard,yes,yes,2,30,1
344,6,A,4,premium,no,no,2,30,1
344,6,B,2,standard,no,yes,4,110,0
344,6,C,2,standard,yes,no,1,65,0
344,7,A,6,standard,no,no,2,85,0
344,7,B,2,standard,no,yes,1,30,0
344,7,C,4,premium,yes,no,4,45,1
344,8,A,4,standard,no,no,1,30,1
344,8,B,6,premium,yes,yes,2,85,0
344,8,C,2,standard,no,yes,2,65,0
345,1,A,6,premium,no,no,2,110,0
345,1,B,4,premium,no,yes,2,110,1
345,1,C,4,standard,no,no,1,85,0
345,2,A,6,premium,no,no,1,45,0
345,2,B,4,standard,yes,no,2,65,1
345,2,C,2,standard,no,yes,4,30,0
345,3,A,2,standard,no,yes,4,30,0
345,3,B,4,premium,no,no,1,30,1
345,3,C,6,premium,no,no,1,110,0
345,4,A,4,standard,no,yes,2,45,0
345,4,B,2,premium,yes,yes,4,30,1
345,4,C,6,premium,yes,no,4,85,0
345,5,A,2,premium,yes,yes,1,110,1
345,5,B,2,premium,no,yes,2,110,0
345,5,C,4,premium,no,no,2,85,0
345,6,A,6,standard,no,yes,2,30,0
345,6,B,2,premium,yes,yes,2,85,1
345,6,C,2,premium,yes,no,4,65,0
345,7,A,2,standard,yes,yes,1,85,0
345,7,B,2,standard,yes,no,2,110,0
345,7,C,4,standard,yes,no,2,30,1
345,8,A,6,premium,yes,no,1,110,0
345,8,B,2,premium,no,yes,2,65,1
345,8,C,6,standard,no,yes,2,45,0
346,1,A,2,standard,no,yes,1,30,1
346,1,B,2,standard,no,no,2,65,0
346,1,C,4,premium,no,no,2,30,0
346,2,A,4,standard,yes,yes,4,85,0
346,2,B,4,standard,yes,no,1,65,0
346,2,C,2,premium,yes,no,4,65,1
346,3,A,2,premium,no,no,2,65,0
346,3,B,2,standard,yes,no,4,45,1
346,3,C,2,standard,no,yes,4,45,0
346,4,A,6,standard,yes,no,4,30,1
346,4,B,6,standard,yes,yes,1,65,0
346,4,C,6,standard,no,no,4,45,0
346,5,A,4,premium,yes,yes,1,110,0
346,5,B,6,standard,yes,no,4,110,1
346,5,C,4,standard,yes,no,4,85,0
346,6,A,4,standard,yes,no,1,30,0
346,6,B,6,premium,yes,no,4,30,0
346,6,C,4,standard,yes,yes,4,30,1
346,7,A,4,standard,yes,no,4,110,0
346,7,B,6,premium,no,yes,2,110,0
346,7,C,2,premium,yes,no,2,65,1
346,8,A,6,standard,no,no,2,45,0
346,8,B,4,standard,yes,yes,4,65,1
346,8,C,6,standard,yes,yes,4,85,0
347,1,A,4,standard,yes,yes,1,85,1
347,1,B,4,premium,no,yes,2,110,0
347,1,C,2,standard,no,yes,2,85,0
347,2,A,4,premium,no,no,4,30,0
347,2,B,2,premium,no,yes,2,45,0
347,2,C,4,standard,yes,yes,4,30,1
347,3,A,4,premium,no,yes,4,45,0
347,3,B,2,standard,no,yes,4,85,0
347,3,C,6,premium,yes,yes,4,30,1
347,4,A,6,standard,no,no,1,65,0
347,4,B,4,premium,no,yes,1,30,1
347,4,C,4,standard,yes,no,2,110,0
347,5,A,6,standard,no,yes,2,30,1
347,5,B,4,standard,no,yes,2,65,0
347,5,C,2,premium,yes,yes,2,45,0
347,6,A,2,standard,no,yes,4,85,0
347,6,B,2,premium,yes,no,2,45,1
347,6,C,6,standard,yes,no,4,110,0
347,7,A,6,premium,yes,no,4,65,0
347,7,B,2,premium,yes,no,1,45,0
347,7,C,4,premium,no,yes,4,30,1
347,8,A,4,premium,yes,no,2,85,0
347,8,B,2,premium,no,no,4,85,1
347,8,C,2,standard,yes,yes,4,110,0
348,1,A,6,premium,yes,no,2,110,1
348,1,B,2,standard,yes,yes,2,110,0
348,1,C,4,premium,yes,no,4,110,0
348,2,A,4,standard,yes,no,2,45,0
348,2,B,6,premium,no,yes,1,110,0
348,2,C,4,premium,no,yes,4,65,1
348,3,A,2,premium,no,yes,1,65,0
348,3,B,2,premium,yes,yes,1,30,1
348,3,C,4,standard,yes,yes,2,85,0
348,4,A,2,standard,yes,no,4,45,0
348,4,B,6,premium,no,no,2,85,0
348,4,C,4,premium,yes,yes,2,110,1
348,5,A,4,standard,yes,no,1,30,1
348,5,B,2,standard,no,no,1,45,0
348,5,C,4,premium,no,yes,2,45,0
348,6,A,4,premium,no,no,1,45,0
348,6,B,6,premium,yes,no,4,65,0
348,6,C,2,standard,no,no,1,30,1
348,7,A,6,premium,no,yes,1,45,0
348,7,B,4,premium,yes,yes,2,110,1
348,7,C,2,standard,no,yes,4,65,0
348,8,A,2,premium,yes,yes,1,30,0
348,8,B,2,standard,no,no,1,85,0
348,8,C,6,standard,yes,yes,1,30,1
349,1,A,6,premium,yes,yes,1,65,0
349,1,B,4,standard,yes,yes,4,45,1
349,1,C,4,premium,no,yes,4,85,0
349,2,A,4,premium,no,no,2,45,1
349,2,B,4,premium,yes,no,2,110,0
349,2,C,4,standard,yes,yes,2,85,0
349,3,A,2,premium,yes,no,4,45,0
349,3,B,6,premium,yes,yes,1,30,1
349,3,C,6,premium,no,yes,4,65,0
349,4,A,6,premium,no,no,2,65,0
349,4,B,2,premium,yes,no,1,65,1
349,4,C,2,premium,no,no,2,65,0
349,5,A,6,standard,yes,no,2,30,0
349,5,B,4,premium,yes,yes,4,45,1
349,5,C,4,standard,no,no,4,30,0
349,6,A,4,premium,yes,yes,2,65,1
349,6,B,6,premium,no,no,2,85,0
349,6,C,4,standard,yes,no,1,45,0
349,7,A,2,standard,yes,yes,4,45,0
349,7,B,2,premium,yes,no,2,45,0
349,7,C,2,standard,no,no,4,30,1
349,8,A,2,standard,yes,yes,1,65,1
349,8,B,4,standard,no,no,1,85,0
349,8,C,2,premium,no,no,4,65,0
350,1,A,4,premium,no,no,1,85,0
350,1,B,2,standard,no,yes,2,85,0
350,1,C,2,premium,yes,no,1,45,1
350,2,A,2,premium,no,yes,1,65,0
350,2,B,4,premium,yes,no,2,45,1
350,2,C,4,standard,yes,yes,2,30,0
350,3,A,6,premium,no,yes,1,30,0
350,3,B,4,premium,yes,no,1,85,0
350,3,C,4,standard,no,no,1,65,1
350,4,A,6,premium,no,no,1,30,0
350,4,B,6,premium,yes,yes,2,110,0
350,4,C,4,premium,no,yes,1,45,1
350,5,A,2,premium,yes,no,2,110,1
350,5,B,2,premium,yes,yes,2,85,0
350,5,C,6,standard,yes,yes,2,85,0
350,6,A,4,premium,yes,yes,4,30,1
350,6,B,6,standard,yes,no,1,85,0
350,6,C,4,premium,no,yes,2,110,0
350,7,A,2,standard,no,no,4,45,1
350,7,B,2,standard,yes,yes,4,45,0
350,7,C,2,standard,no,no,4,45,0
350,8,A,4,premium,no,no,2,30,1
350,8,B,4,premium,yes,no,2,45,0
350,8,C,2,premium,yes,yes,4,110,0
351,1,A,6,premium,yes,yes,1,65,1
351,1,B,2,standard,yes,yes,2,65,0
351,1,C,4,premium,no,yes,1,110,0
351,2,A,2,premium,yes,yes,2,85,0
351,2,B,6,premium,yes,no,2,30,0
351,2,C,4,premium,no,no,1,30,1
351,3,A,6,standard,no,no,1,85,0
351,3,B,6,premium,no,no,1,30,1
351,3,C,6,premium,yes,no,2,85,0
351,4,A,4,standard,yes,no,2,30,1
351,4,B,6,standard,no,no,1,65,0
351,4,C,4,premium,yes,no,1,65,0
351,5,A,4,premium,yes,yes,1,65,1
351,5,B,6,premium,no,no,2,30,0
351,5,C,6,standard,yes,no,1,45,0
351,6,A,2,premium,yes,no,4,85,1
351,6,B,4,standard,yes,no,1,85,0
351,6,C,4,standard,no,yes,4,85,0
351,7,A,6,standard,no,yes,1,30,1
351,7,B,2,standard,yes,yes,2,45,0
351,7,C,6,premium,no,yes,2,110,0
351,8,A,6,standard,no,yes,1,85,0
351,8,B,2,premium,yes,yes,4,85,1
351,8,C,4,standard,no,no,2,85,0
352,1,A,6,standard,yes,yes,2,45,1
352,1,B,2,premium,yes,yes,4,110,0
352,1,C,2,standard,no,yes,1,85,0
352,2,A,2,standard,no,no,1,30,0
352,2,B,2,premium,yes,no,2,30,1
352,2,C,4,premium,no,yes,4,110,0
352,3,A,6,premium,no,no,1,110,0
352,3,B,4,standard,no,yes,1,45,1
352,3,C,4,premium,no,no,2,110,0
352,4,A,4,standard,yes,no,1,45,1
352,4,B,4,premium,no,no,1,85,0
352,4,C,4,premium,no,no,1,30,0
352,5,A,4,standard,yes,yes,1,110,0
352,5,B,2,standard,yes,yes,2,110,0
352,5,C,4,premium,yes,no,1,85,1
352,6,A,6,premium,yes,yes,2,45,1
352,6,B,4,premium,no,no,4,110,0
352,6,C,4,standard,no,yes,2,110,0
352,7,A,4,standard,no,no,1,65,0
352,7,B,4,premium,yes,yes,4,65,0
352,7,C,6,premium,yes,no,4,45,1
352,8,A,2,standard,no,no,4,30,0
352,8,B,4,premium,no,no,1,65,0
352,8,C,4,premium,yes,no,1,45,1
353,1,A,6,premium,no,no,2,45,1
353,1,B,2,premium,no,yes,1,110,0
353,1,C,2,standard,no,yes,2,65,0
353,2,A,2,standard,no,no,2,45,1
353,2,B,6,premium,no,no,1,30,0
353,2,C,2,standard,no,yes,2,110,0
353,3,A,2,premium,yes,yes,4,65,1
353,3,B,4,premium,yes,yes,4,110,0
353,3,C,4,premium,no,yes,2,65,0
353,4,A,6,premium,no,no,1,110,0
353,4,B,6,standard,yes,no,4,45,1
353,4,C,6,standard,yes,no,2,30,0
353,5,A,4,premium,no,yes,4,30,1
353,5,B,4,premium,yes,yes,2,65,0
353,5,C,2,standard,yes,yes,4,30,0
353,6,A,6,standard,yes,no,2,85,0
353,6,B,6,standard,no,no,4,45,1
353,6,C,4,standard,no,no,1,30,0
353,7,A,4,premium,no,no,1,30,1
353,7,B,2,premium,yes,yes,1,45,0
353,7,C,4,standard,no,yes,1,45,0
353,8,A,4,standard,yes,no,1,30,0
353,8,B,2,premium,no,yes,4,85,0
353,8,C,4,premium,no,no,4,65,1
354,1,A,6,premium,yes,no,1,30,0
354,1,B,6,standard,no,yes,4,110,0
354,1,C,4,premium,yes,yes,2,30,1
354,2,A,4,standard,yes,no,2,65,0
354,2,B,6,standard,yes,no,2,85,1
354,2,C,2,premium,yes,no,4,65,0
354,3,A,6,premium,no,yes,2,65,0
354,3,B,4,premium,yes,yes,4,85,0
354,3,C,2,premium,yes,yes,2,30,1
354,4,A,2,premium,yes,no,2,65,1
354,4,B,6,premium,no,no,1,30,0
354,4,C,6,premium,no,no,4,85,0
354,5,A,6,premium,yes,yes,4,65,0
354,5,B,2,premium,yes,no,2,65,0
354,5,C,6,premium,no,yes,4,85,1
354,6,A,6,standard,yes,yes,4,30,0
354,6,B,2,premium,no,yes,4,85,0
354,6,C,2,standard,yes,yes,4,45,1
354,7,A,4,standard,yes,no,1,65,0
354,7,B,2,premium,no,yes,2,110,0
354,7,C,2,standard,yes,no,4,65,1
354,8,A,4,standard,no,yes,1,110,0
354,8,B,4,premium,no,yes,1,85,0
354,8,C,2,premium,no,yes,4,30,1
355,1,A,6,premium,yes,no,4,85,0
355,1,B,6,standard,yes,no,4,65,1
355,1,C,6,premium,no,no,2,85,0
355,2,A,2,premium,yes,yes,2,110,0
355,2,B,4,standard,yes,yes,2,110,1
355,2,C,6,standard,no,yes,1,65,0
355,3,A,2,standard,yes,no,4,30,1
355,3,B,4,standard,no,yes,2,30,0
355,3,C,4,standard,yes,no,1,110,0
355,4,A,2,standard,no,yes,1,85,0
355,4,B,2,premium,no,no,1,45,1
355,4,C,2,standard,yes,no,1,110,0
355,5,A,6,standard,yes,no,1,45,0
355,5,B,2,premium,no,yes,2,45,0
355,5,C,2,standard,no,yes,1,30,1
355,6,A,6,premium,yes,no,4,30,0
355,6,B,4,premium,yes,no,1,30,1
355,6,C,2,premium,no,yes,4,30,0
355,7,A,2,standard,no,yes,4,85,0
355,7,B,6,standard,yes,yes,2,30,1
355,7,C,2,premium,no,no,1,30,0
355,8,A,6,premium,no,yes,1,65,0
355,8,B,6,premium,no,no,4,85,0
355,8,C,6,premium,yes,no,2,45,1
356,1,A,2,standard,yes,yes,1,30,1
356,1,B,4,standard,yes,no,2,45,0
356,1,C,4,premium,no,yes,4,65,0
356,2,A,4,premium,yes,no,2,65,0
356,2,B,2,standard,no,no,1,110,0
356,2,C,4,standard,yes,no,4,45,1
356,3,A,2,standard,yes,yes,1,30,0
356,3,B,6,standard,yes,no,2,30,0
356,3,C,6,standard,no,yes,1,30,1
356,4,A,2,standard,no,no,2,30,1
356,4,B,2,standard,yes,no,2,30,0
356,4,C,6,standard,yes,no,4,85,0
356,5,A,6,standard,yes,yes,1,30,1
356,5,B,2,premium,yes,no,2,65,0
356,5,C,6,premium,yes,yes,1,85,0
356,6,A,6,standard,no,no,2,65,0
356,6,B,4,premium,yes,yes,4,65,0
356,6,C,2,premium,yes,yes,4,30,1
356,7,A,4,premium,no,no,4,110,0
356,7,B,2,premium,yes,yes,2,65,1
356,7,C,2,premium,no,no,1,65,0
356,8,A,6,premium,yes,no,2,110,0
356,8,B,4,standard,yes,no,4,65,0
356,8,C,2,standard,no,yes,2,30,1
357,1,A,4,premium,no,no,4,110,0
357,1,B,2,premium,no,yes,4,45,0
357,1,C,6,premium,no,yes,1,65,1
357,2,A,6,premium,no,yes,1,65,0
357,2,B,4,premium,no,no,2,110,0
357,2,C,6,standard,no,yes,1,45,1
357,3,A,4,standard,yes,yes,2,45,0
357,3,B,6,premium,yes,no,1,45,0
357,3,C,2,standard,no,no,4,65,1
357,4,A,2,premium,no,no,1,45,0
357,4,B,2,standard,yes,yes,2,45,1
357,4,C,6,premium,yes,no,1,110,0
357,5,A,6,premium,no,no,1,85,0
357,5,B,2,standard,yes,yes,1,85,1
357,5,C,4,standard,no,yes,4,85,0
357,6,A,2,premium,yes,no,1,85,1
357,6,B,6,standard,no,yes,4,85,0
357,6,C,4,standard,no,yes,2,85,0
357,7,A,2,standard,yes,no,2,45,1
357,7,B,2,standard,yes,no,2,45,0
357,7,C,6,standard,no,yes,4,30,0
357,8,A,4,premium,no,yes,1,65,0
357,8,B,2,premium,yes,no,1,85,0
357,8,C,4,premium,no,yes,4,30,1
358,1,A,6,premium,yes,yes,2,45,1
358,1,B,6,standard,yes,yes,1,65,0
358,1,C,2,standard,yes,yes,1,110,0
358,2,A,6,premium,no,yes,2,85,1
358,2,B,6,standard,no,yes,4,110,0
358,2,C,6,standard,yes,no,1,85,0
358,3,A,4,standard,no,yes,2,30,1
358,3,B,6,standard,yes,no,1,110,0
358,3,C,2,premium,no,no,4,85,0
358,4,A,4,premium,yes,no,2,65,0
358,4,B,4,standard,yes,yes,2,30,1
358,4,C,2,standard,yes,no,1,110,0
358,5,A,2,standard,yes,yes,2,45,1
358,5,B,4,premium,yes,yes,1,110,0
358,5,C,4,premium,yes,no,2,85,0
358,6,A,2,premium,yes,no,1,45,0
358,6,B,4,premium,yes,yes,4,30,1
358,6,C,6,premium,no,no,1,45,0
358,7,A,4,standard,no,yes,2,65,0
358,7,B,6,premium,yes,no,4,45,0
358,7,C,4,premium,yes,yes,1,65,1
358,8,A,6,standard,no,yes,4,110,0
358,8,B,6,standard,no,yes,2,45,0
358,8,C,4,premium,no,yes,2,65,1
359,1,A,6,premium,yes,yes,4,65,1
359,1,B,2,standard,no,no,2,110,0
359,1,C,6,standard,no,yes,2,65,0
359,2,A,4,standard,no,yes,4,30,0
359,2,B,4,standard,yes,yes,4,110,0
359,2,C,4,standard,no,no,1,85,1
359,3,A,4,premium,no,yes,1,110,0
359,3,B,4,premium,no,yes,4,30,1
359,3,C,6,premium,yes,yes,4,30,0
359,4,A,4,premium,no,yes,4,85,0
359,4,B,2,premium,yes,yes,1,45,1
359,4,C,4,standard,yes,yes,2,110,0
359,5,A,2,standard,yes,no,1,65,0
359,5,B,2,premium,yes,yes,4,30,1
359,5,C,6,standard,yes,yes,1,45,0
359,6,A,6,premium,no,no,4,85,0
359,6,B,4,premium,no,no,4,110,0
359,6,C,6,premium,yes,yes,1,30,1
359,7,A,4,premium,yes,yes,4,30,1
359,7,B,2,premium,yes,yes,4,85,0
359,7,C,4,premium,yes,no,2,65,0
359,8,A,6,standard,yes,no,2,30,1
359,8,B,2,standard,no,no,1,30,0
359,8,C,4,standard,yes,yes,1,85,0
360,1,A,2,premium,yes,no,4,30,0
360,1,B,6,premium,no,yes,4,65,0
360,1,C,2,premium,yes,no,4,30,1
360,2,A,6,premium,yes,yes,4,110,0
360,2,B,2,standard,no,no,1,85,0
360,2,C,4,premium,yes,yes,1,45,1
360,3,A,2,standard,yes,no,4,45,0
360,3,B,2,standard,no,yes,2,30,0
360,3,C,4,premium,yes,yes,4,30,1
360,4,A,2,premium,yes,yes,4,30,1
360,4,B,6,standard,yes,yes,4,65,0
360,4,C,6,standard,no,no,1,30,0
360,5,A,6,standard,yes,yes,1,45,1
360,5,B,2,standard,no,yes,1,85,0
360,5,C,6,premium,no,no,2,45,0
360,6,A,6,premium,no,no,1,110,0
360,6,B,6,premium,yes,yes,1,65,0
360,6,C,2,premium,no,no,2,30,1
360,7,A,2,premium,no,yes,1,85,0
360,7,B,4,standard,yes,no,4,65,1
360,7,C,2,premium,no,no,2,45,0
360,8,A,4,premium,no,yes,4,110,1
360,8,B,4,premium,no,yes,2,30,0
360,8,C,6,standard,yes,no,1,110,0
361,1,A,4,premium,no,yes,2,85,0
361,1,B,4,standard,yes,no,2,85,0
361,1,C,6,premium,no,no,4,45,1
361,2,A,6,standard,yes,no,1,65,0
361,2,B,2,premium,no,no,1,45,1
361,2,C,2,standard,no,yes,2,45,0
361,3,A,2,standard,no,yes,2,85,0
361,3,B,6,standard,no,no,1,30,1
361,3,C,4,premium,no,yes,1,65,0
361,4,A,2,premium,yes,no,1,30,0
361,4,B,2,standard,no,no,4,110,0
361,4,C,6,standard,yes,no,4,30,1
361,5,A,4,standard,no,no,1,85,0
361,5,B,2,premium,yes,yes,2,30,0
361,5,C,4,standard,yes,yes,1,30,1
361,6,A,4,premium,yes,yes,1,45,1
361,6,B,2,standard,yes,no,2,65,0
361,6,C,2,premium,yes,yes,2,45,0
361,7,A,4,premium,yes,yes,4,45,0
361,7,B,2,premium,yes,no,4,30,1
361,7,C,4,premium,no,yes,1,65,0
361,8,A,4,premium,no,yes,4,65,0
361,8,B,2,standard,yes,yes,2,45,0
361,8,C,6,premium,no,no,4,30,1
362,1,A,2,standard,no,yes,2,30,1
362,1,B,6,premium,no,no,4,85,0
362,1,C,4,standard,yes,yes,1,65,0
362,2,A,6,standard,yes,yes,2,65,0
362,2,B,2,premium,no,no,4,85,1
362,2,C,2,standard,yes,yes,2,110,0
362,3,A,4,standard,no,no,2,30,0
362,3,B,4,standard,no,yes,1,30,1
362,3,C,2,standard,yes,no,4,45,0
362,4,A,6,standard,yes,no,1,65,0
362,4,B,6,premium,no,yes,2,85,1
362,4,C,4,premium,no,no,2,110,0
362,5,A,4,premium,no,no,1,30,0
362,5,B,6,standard,yes,yes,2,110,1
362,5,C,2,premium,no,yes,2,65,0
362,6,A,2,premium,no,yes,1,85,1
362,6,B,2,standard,no,no,1,85,0
362,6,C,6,standard,yes,no,1,110,0
362,7,A,2,standard,yes,no,1,30,1
362,7,B,6,premium,yes,no,4,65,0
362,7,C,4,premium,yes,no,4,85,0
362,8,A,4,premium,no,no,1,65,1
362,8,B,4,premium,no,yes,4,65,0
362,8,C,4,standard,no,no,2,85,0
363,1,A,4,standard,no,no,2,110,0
363,1,B,4,standard,yes,no,2,45,1
363,1,C,2,standard,yes,no,1,85,0
363,2,A,2,standard,yes,yes,4,65,1
363,2,B,2,premium,yes,yes,4,85,0
363,2,C,6,premium,yes,yes,2,65,0
363,3,A,4,premium,no,yes,2,45,1
363,3,B,2,standard,no,yes,4,110,0
363,3,C,4,premium,no,yes,4,65,0
363,4,A,6,standard,no,yes,4,45,0
363,4,B,2,premium,yes,yes,4,85,1
363,4,C,2,standard,yes,no,1,65,0
363,5,A,2,premium,no,no,4,85,0
363,5,B,2,premium,yes,yes,2,110,1
363,5,C,2,premium,yes,yes,2,65,0
363,6,A,6,standard,yes,no,2,110,0
363,6,B,4,standard,yes,no,1,85,0
363,6,C,4,standard,yes,yes,1,30,1
363,7,A,2,standard,no,yes,1,45,1
363,7,B,4,premium,no,no,4,30,0
363,7,C,2,standard,no,no,4,30,0
363,8,A,4,premium,yes,no,2,30,1
363,8,B,4,premium,yes,no,1,110,0
363,8,C,2,premium,yes,no,1,85,0
364,1,A,2,standard,yes,yes,1,30,0
364,1,B,4,standard,no,yes,4,45,0
364,1,C,6,premium,yes,yes,1,30,1
364,2,A,4,standard,no,yes,1,30,1
364,2,B,4,standard,no,no,1,30,0
364,2,C,6,premium,no,yes,4,45,0
364,3,A,2,premium,no,no,4,65,0
364,3,B,4,standard,yes,no,1,85,0
364,3,C,4,standard,yes,yes,1,85,1
364,4,A,2,premium,no,yes,2,30,0
364,4,B,6,premium,no,yes,2,85,1
364,4,C,2,standard,yes,yes,1,45,0
364,5,A,4,premium,no,no,2,45,0
364,5,B,6,standard,no,no,1,65,0
364,5,C,6,standard,no,no,2,30,1
364,6,A,4,standard,yes,no,4,45,0
364,6,B,2,standard,no,no,1,85,0
364,6,C,2,standard,no,no,1,30,1
364,7,A,2,standard,yes,yes,2,65,0
364,7,B,4,standard,yes,yes,4,30,1
364,7,C,4,premium,yes,yes,2,45,0
364,8,A,6,standard,no,yes,1,45,1
364,8,B,6,premium,yes,yes,4,45,0
364,8,C,6,standard,yes,yes,2,65,0
365,1,A,4,premium,no,yes,1,85,1
365,1,B,2,standard,no,no,1,85,0
365,1,C,2,premium,no,yes,2,65,0
365,2,A,4,standard,yes,no,1,30,1
365,2,B,4,standard,yes,no,2,110,0
365,2,C,4,premium,yes,no,2,85,0
365,3,A,2,standard,yes,no,4,110,0
365,3,B,2,premium,no,no,2,65,0
365,3,C,4,premium,no,yes,4,65,1
365,4,A,2,standard,no,yes,1,110,0
365,4,B,2,standard,no,yes,2,85,0
365,4,C,6,premium,no,no,2,65,1
365,5,A,6,standard,no,no,2,65,0
365,5,B,4,premium,no,yes,4,65,1
365,5,C,6,standard,no,no,4,30,0
365,6,A,6,standard,yes,yes,4,110,0
365,6,B,6,standard,no,yes,1,30,0
365,6,C,2,standard,yes,no,4,30,1
365,7,A,4,premium,yes,yes,1,85,0
365,7,B,2,premium,no,yes,4,45,1
365,7,C,6,premium,no,no,1,30,0
365,8,A,6,standard,no,no,4,30,0
365,8,B,6,premium,no,yes,4,85,1
365,8,C,4,premium,no,no,1,45,0
366,1,A,2,standard,yes,yes,4,110,0
366,1,B,6,standard,no,no,2,110,0
366,1,C,4,standard,yes,yes,2,110,1
366,2,A,6,standard,no,no,1,30,0
366,2,B,6,standard,no,yes,4,45,1
366,2,C,4,standard,no,no,4,85,0
366,3,A,2,premium,no,yes,2,85,0
366,3,B,6,standard,yes,no,4,65,0
366,3,C,6,premium,yes,yes,4,85,1
366,4,A,4,standard,yes,no,4,30,0
366,4,B,4,standard,yes,yes,4,45,1
366,4,C,4,premium,no,no,4,30,0
366,5,A,2,premium,yes,yes,2,30,1
366,5,B,2,premium,no,no,2,85,0
366,5,C,4,premium,no,no,4,65,0
366,6,A,6,premium,no,no,4,65,0
366,6,B,4,premium,no,no,2,45,1
366,6,C,2,premium,no,yes,2,85,0
366,7,A,4,standard,no,yes,1,30,0
366,7,B,4,premium,no,no,2,30,0
366,7,C,6,premium,no,no,2,65,1
366,8,A,6,standard,no,yes,2,65,0
366,8,B,2,standard,yes,no,1,110,0
366,8,C,4,standard,yes,yes,4,30,1
367,1,A,4,premium,yes,no,2,110,0
367,1,B,4,premium,yes,no,1,65,1
367,1,C,4,premium,no,no,1,45,0
367,2,A,2,standard,yes,yes,1,65,1
367,2,B,6,standard,yes,yes,1,65,0
367,2,C,4,standard,yes,yes,1,65,0
367,3,A,6,standard,yes,yes,2,85,0
367,3,B,2,standard,no,yes,2,65,0
367,3,C,4,premium,yes,yes,2,30,1
367,4,A,4,premium,no,yes,1,110,0
367,4,B,4,premium,yes,no,4,85,0
367,4,C,2,standard,yes,no,2,45,1
367,5,A,6,premium,no,yes,1,85,1
367,5,B,2,standard,no,no,2,45,0
367,5,C,4,premium,no,yes,2,45,0
367,6,A,2,standard,yes,yes,1,110,0
367,6,B,4,premium,no,no,2,85,0
367,6,C,6,premium,no,yes,4,30,1
367,7,A,4,premium,yes,no,2,85,0
367,7,B,4,premium,yes,yes,2,30,1
367,7,C,6,standard,no,no,4,110,0
367,8,A,2,premium,no,yes,4,110,0
367,8,B,6,standard,yes,no,1,85,1
367,8,C,2,standard,no,no,4,110,0
368,1,A,4,standard,no,no,4,45,0
368,1,B,6,standard,yes,no,4,110,0
368,1,C,4,premium,yes,yes,2,110,1
368,2,A,2,premium,yes,no,2,30,1
368,2,B,6,premium,yes,no,1,85,0
368,2,C,2,standard,yes,yes,2,85,0
368,3,A,6,premium,yes,no,1,45,0
368,3,B,6,standard,yes,no,4,110,1
368,3,C,4,standard,no,no,4,85,0
368,4,A,2,premium,no,no,4,30,0
368,4,B,4,premium,yes,no,1,30,1
368,4,C,2,premium,yes,no,1,30,0
368,5,A,2,standard,yes,no,4,85,0
368,5,B,6,premium,yes,yes,1,30,1
368,5,C,2,standard,yes,yes,2,30,0
368,6,A,4,premium,yes,no,1,110,0
368,6,B,6,standard,yes,yes,4,45,1
368,6,C,2,premium,no,yes,2,85,0
368,7,A,4,standard,no,yes,4,30,0
368,7,B,2,standard,no,no,4,85,0
368,7,C,4,standard,no,yes,4,45,1
368,8,A,2,premium,yes,no,2,110,0
368,8,B,6,standard,yes,no,4,110,0
368,8,C,2,premium,no,no,4,30,1
369,1,A,6,standard,no,yes,2,30,1
369,1,B,2,premium,yes,no,1,110,0
369,1,C,2,premium,no,yes,4,85,0
369,2,A,2,premium,no,no,4,85,0
369,2,B,2,premium,yes,no,2,85,0
369,2,C,2,premium,no,yes,2,30,1
369,3,A,2,premium,yes,yes,2,65,1
369,3,B,4,standard,yes,no,1,110,0
369,3,C,2,standard,yes,no,4,65,0
369,4,A,4,premium,no,no,2,65,0
369,4,B,6,premium,yes,no,2,110,1
369,4,C,6,standard,no,no,2,85,0
369,5,A,4,premium,yes,no,2,30,1
369,5,B,4,standard,no,no,1,30,0
369,5,C,6,premium,yes,yes,1,110,0
369,6,A,4,standard,no,yes,4,30,0
369,6,B,4,standard,yes,yes,2,85,1
369,6,C,4,premium,yes,no,1,110,0
369,7,A,2,premium,no,no,4,85,0
369,7,B,2,standard,yes,yes,2,30,0
369,7,C,4,premium,yes,yes,4,65,1
369,8,A,4,premium,no,yes,2,30,0
369,8,B,2,standard,no,no,1,45,0
369,8,C,6,premium,yes,yes,4,85,1
370,1,A,4,standard,yes,yes,1,65,1
370,1,B,6,standard,yes,no,1,110,0
370,1,C,6,standard,yes,no,4,45,0
370,2,A,2,premium,no,no,1,110,0
370,2,B,4,premium,no,yes,4,30,1
370,2,C,6,premium,yes,yes,4,65,0
370,3,A,2,standard,yes,yes,4,85,1
370,3,B,6,premium,yes,no,1,110,0
370,3,C,2,standard,no,yes,4,65,0
370,4,A,4,premium,no,no,2,30,1
370,4,B,2,premium,no,no,4,45,0
370,4,C,2,premium,no,no,2,30,0
370,5,A,4,standard,yes,no,1,45,0
370,5,B,6,standard,no,no,1,45,1
370,5,C,2,premium,no,no,2,110,0
370,6,A,4,premium,no,no,4,45,0
370,6,B,4,premium,no,no,4,65,0
370,6,C,4,premium,yes,no,4,65,1
370,7,A,4,standard,yes,yes,2,65,1
370,7,B,2,premium,no,yes,1,110,0
370,7,C,6,standard,yes,yes,4,45,0
370,8,A,6,premium,yes,no,4,85,0
370,8,B,4,standard,yes,no,2,110,0
370,8,C,6,premium,no,no,2,45,1
371,1,A,6,standard,no,yes,2,110,0
371,1,B,4,standard,no,yes,2,45,1
371,1,C,2,premium,no,no,2,110,0
371,2,A,2,premium,no,yes,1,65,0
371,2,B,6,standard,no,yes,4,65,1
371,2,C,2,premium,no,yes,2,85,0
371,3,A,4,premium,no,no,1,85,0
371,3,B,2,premium,yes,yes,2,30,1
371,3,C,4,standard,yes,yes,4,110,0
371,4,A,4,premium,yes,yes,2,65,1
371,4,B,4,premium,yes,yes,4,45,0
371,4,C,4,premium,yes,no,1,45,0
371,5,A,6,premium,yes,yes,4,110,0
371,5,B,6,premium,no,yes,1,45,1
371,5,C,6,premium,yes,no,4,30,0
371,6,A,4,standard,no,yes,4,65,1
371,6,B,2,premium,no,no,2,110,0
371,6,C,2,standard,no,yes,2,110,0
371,7,A,2,standard,no,no,1,45,0
371,7,B,6,standard,yes,yes,1,110,0
371,7,C,6,premium,yes,yes,2,65,1
371,8,A,2,standard,yes,yes,2,45,0
371,8,B,6,standard,no,no,4,85,0
371,8,C,2,standard,yes,yes,2,45,1
372,1,A,4,premium,no,no,2,30,0
372,1,B,4,standard,yes,no,2,110,0
372,1,C,4,premium,no,yes,2,30,1
372,2,A,2,premium,no,yes,4,110,0
372,2,B,6,premium,yes,no,1,110,0
372,2,C,2,premium,yes,yes,1,30,1
372,3,A,2,premium,yes,yes,4,110,0
372,3,B,4,standard,yes,yes,2,65,0
372,3,C,2,standard,yes,no,2,110,1
372,4,A,4,standard,no,yes,4,85,0
372,4,B,6,premium,yes,no,2,30,1
372,4,C,6,premium,no,yes,1,65,0
372,5,A,6,standard,no,yes,1,65,1
372,5,B,4,premium,no,yes,4,30,0
372,5,C,4,standard,no,no,1,65,0
372,6,A,4,standard,no,yes,1,85,0
372,6,B,4,standard,no,no,1,45,1
372,6,C,6,standard,no,no,2,85,0
372,7,A,6,standard,yes,yes,4,65,0
372,7,B,4,premium,no,no,2,65,0
372,7,C,2,standard,yes,yes,4,30,1
372,8,A,6,premium,yes,yes,1,45,0
372,8,B,4,standard,no,yes,4,30,0
372,8,C,6,premium,yes,no,4,30,1
373,1,A,6,standard,yes,no,2,30,1
373,1,B,6,standard,yes,yes,1,85,0
373,1,C,4,standard,no,no,4,30,0
373,2,A,6,standard,yes,no,1,85,1
373,2,B,6,standard,no,yes,2,85,0
373,2,C,4,standard,no,yes,4,45,0
373,3,A,6,standard,yes,no,2,110,0
373,3,B,2,premium,no,yes,2,65,0
373,3,C,6,premium,no,yes,2,30,1
373,4,A,4,premium,no,yes,4,65,1
373,4,B,6,standard,yes,yes,4,110,0
373,4,C,2,premium,no,yes,1,110,0
373,5,A,6,standard,yes,yes,1,45,1
373,5,B,6,standard,no,no,4,30,0
373,5,C,4,standard,no,no,2,30,0
373,6,A,4,standard,yes,yes,2,30,1
373,6,B,2,premium,yes,yes,2,110,0
373,6,C,2,premium,yes,no,2,110,0
373,7,A,4,premium,no,yes,4,85,0
373,7,B,6,premium,no,no,2,30,0
373,7,C,4,premium,yes,yes,1,65,1
373,8,A,2,premium,yes,yes,4,30,0
373,8,B,4,premium,no,no,1,65,0
373,8,C,4,premium,yes,no,4,30,1
374,1,A,6,standard,no,no,2,30,0
374,1,B,6,premium,yes,yes,2,45,1
374,1,C,6,premium,no,no,4,65,0
374,2,A,6,premium,yes,yes,4,85,0
374,2,B,4,standard,yes,no,1,30,0
374,2,C,4,premium,no,yes,1,45,1
374,3,A,2,premium,yes,yes,2,110,0
374,3,B,2,standard,no,yes,1,45,0
374,3,C,2,premium,no,no,1,65,1
374,4,A,4,standard,no,yes,1,45,0
374,4,B,6,standard,yes,no,4,110,0
374,4,C,6,premium,yes,yes,2,110,1
374,5,A,4,premium,yes,yes,1,30,1
374,5,B,2,premium,yes,no,2,65,0
374,5,C,2,premium,yes,yes,2,30,0
374,6,A,6,standard,yes,no,2,110,0
374,6,B,6,premium,yes,no,4,30,1
374,6,C,2,premium,no,no,2,30,0
374,7,A,2,premium,no,no,4,45,1
374,7,B,6,premium,no,yes,4,45,0
374,7,C,6,premium,no,no,2,45,0
374,8,A,4,standard,no,no,2,110,0
374,8,B,6,standard,yes,no,1,110,0
374,8,C,2,premium,no,no,4,30,1
375,1,A,6,premium,yes,yes,4,65,1
375,1,B,6,premium,no,yes,1,85,0
375,1,C,6,standard,no,yes,4,65,0
375,2,A,4,standard,yes,yes,1,30,0
375,2,B,6,standard,no,yes,2,30,1
375,2,C,2,premium,no,yes,2,30,0
375,3,A,2,standard,no,yes,4,85,0
375,3,B,2,premium,no,yes,2,30,1
375,3,C,2,premium,yes,yes,1,85,0
375,4,A,6,premium,yes,yes,2,110,0
375,4,B,6,premium,yes,yes,2,30,1
375,4,C,6,standard,no,no,1,45,0
375,5,A,6,premium,yes,yes,4,65,1
375,5,B,6,premium,no,yes,2,110,0
375,5,C,4,standard,no,yes,4,30,0
375,6,A,6,standard,no,no,4,85,0
375,6,B,4,standard,no,no,4,110,1
375,6,C,4,premium,no,yes,1,85,0
375,7,A,4,premium,yes,no,4,45,1
375,7,B,6,premium,yes,yes,2,65,0
375,7,C,4,premium,no,yes,4,110,0
375,8,A,2,standard,no,no,1,30,1
375,8,B,6,standard,yes,no,2,45,0
375,8,C,2,standard,yes,no,4,30,0
376,1,A,6,premium,no,no,2,65,0
376,1,B,2,standard,no,no,1,110,0
376,1,C,2,premium,no,yes,4,45,1
376,2,A,4,standard,no,no,1,45,0
376,2,B,2,premium,no,no,1,65,0
376,2,C,2,standard,no,no,2,45,1
376,3,A,6,standard,yes,no,2,45,0
376,3,B,2,premium,yes,no,2,45,0
376,3,C,6,standard,yes,no,2,30,1
376,4,A,2,standard,no,yes,2,65,0
376,4,B,4,standard,yes,yes,2,45,1
376,4,C,2,premium,no,no,1,110,0
376,5,A,6,standard,yes,yes,2,45,1
376,5,B,2,standard,no,no,1,65,0
376,5,C,2,premium,no,no,1,45,0
376,6,A,6,standard,yes,yes,1,110,0
376,6,B,6,premium,no,no,1,65,1
376,6,C,6,standard,no,no,4,110,0
376,7,A,4,premium,no,yes,2,45,1
376,7,B,2,premium,yes,yes,1,85,0
376,7,C,2,standard,yes,yes,2,110,0
376,8,A,2,premium,no,no,4,45,0
376,8,B,6,premium,no,no,1,45,1
376,8,C,6,standard,no,no,1,65,0
377,1,A,6,standard,no,yes,2,65,0
377,1,B,4,premium,no,yes,4,45,1
377,1,C,4,standard,yes,yes,4,45,0
377,2,A,6,premium,no,yes,1,45,1
377,2,B,6,premium,no,yes,2,85,0
377,2,C,4,premium,yes,yes,1,85,0
377,3,A,2,standard,no,yes,4,110,0
377,3,B,6,standard,no,yes,2,45,1
377,3,C,2,standard,no,yes,1,110,0
377,4,A,6,premium,yes,yes,2,45,0
377,4,B,4,standard,yes,yes,1,30,1
377,4,C,2,premium,no,no,1,65,0
377,5,A,4,standard,yes,no,1,85,0
377,5,B,6,premium,yes,yes,4,45,1
377,5,C,2,standard,no,yes,2,65,0
377,6,A,6,standard,yes,yes,2,65,1
377,6,B,6,standard,yes,yes,4,110,0
377,6,C,2,premium,no,yes,1,110,0
377,7,A,2,standard,no,no,1,30,0
377,7,B,2,premium,yes,yes,4,30,1
377,7,C,2,premium,no,yes,1,30,0
377,8,A,6,premium,yes,yes,2,30,1
377,8,B,6,standard,no,yes,2,85,0
377,8,C,2,premium,no,no,4,110,0
378,1,A,2,standard,yes,yes,2,45,1
378,1,B,2,standard,no,yes,1,110,0
378,1,C,4,standard,no,yes,4,110,0
378,2,A,4,premium,yes,no,4,85,0
378,2,B,6,standard,no,no,4,110,0
378,2,C,2,standard,no,yes,4,45,1
378,3,A,2,premium,yes,yes,2,65,0
378,3,B,2,premium,yes,no,2,45,1
378,3,C,6,standard,no,yes,2,65,0
378,4,A,6,premium,no,no,1,110,0
378,4,B,4,premium,yes,yes,1,65,1
378,4,C,2,standard,no,no,1,45,0
378,5,A,2,premium,yes,yes,1,30,1
378,5,B,6,premium,no,no,2,65,0
378,5,C,2,premium,no,no,1,110,0
378,6,A,6,standard,no,no,1,85,0
378,6,B,4,standard,yes,no,1,110,0
378,6,C,4,standard,yes,no,2,85,1
378,7,A,2,standard,no,no,4,85,1
378,7,B,4,standard,no,no,2,110,0
378,7,C,2,premium,yes,yes,1,110,0
378,8,A,2,premium,no,no,1,110,0
378,8,B,2,standard,yes,no,2,85,0
378,8,C,2,standard,no,no,2,45,1
379,1,A,4,premium,no,yes,1,30,1
379,1,B,4,standard,yes,yes,1,65,0
379,1,C,4,standard,no,yes,2,65,0
379,2,A,2,standard,yes,yes,4,85,0
379,2,B,4,premium,no,no,1,30,0
379,2,C,6,premium,no,yes,4,30,1
379,3,A,2,premium,yes,yes,1,30,0
379,3,B,6,premium,no,yes,1,45,1
379,3,C,2,standard,yes,no,4,45,0
379,4,A,6,standard,yes,no,4,65,1
379,4,B,6,standard,yes,yes,2,45,0
379,4,C,2,premium,no,yes,1,65,0
379,5,A,2,standard,no,yes,2,45,0
379,5,B,6,premium,no,no,1,85,1
379,5,C,6,premium,no,yes,4,65,0
379,6,A,6,premium,no,yes,4,85,0
379,6,B,6,standard,no,yes,2,85,0
379,6,C,6,standard,yes,no,1,45,1
379,7,A,2,premium,yes,yes,1,110,0
379,7,B,4,premium,no,yes,1,45,1
379,7,C,6,premium,yes,yes,2,110,0
379,8,A,6,premium,yes,no,2,65,1
379,8,B,2,premium,no,yes,1,110,0
379,8,C,2,premium,yes,yes,2,45,0
380,1,A,6,premium,no,yes,4,65,0
380,1,B,2,standard,no,yes,1,30,1
380,1,C,2,standard,no,yes,1,85,0
380,2,A,6,standard,no,no,4,45,1
380,2,B,2,standard,no,no,4,85,0
380,2,C,6,standard,yes,no,1,65,0
380,3,A,2,premium,yes,yes,1,45,1
380,3,B,6,premium,yes,no,4,45,0
380,3,C,2,standard,no,yes,4,85,0
380,4,A,6,standard,no,yes,2,30,1
380,4,B,4,premium,yes,no,2,45,0
380,4,C,4,standard,no,no,1,110,0
380,5,A,6,premium,yes,yes,4,110,0
380,5,B,4,standard,yes,no,1,30,1
380,5,C,6,standard,yes,no,1,85,0
380,6,A,2,standard,no,yes,4,30,1
380,6,B,2,premium,yes,no,1,110,0
380,6,C,4,premium,no,yes,1,45,0
380,7,A,6,premium,no,yes,4,30,1
380,7,B,4,premium,yes,yes,2,45,0
380,7,C,4,standard,no,yes,1,30,0
380,8,A,4,standard,yes,yes,4,30,1
380,8,B,4,standard,no,no,4,110,0
380,8,C,4,premium,no,no,4,85,0
381,1,A,6,premium,no,no,2,65,0
381,1,B,2,standard,no,yes,2,110,0
381,1,C,6,standard,no,yes,1,85,1
381,2,A,4,standard,yes,yes,4,65,1
381,2,B,2,standard,yes,yes,2,110,0
381,2,C,4,standard,no,yes,2,65,0
381,3,A,4,standard,yes,yes,1,30,1
381,3,B,4,standard,no,no,2,110,0
381,3,C,6,standard,yes,no,1,65,0
381,4,A,2,premium,yes,yes,4,30,1
381,4,B,6,premium,yes,yes,1,65,0
381,4,C,6,premium,no,yes,2,85,0
381,5,A,2,standard,no,no,2,65,0
381,5,B,6,premium,no,yes,2,30,1
381,5,C,4,premium,no,no,1,85,0
381,6,A,6,standard,no,yes,2,110,0
381,6,B,2,premium,yes,no,1,45,1
381,6,C,2,premium,yes,no,1,85,0
381,7,A,4,standard,yes,yes,1,65,0
381,7,B,2,standard,no,no,1,85,0
381,7,C,4,standard,yes,yes,2,45,1
381,8,A,4,standard,no,no,1,65,1
381,8,B,6,standard,yes,no,2,85,0
381,8,C,2,premium,yes,no,1,85,0
382,1,A,6,standard,yes,no,4,30,0
382,1,B,2,standard,no,no,4,45,1
382,1,C,2,standard,no,no,2,85,0
382,2,A,2,premium,no,yes,4,85,0
382,2,B,6,standard,yes,yes,2,65,1
382,2,C,2,premium,yes,yes,2,30,0
382,3,A,4,standard,no,no,1,65,0
382,3,B,2,standard,no,yes,4,30,1
382,3,C,6,standard,no,no,1,110,0
382,4,A,6,standard,yes,no,4,110,0
382,4,B,6,premium,no,yes,1,45,1
382,4,C,6,premium,no,yes,4,110,0
382,5,A,6,premium,no,no,2,30,1
382,5,B,2,premium,yes,yes,2,110,0
382,5,C,4,premium,no,yes,4,110,0
382,6,A,6,premium,no,yes,4,110,0
382,6,B,4,premium,yes,yes,2,85,1
382,6,C,2,standard,no,yes,1,85,0
382,7,A,6,premium,yes,yes,4,65,0
382,7,B,4,premium,no,no,1,45,0
382,7,C,2,premium,yes,no,4,65,1
382,8,A,4,standard,yes,yes,4,65,0
382,8,B,6,premium,no,yes,4,45,1
382,8,C,6,standard,no,no,2,85,0
383,1,A,4,standard,yes,yes,1,65,0
383,1,B,6,premium,yes,no,4,45,1
383,1,C,2,premium,yes,no,1,110,0
383,2,A,4,premium,yes,yes,2,45,0
383,2,B,4,premium,yes,yes,4,30,1
383,2,C,6,standard,yes,yes,4,65,0
383,3,A,6,standard,no,no,2,110,0
383,3,B,6,premium,no,yes,1,45,0
383,3,C,6,premium,yes,yes,4,30,1
383,4,A,4,premium,no,yes,2,30,0
383,4,B,4,standard,yes,no,1,110,0
383,4,C,4,premium,yes,yes,4,65,1
383,5,A,2,premium,no,yes,1,85,0
383,5,B,4,premium,yes,yes,4,45,1
383,5,C,4,premium,yes,yes,2,30,0
383,6,A,6,standard,no,no,2,85,1
383,6,B,6,premium,yes,no,2,45,0
383,6,C,4,premium,yes,yes,2,85,0
383,7,A,4,standard,yes,no,1,30,1
383,7,B,2,standard,no,yes,1,45,0
383,7,C,6,premium,no,yes,2,85,0
383,8,A,6,standard,yes,yes,2,65,0
383,8,B,2,standard,no,no,1,30,1
383,8,C,6,standard,no,yes,2,65,0
384,1,A,4,standard,yes,yes,4,65,0
384,1,B,4,standard,no,yes,4,30,1
384,1,C,2,standard,no,no,2,110,0
384,2,A,6,standard,yes,yes,2,30,1
384,2,B,2,standard,yes,yes,2,45,0
384,2,C,2,premium,yes,yes,2,110,0
384,3,A,4,premium,no,yes,1,110,1
384,3,B,6,premium,yes,yes,4,110,0
384,3,C,6,standard,no,yes,1,110,0
384,4,A,4,premium,no,no,2,65,1
384,4,B,4,premium,yes,no,4,110,0
384,4,C,6,premium,yes,no,1,110,0
384,5,A,4,premium,yes,yes,2,85,0
384,5,B,6,standard,yes,no,4,65,0
384,5,C,4,premium,no,no,4,30,1
384,6,A,2,premium,no,no,1,85,0
384,6,B,2,standard,no,yes,4,30,0
384,6,C,2,premium,yes,yes,2,45,1
384,7,A,4,standard,no,yes,2,30,1
384,7,B,6,premium,no,yes,4,30,0
384,7,C,6,standard,yes,no,4,110,0
384,8,A,4,premium,yes,no,4,30,0
384,8,B,6,premium,yes,yes,1,85,0
384,8,C,6,standard,no,yes,2,30,1
385,1,A,4,premium,yes,yes,1,45,1
385,1,B,2,standard,no,yes,2,110,0
385,1,C,2,standard,yes,no,1,85,0
385,2,A,2,premium,no,no,1,45,0
385,2,B,2,standard,yes,no,4,110,0
385,2,C,2,standard,no,no,1,110,1
385,3,A,6,premium,yes,yes,2,85,1
385,3,B,4,standard,yes,no,1,45,0
385,3,C,6,premium,no,no,4,65,0
385,4,A,2,premium,no,no,4,110,0
385,4,B,6,standard,yes,no,2,65,0
385,4,C,6,premium,no,no,2,45,1
385,5,A,2,premium,no,no,4,110,0
385,5,B,4,standard,yes,no,4,65,0
385,5,C,2,premium,yes,yes,2,30,1
385,6,A,4,premium,yes,no,2,30,1
385,6,B,4,standard,yes,no,2,110,0
385,6,C,6,premium,yes,no,2,110,0
385,7,A,6,standard,no,yes,4,65,0
385,7,B,4,standard,yes,no,2,30,1
385,7,C,2,standard,no,no,4,65,0
385,8,A,6,standard,yes,no,4,30,0
385,8,B,4,premium,no,no,1,45,0
385,8,C,6,premium,no,yes,1,30,1
386,1,A,6,standard,no,yes,4,85,0
386,1,B,4,premium,yes,yes,1,30,1
386,1,C,4,premium,no,no,2,65,0
386,2,A,4,premium,no,yes,4,85,0
386,2,B,6,standard,yes,no,4,30,0
386,2,C,4,standard,yes,no,4,30,1
386,3,A,6,standard,yes,yes,2,45,0
386,3,B,6,premium,no,yes,2,110,0
386,3,C,4,premium,yes,yes,4,45,1
386,4,A,2,premium,yes,yes,2,30,1
386,4,B,4,standard,yes,no,4,110,0
386,4,C,4,premium,no,no,2,30,0
386,5,A,4,premium,no,yes,2,30,0
386,5,B,6,standard,no,no,2,85,0
386,5,C,6,premium,no,yes,2,30,1
386,6,A,2,standard,no,no,1,30,0
386,6,B,6,standard,yes,yes,2,85,1
386,6,C,2,premium,no,yes,4,85,0
386,7,A,6,standard,yes,no,4,65,0
386,7,B,4,standard,yes,no,1,65,0
386,7,C,6,premium,yes,yes,4,30,1
386,8,A,2,standard,yes,no,2,85,0
386,8,B,2,standard,no,no,2,30,1
386,8,C,4,premium,no,no,2,65,0
387,1,A,6,standard,no,yes,4,65,0
387,1,B,2,premium,no,yes,4,110,0
387,1,C,2,premium,yes,no,4,65,1
387,2,A,4,premium,yes,yes,1,85,0
387,2,B,2,premium,no,no,4,45,0
387,2,C,2,premium,yes,yes,1,110,1
387,3,A,4,premium,yes,yes,1,110,0
387,3,B,6,premium,no,yes,2,45,1
387,3,C,2,premium,no,no,2,30,0
387,4,A,6,standard,yes,no,4,30,1
387,4,B,6,standard,yes,no,2,85,0
387,4,C,2,premium,no,no,1,110,0
387,5,A,6,premium,no,no,4,45,1
387,5,B,2,standard,no,yes,4,65,0
387,5,C,4,premium,yes,no,1,45,0
387,6,A,2,premium,yes,yes,1,30,0
387,6,B,4,premium,no,yes,4,85,1
387,6,C,6,standard,yes,yes,4,85,0
387,7,A,2,premium,no,no,2,85,0
387,7,B,2,standard,yes,no,2,85,0
387,7,C,2,standard,yes,no,2,85,1
387,8,A,6,standard,yes,no,1,110,0
387,8,B,2,standard,yes,yes,4,65,1
387,8,C,4,premium,no,no,1,110,0
388,1,A,6,premium,no,no,1,85,1
388,1,B,2,premium,no,no,2,65,0
388,1,C,2,standard,yes,yes,1,65,0
388,2,A,2,standard,no,no,2,65,0
388,2,B,2,premium,yes,no,2,45,1
388,2,C,2,premium,no,no,1,110,0
388,3,A,4,standard,yes,yes,4,30,1
388,3,B,6,standard,no,no,4,65,0
388,3,C,2,standard,yes,no,1,45,0
388,4,A,6,premium,yes,yes,1,110,0
388,4,B,4,premium,no,no,4,45,0
388,4,C,2,premium,yes,yes,1,30,1
388,5,A,4,standard,yes,yes,1,65,1
388,5,B,6,standard,yes,no,1,30,0
388,5,C,6,premium,no,yes,4,85,0
388,6,A,2,premium,no,no,2,45,0
388,6,B,4,premium,yes,yes,4,110,0
388,6,C,4,standard,yes,no,2,45,1
388,7,A,2,premium,no,no,1,45,0
388,7,B,4,premium,yes,yes,2,110,0
388,7,C,6,premium,no,yes,2,45,1
388,8,A,2,standard,no,no,1,85,0
388,8,B,6,premium,yes,no,4,30,1
388,8,C,4,premium,no,no,4,45,0
389,1,A,4,standard,yes,no,2,30,1
389,1,B,6,standard,yes,no,4,85,0
389,1,C,6,premium,no,no,4,85,0
389,2,A,2,standard,yes,no,1,30,1
389,2,B,4,standard,yes,no,2,85,0
389,2,C,6,standard,no,no,4,110,0
389,3,A,2,standard,yes,yes,4,45,1
389,3,B,2,standard,no,yes,2,110,0
389,3,C,6,premium,no,no,2,65,0
389,4,A,2,premium,no,yes,4,30,1
389,4,B,4,premium,yes,yes,4,85,0
389,4,C,6,premium,no,yes,2,65,0
389,5,A,4,premium,no,yes,1,110,0
389,5,B,2,standard,yes,yes,2,65,1
389,5,C,2,premium,yes,no,1,65,0
389,6,A,2,premium,no,yes,4,45,1
389,6,B,6,premium,no,yes,2,85,0
389,6,C,4,standard,yes,yes,4,85,0
389,7,A,2,premium,no,no,1,65,0
389,7,B,2,premium,no,yes,1,45,0
389,7,C,4,standard,no,yes,2,65,1
389,8,A,2,standard,no,no,4,45,0
389,8,B,2,standard,no,no,1,30,0
389,8,C,2,premium,no,no,2,65,1
390,1,A,2,standard,yes,yes,2,45,0
390,1,B,6,premium,no,yes,2,30,1
390,1,C,4,standard,no,yes,2,65,0
390,2,A,4,standard,no,yes,2,30,1
390,2,B,4,premium,yes,no,2,110,0
390,2,C,2,premium,no,no,4,85,0
390,3,A,2,premium,yes,yes,1,45,1
390,3,B,2,premium,yes,no,2,110,0
390,3,C,2,premium,no,no,4,45,0
390,4,A,6,premium,no,yes,4,45,1
390,4,B,2,premium,yes,no,1,45,0
390,4,C,2,premium,no,no,2,30,0
390,5,A,6,standard,no,yes,1,45,0
390,5,B,2,standard,no,no,2,85,0
390,5,C,4,premium,yes,no,4,30,1
390,6,A,6,premium,no,no,1,30,1
390,6,B,2,premium,no,no,4,110,0
390,6,C,4,premium,no,no,2,85,0
390,7,A,4,standard,yes,yes,2,85,1
390,7,B,2,premium,yes,no,2,110,0
390,7,C,4,standard,no,yes,4,45,0
390,8,A,2,premium,no,no,2,110,0
390,8,B,4,standard,no,no,1,30,0
390,8,C,6,standard,yes,yes,1,30,1
391,1,A,4,premium,no,yes,4,30,1
391,1,B,4,standard,yes,yes,4,85,0
391,1,C,2,standard,yes,yes,2,110,0
391,2,A,2,premium,no,yes,4,85,0
391,2,B,6,standard,no,yes,1,30,1
391,2,C,6,standard,no,no,1,85,0
391,3,A,4,standard,yes,no,2,65,0
391,3,B,6,standard,yes,no,4,45,1
391,3,C,6,standard,no,no,4,85,0
391,4,A,4,premium,no,yes,4,65,0
391,4,B,6,premium,yes,no,4,30,1
391,4,C,2,standard,no,yes,4,45,0
391,5,A,4,premium,yes,yes,4,85,1
391,5,B,4,premium,no,no,4,85,0
391,5,C,4,standard,no,yes,1,45,0
391,6,A,6,standard,yes,yes,4,45,0
391,6,B,4,premium,yes,yes,4,110,0
391,6,C,6,standard,yes,no,1,30,1
391,7,A,2,premium,no,no,2,110,0
391,7,B,2,premium,no,yes,2,65,1
391,7,C,4,premium,no,no,2,45,0
391,8,A,4,standard,yes,no,1,85,0
391,8,B,6,standard,no,yes,4,110,0
391,8,C,4,standard,no,no,4,30,1
392,1,A,4,standard,yes,no,2,30,1
392,1,B,4,standard,yes,yes,2,110,0
392,1,C,6,standard,yes,yes,1,65,0
392,2,A,4,standard,no,no,4,45,0
392,2,B,6,standard,no,yes,4,110,0
392,2,C,4,premium,yes,no,1,45,1
392,3,A,6,standard,no,yes,4,45,0
392,3,B,2,premium,yes,no,1,85,0
392,3,C,6,premium,yes,yes,2,30,1
392,4,A,4,standard,yes,yes,4,45,0
392,4,B,4,premium,no,yes,2,85,0
392,4,C,4,premium,yes,no,1,30,1
392,5,A,6,standard,no,yes,2,45,0
392,5,B,4,premium,no,yes,2,30,1
392,5,C,2,premium,no,no,2,65,0
392,6,A,4,premium,yes,yes,2,45,1
392,6,B,4,standard,yes,no,1,30,0
392,6,C,4,standard,no,no,2,85,0
392,7,A,2,standard,no,no,1,30,0
392,7,B,4,standard,no,no,4,30,0
392,7,C,4,standard,yes,no,4,45,1
392,8,A,6,premium,yes,yes,1,85,1
392,8,B,2,standard,yes,no,2,65,0
392,8,C,2,premium,yes,yes,4,110,0
393,1,A,4,premium,yes,yes,1,45,1
393,1,B,2,standard,no,yes,4,30,0
393,1,C,4,premium,yes,yes,1,110,0
393,2,A,2,premium,no,no,1,85,0
393,2,B,4,premium,no,yes,2,65,1
393,2,C,2,standard,yes,yes,1,85,0
393,3,A,6,standard,yes,no,4,85,1
393,3,B,6,premium,yes,no,4,85,0
393,3,C,6,standard,no,yes,4,30,0
393,4,A,2,premium,yes,yes,4,30,0
393,4,B,6,premium,no,no,2,85,0
393,4,C,4,standard,no,yes,4,85,1
393,5,A,4,standard,yes,yes,2,85,0
393,5,B,2,premium,yes,yes,4,30,1
393,5,C,6,standard,no,yes,2,30,0
393,6,A,4,standard,yes,yes,1,110,1
393,6,B,4,standard,no,no,2,110,0
393,6,C,2,premium,no,no,1,85,0
393,7,A,4,premium,yes,no,1,45,0
393,7,B,4,standard,yes,yes,1,110,0
393,7,C,4,premium,yes,no,4,30,1
393,8,A,4,standard,no,yes,4,85,0
393,8,B,2,premium,yes,no,4,85,1
393,8,C,6,standard,yes,no,4,85,0
394,1,A,2,premium,yes,yes,1,110,0
394,1,B,6,premium,yes,yes,2,45,1
394,1,C,4,premium,yes,yes,4,110,0
394,2,A,2,premium,no,no,2,65,0
394,2,B,2,premium,no,yes,2,65,1
394,2,C,2,premium,no,yes,2,110,0
394,3,A,4,standard,yes,yes,4,45,1
394,3,B,4,premium,no,no,2,65,0
394,3,C,6,standard,no,yes,4,110,0
394,4,A,4,standard,no,yes,4,110,0
394,4,B,2,premium,yes,no,2,85,0
394,4,C,4,premium,yes,no,2,85,1
394,5,A,4,standard,no,no,4,110,0
394,5,B,2,premium,no,no,2,30,1
394,5,C,2,premium,no,no,4,85,0
394,6,A,6,premium,yes,no,1,65,1
394,6,B,4,standard,no,no,2,65,0
394,6,C,2,premium,no,yes,1,110,0
394,7,A,2,premium,yes,no,1,85,1
394,7,B,2,standard,yes,no,4,85,0
394,7,C,4,standard,no,no,1,85,0
394,8,A,6,premium,no,yes,4,110,0
394,8,B,6,standard,yes,no,2,30,1
394,8,C,2,premium,no,no,2,110,0
395,1,A,2,premium,no,yes,2,65,0
395,1,B,6,standard,no,yes,4,30,1
395,1,C,4,premium,no,yes,2,65,0
395,2,A,6,standard,no,yes,4,85,0
395,2,B,4,standard,no,yes,4,30,0
395,2,C,6,premium,no,no,1,45,1
395,3,A,2,premium,no,yes,2,110,1
395,3,B,6,premium,no,no,1,85,0
395,3,C,2,standard,no,yes,2,110,0
395,4,A,2,premium,no,yes,2,45,1
395,4,B,2,standard,no,yes,1,65,0
395,4,C,2,standard,yes,yes,4,45,0
395,5,A,2,premium,no,no,2,110,0
395,5,B,4,standard,no,no,1,45,0
395,5,C,2,premium,no,no,2,45,1
395,6,A,2,premium,no,no,1,45,0
395,6,B,6,standard,yes,yes,4,85,0
395,6,C,2,standard,yes,no,2,30,1
395,7,A,6,premium,yes,no,1,45,1
395,7,B,6,standard,yes,no,4,110,0
395,7,C,2,standard,yes,yes,1,45,0
395,8,A,2,standard,no,no,4,110,1
395,8,B,4,premium,no,no,2,85,0
395,8,C,6,standard,no,yes,1,110,0
396,1,A,2,standard,yes,yes,4,85,0
396,1,B,2,standard,yes,no,2,45,1
396,1,C,6,standard,no,no,1,30,0
396,2,A,4,standard,no,no,1,65,0
396,2,B,6,premium,no,yes,1,30,1
396,2,C,6,premium,yes,no,2,45,0
396,3,A,2,premium,no,yes,1,30,1
396,3,B,6,standard,no,no,4,110,0
396,3,C,4,premium,no,yes,4,110,0
396,4,A,6,premium,no,yes,4,65,0
396,4,B,2,standard,no,no,1,45,0
396,4,C,6,standard,no,no,2,65,1
396,5,A,4,standard,yes,no,4,110,0
396,5,B,2,standard,no,no,4,30,0
396,5,C,2,standard,no,yes,2,65,1
396,6,A,4,premium,yes,no,2,85,0
396,6,B,2,standard,yes,no,2,65,0
396,6,C,4,premium,no,no,1,85,1
396,7,A,4,premium,yes,yes,4,85,0
396,7,B,2,premium,no,no,2,65,1
396,7,C,6,premium,no,yes,2,65,0
396,8,A,2,premium,yes,yes,2,65,1
396,8,B,2,premium,yes,no,2,65,0
396,8,C,6,premium,no,no,1,65,0
397,1,A,2,standard,yes,yes,1,65,1
397,1,B,4,premium,yes,no,1,45,0
397,1,C,2,premium,yes,no,4,85,0
397,2,A,4,premium,yes,yes,1,110,0
397,2,B,2,premium,no,yes,4,65,1
397,2,C,2,premium,no,yes,2,65,0
397,3,A,4,premium,no,no,1,30,1
397,3,B,4,premium,no,no,2,85,0
397,3,C,6,standard,no,yes,1,30,0
397,4,A,6,premium,no,yes,1,110,0
397,4,B,4,standard,yes,no,1,30,1
397,4,C,6,premium,no,no,2,110,0
397,5,A,2,premium,no,yes,1,45,0
397,5,B,4,premium,no,no,2,110,0
397,5,C,6,premium,yes,yes,4,45,1
397,6,A,4,premium,yes,no,4,110,0
397,6,B,2,premium,no,no,4,45,1
397,6,C,6,premium,no,yes,2,65,0
397,7,A,4,premium,no,yes,2,30,0
397,7,B,4,standard,yes,no,1,45,1
397,7,C,4,premium,no,no,4,45,0
397,8,A,6,premium,yes,no,2,65,1
397,8,B,2,premium,no,yes,4,110,0
397,8,C,2,standard,no,yes,2,85,0
398,1,A,6,standard,no,yes,2,30,1
398,1,B,4,standard,no,yes,4,110,0
398,1,C,2,standard,yes,yes,1,110,0
398,2,A,2,standard,yes,yes,4,110,0
398,2,B,6,standard,yes,no,4,110,0
398,2,C,4,premium,yes,no,1,85,1
398,3,A,4,premium,yes,yes,2,65,0
398,3,B,6,standard,yes,no,2,65,0
398,3,C,2,standard,no,yes,4,30,1
398,4,A,4,standard,yes,yes,2,45,1
398,4,B,4,standard,yes,yes,2,110,0
398,4,C,2,premium,no,no,4,85,0
398,5,A,6,premium,no,yes,4,45,1
398,5,B,4,premium,yes,yes,4,65,0
398,5,C,4,premium,yes,no,4,45,0
398,6,A,4,standard,no,yes,2,85,0
398,6,B,6,standard,no,yes,4,45,0
398,6,C,2,premium,no,no,2,30,1
398,7,A,4,standard,yes,no,4,110,0
398,7,B,6,standard,yes,no,1,110,0
398,7,C,6,standard,yes,no,2,30,1
398,8,A,2,premium,no,yes,2,85,0
398,8,B,6,premium,no,yes,2,110,0
398,8,C,6,standard,yes,no,4,85,1
399,1,A,4,standard,yes,yes,1,30,1
399,1,B,4,premium,yes,no,4,65,0
399,1,C,4,standard,yes,no,2,65,0
399,2,A,2,premium,no,yes,2,65,0
399,2,B,4,premium,yes,no,4,65,1
399,2,C,6,premium,yes,no,2,85,0
399,3,A,4,premium,yes,yes,1,45,1
399,3,B,2,premium,yes,yes,1,30,0
399,3,C,6,premium,no,no,4,85,0
399,4,A,4,standard,no,no,1,45,1
399,4,B,2,premium,no,no,4,30,0
399,4,C,2,premium,no,no,1,65,0
399,5,A,4,standard,no,yes,1,45,1
399,5,B,2,standard,yes,no,4,65,0
399,5,C,6,premium,yes,no,4,85,0
399,6,A,2,standard,no,yes,1,85,0
399,6,B,2,premium,no,yes,2,110,0
399,6,C,6,premium,yes,yes,1,45,1
399,7,A,2,premium,no,no,2,85,0
399,7,B,2,standard,yes,yes,1,85,0
399,7,C,6,standard,no,yes,2,65,1
399,8,A,2,standard,no,yes,1,30,0
399,8,B,2,premium,no,yes,2,110,0
399,8,C,6,premium,yes,no,2,45,1
400,1,A,6,premium,yes,yes,2,65,1
400,1,B,4,standard,yes,no,2,65,0
400,1,C,6,standard,yes,yes,4,85,0
400,2,A,6,standard,no,no,1,30,0
400,2,B,2,premium,no,yes,2,85,0
400,2,C,2,standard,no,no,4,65,1
400,3,A,6,standard,no,yes,1,45,1
400,3,B,4,premium,no,yes,2,85,0
400,3,C,2,premium,yes,yes,1,85,0
400,4,A,2,standard,no,no,2,65,0
400,4,B,4,standard,yes,yes,2,85,0
400,4,C,2,standard,no,yes,1,85,1
400,5,A,6,premium,no,yes,1,110,1
400,5,B,6,premium,yes,no,2,110,0
400,5,C,4,standard,no,no,2,85,0
400,6,A,4,standard,no,yes,4,110,0
400,6,B,6,premium,yes,no,2,45,1
400,6,C,2,standard,no,yes,1,85,0
400,7,A,4,premium,yes,no,4,30,1
400,7,B,4,standard,no,yes,4,65,0
400,7,C,6,premium,yes,no,2,45,0
400,8,A,6,premium,yes,no,4,110,0
400,8,B,2,standard,no,no,4,30,1
400,8,C,2,standard,no,yes,1,85,0
401,1,A,6,standard,no,no,2,45,1
401,1,B,6,standard,no,yes,4,110,0
401,1,C,4,standard,no,no,1,110,0
401,2,A,6,standard,no,yes,1,30,1
401,2,B,4,premium,no,no,2,85,0
401,2,C,2,premium,no,no,4,65,0
401,3,A,6,standard,yes,no,2,110,0
401,3,B,4,premium,yes,yes,4,45,1
401,3,C,4,standard,yes,yes,1,65,0
401,4,A,2,standard,yes,yes,1,65,1
401,4,B,2,standard,no,no,2,65,0
401,4,C,2,premium,no,no,1,65,0
401,5,A,4,standard,yes,yes,2,45,0
401,5,B,6,standard,no,no,4,110,0
401,5,C,6,standard,yes,no,4,45,1
401,6,A,6,premium,yes,yes,1,110,0
401,6,B,2,premium,yes,no,1,30,1
401,6,C,2,standard,yes,yes,4,85,0
401,7,A,2,standard,yes,no,2,65,0
401,7,B,4,standard,no,no,4,45,0
401,7,C,6,premium,yes,yes,4,85,1
401,8,A,2,standard,yes,no,2,85,0
401,8,B,6,standard,yes,yes,4,85,1
401,8,C,4,standard,no,yes,4,110,0
402,1,A,2,premium,yes,yes,4,45,0
402,1,B,6,premium,no,no,4,110,0
402,1,C,4,standard,yes,yes,2,30,1
402,2,A,2,standard,yes,yes,2,110,1
402,2,B,2,premium,no,no,2,30,0
402,2,C,4,standard,no,yes,1,30,0
402,3,A,4,premium,no,yes,4,65,0
402,3,B,6,standard,yes,yes,4,110,0
402,3,C,2,standard,yes,no,2,45,1
402,4,A,6,premium,yes,no,2,110,1
402,4,B,2,premium,no,no,4,110,0
402,4,C,2,premium,no,yes,4,110,0
402,5,A,2,standard,yes,yes,1,65,0
402,5,B,2,premium,yes,yes,2,45,1
402,5,C,2,standard,no,no,2,65,0
402,6,A,6,premium,yes,yes,1,30,1
402,6,B,4,standard,no,yes,2,110,0
402,6,C,6,standard,no,yes,2,45,0
402,7,A,4,standard,yes,yes,1,45,1
402,7,B,4,premium,no,yes,1,85,0
402,7,C,2,premium,yes,yes,4,30,0
402,8,A,6,premium,no,no,1,45,0
402,8,B,4,premium,no,yes,2,65,0
402,8,C,6,standard,no,yes,1,65,1
403,1,A,2,standard,no,yes,1,65,0
403,1,B,2,standard,yes,yes,4,85,0
403,1,C,4,standard,yes,yes,1,45,1
403,2,A,6,premium,no,yes,1,110,0
403,2,B,2,standard,yes,no,2,65,0
403,2,C,4,premium,yes,yes,4,85,1
403,3,A,6,premium,yes,no,2,30,1
403,3,B,6,premium,no,no,4,85,0
403,3,C,6,standard,no,yes,1,30,0
403,4,A,6,standard,no,yes,4,30,0
403,4,B,2,standard,yes,no,4,30,0
403,4,C,2,premium,no,no,1,85,1
403,5,A,6,standard,no,no,1,65,0
403,5,B,2,premium,yes,no,4,45,1
403,5,C,4,premium,yes,no,1,45,0
403,6,A,6,standard,yes,yes,4,85,0
403,6,B,6,standard,no,yes,2,30,1
403,6,C,2,premium,no,yes,1,30,0
403,7,A,6,premium,no,no,4,110,0
403,7,B,4,premium,no,yes,4,85,0
403,7,C,2,standard,yes,yes,4,110,1
403,8,A,4,standard,yes,yes,1,30,1
403,8,B,6,premium,no,no,4,85,0
403,8,C,6,premium,yes,no,4,85,0
404,1,A,2,standard,yes,no,2,45,1
404,1,B,2,standard,yes,no,2,65,0
404,1,C,4,premium,yes,no,1,45,0
404,2,A,4,standard,yes,yes,1,85,0
404,2,B,2,premium,no,yes,4,30,1
404,2,C,4,standard,yes,no,4,65,0
404,3,A,6,premium,yes,yes,4,110,0
404,3,B,4,standard,no,no,4,45,1
404,3,C,4,standard,yes,yes,4,110,0
404,4,A,2,premium,yes,yes,2,45,0
404,4,B,2,standard,yes,no,2,30,1
404,4,C,2,standard,yes,no,2,65,0
404,5,A,6,standard,no,yes,1,45,0
404,5,B,4,premium,no,no,4,65,0
404,5,C,2,premium,no,no,4,85,1
404,6,A,2,premium,yes,yes,4,30,0
404,6,B,2,premium,yes,yes,2,65,0
404,6,C,6,premium,yes,no,1,65,1
404,7,A,2,premium,no,no,1,45,0
404,7,B,2,standard,yes,no,2,65,1
404,7,C,6,standard,yes,yes,2,110,0
404,8,A,2,standard,no,yes,1,45,0
404,8,B,6,premium,yes,no,1,110,0
404,8,C,4,premium,no,yes,1,85,1
405,1,A,4,premium,yes,no,1,45,1
405,1,B,2,standard,no,yes,1,45,0
405,1,C,4,premium,no,yes,4,85,0
405,2,A,4,premium,yes,yes,4,45,1
405,2,B,2,standard,no,yes,4,65,0
405,2,C,6,premium,no,yes,2,30,0
405,3,A,2,standard,yes,yes,1,30,1
405,3,B,6,premium,yes,no,1,85,0
405,3,C,4,premium,no,yes,2,85,0
405,4,A,4,premium,no,no,4,110,0
405,4,B,4,standard,no,no,2,30,1
405,4,C,4,premium,no,no,1,110,0
405,5,A,4,premium,no,no,4,110,0
405,5,B,4,standard,no,no,2,45,0
405,5,C,4,standard,yes,yes,2,45,1
405,6,A,2,premium,yes,yes,1,110,0
405,6,B,4,standard,yes,yes,1,85,0
405,6,C,4,premium,no,no,4,30,1
405,7,A,4,premium,yes,no,2,85,0
405,7,B,2,standard,no,yes,1,45,0
405,7,C,2,premium,no,no,1,45,1
405,8,A,6,premium,no,no,4,110,0
405,8,B,2,standard,yes,no,4,65,0
405,8,C,2,premium,yes,no,4,85,1
406,1,A,6,standard,no,yes,2,30,1
406,1,B,2,standard,yes,yes,2,110,0
406,1,C,4,standard,no,no,1,65,0
406,2,A,4,premium,no,yes,1,65,1
406,2,B,4,premium,no,yes,4,110,0
406,2,C,6,standard,no,no,2,85,0
406,3,A,2,premium,yes,no,4,65,0
406,3,B,2,premium,no,yes,4,65,1
406,3,C,2,standard,no,no,4,110,0
406,4,A,4,standard,yes,no,1,65,0
406,4,B,6,standard,no,no,4,30,1
406,4,C,6,premium,no,yes,2,110,0
406,5,A,2,standard,yes,yes,2,65,0
406,5,B,4,standard,no,yes,2,30,1
406,5,C,6,standard,yes,yes,4,65,0
406,6,A,6,premium,no,no,1,65,1
406,6,B,2,premium,yes,no,2,65,0
406,6,C,2,standard,yes,no,1,85,0
406,7,A,4,standard,yes,yes,2,65,0
406,7,B,4,premium,no,no,4,110,0
406,7,C,2,premium,no,no,1,30,1
406,8,A,6,premium,no,yes,4,65,1
406,8,B,6,premium,yes,no,4,85,0
406,8,C,4,premium,no,yes,4,85,0
407,1,A,2,standard,no,no,2,30,0
407,1,B,4,premium,yes,no,2,30,1
407,1,C,4,premium,no,yes,1,30,0
407,2,A,4,standard,no,no,4,65,0
407,2,B,4,standard,no,no,1,65,0
407,2,C,4,premium,yes,yes,1,110,1
407,3,A,6,premium,yes,yes,1,45,1
407,3,B,6,standard,yes,yes,1,30,0
407,3,C,2,premium,no,no,4,65,0
407,4,A,2,standard,yes,no,2,30,1
407,4,B,4,standard,yes,no,4,30,0
407,4,C,6,standard,no,yes,2,110,0
407,5,A,6,premium,yes,yes,4,65,0
407,5,B,6,standard,yes,yes,4,110,0
407,5,C,4,standard,no,no,4,30,1
407,6,A,2,premium,no,yes,1,45,1
407,6,B,4,premium,yes,no,1,30,0
407,6,C,2,premium,yes,no,1,85,0
407,7,A,2,premium,no,yes,4,85,0
407,7,B,4,standard,no,no,4,85,0
407,7,C,4,premium,yes,yes,2,30,1
407,8,A,6,premium,yes,yes,2,65,0
407,8,B,6,standard,yes,yes,4,30,1
407,8,C,2,standard,no,yes,4,85,0
408,1,A,6,premium,no,no,4,65,0
408,1,B,4,standard,yes,yes,1,85,0
408,1,C,2,premium,yes,no,1,30,1
408,2,A,4,standard,no,yes,1,110,0
408,2,B,2,premium,no,no,2,85,0
408,2,C,4,premium,no,yes,1,30,1
408,3,A,6,standard,yes,no,1,110,0
408,3,B,4,premium,yes,yes,1,110,1
408,3,C,4,premium,yes,yes,2,110,0
408,4,A,6,premium,yes,yes,2,45,1
408,4,B,2,premium,no,yes,4,45,0
408,4,C,2,premium,no,yes,2,45,0
408,5,A,2,standard,no,yes,1,45,0
408,5,B,4,standard,yes,yes,2,85,0
408,5,C,4,standard,no,no,2,30,1
408,6,A,4,standard,no,yes,1,110,0
408,6,B,2,premium,yes,no,2,45,1
408,6,C,4,premium,yes,yes,2,110,0
408,7,A,6,standard,yes,no,4,30,0
408,7,B,6,premium,yes,no,2,45,1
408,7,C,6,premium,yes,yes,1,65,0
408,8,A,2,premium,yes,yes,2,85,0
408,8,B,2,premium,no,yes,2,110,0
408,8,C,2,premium,yes,yes,1,65,1
409,1,A,4,standard,no,no,2,110,0
409,1,B,6,premium,yes,no,4,65,0
409,1,C,4,standard,no,yes,2,30,1
409,2,A,2,standard,no,yes,4,85,1
409,2,B,4,standard,yes,no,2,85,0
409,2,C,6,standard,no,no,4,65,0
409,3,A,2,premium,no,no,4,45,0
409,3,B,2,standard,no,yes,2,65,0
409,3,C,2,premium,no,no,2,30,1
409,4,A,6,standard,no,no,4,30,1
409,4,B,4,standard,no,yes,1,110,0
409,4,C,4,standard,yes,no,2,110,0
409,5,A,6,premium,no,yes,2,30,1
409,5,B,2,standard,no,yes,1,110,0
409,5,C,4,standard,no,yes,2,45,0
409,6,A,6,standard,no,no,4,110,0
409,6,B,4,premium,no,no,1,45,1
409,6,C,2,standard,no,no,2,65,0
409,7,A,4,premium,no,no,2,85,0
409,7,B,6,standard,yes,yes,1,65,1
409,7,C,2,standard,no,no,1,110,0
409,8,A,4,premium,no,yes,4,30,1
409,8,B,2,standard,no,yes,4,110,0
409,8,C,2,premium,yes,yes,1,85,0
410,1,A,6,premium,no,yes,2,45,1
410,1,B,6,premium,no,no,1,65,0
410,1,C,2,premium,no,no,1,30,0
410,2,A,2,premium,yes,yes,2,30,0
410,2,B,6,premium,yes,yes,1,85,1
410,2,C,6,standard,yes,yes,4,65,0
410,3,A,2,premium,yes,yes,2,110,0
410,3,B,6,standard,yes,yes,2,45,0
410,3,C,4,premium,yes,yes,4,85,1
410,4,A,6,premium,no,yes,2,85,0
410,4,B,4,standard,no,no,1,65,0
410,4,C,6,standard,no,no,1,30,1
410,5,A,2,premium,no,no,1,45,0
410,5,B,2,premium,no,yes,4,45,1
410,5,C,4,premium,no,no,2,45,0
410,6,A,6,premium,no,no,1,85,0
410,6,B,2,premium,yes,no,4,110,0
410,6,C,6,premium,yes,no,1,85,1
410,7,A,2,premium,yes,yes,2,45,1
410,7,B,2,premium,no,no,1,110,0
410,7,C,6,premium,yes,no,1,65,0
410,8,A,6,premium,yes,yes,4,45,0
410,8,B,6,standard,no,no,2,65,1
410,8,C,6,premium,no,yes,1,45,0
411,1,A,2,standard,yes,no,2,110,0
411,1,B,4,standard,yes,yes,1,85,0
411,1,C,2,standard,yes,no,1,65,1
411,2,A,6,standard,no,yes,4,30,1
411,2,B,4,standard,yes,no,4,110,0
411,2,C,6,premium,yes,no,4,85,0
411,3,A,6,standard,yes,yes,1,30,1
411,3,B,4,premium,no,no,4,65,0
411,3,C,4,premium,yes,no,2,30,0
411,4,A,2,premium,yes,yes,4,110,0
411,4,B,4,standard,yes,yes,1,110,0
411,4,C,4,standard,yes,yes,4,45,1
411,5,A,4,standard,yes,yes,4,30,1
411,5,B,2,standard,no,no,4,110,0
411,5,C,4,premium,no,no,4,110,0
411,6,A,6,standard,yes,no,1,110,1
411,6,B,4,premium,no,no,2,65,0
411,6,C,2,premium,no,no,1,85,0
411,7,A,6,standard,no,yes,2,45,1
411,7,B,6,standard,yes,no,4,65,0
411,7,C,4,standard,yes,no,2,85,0
411,8,A,2,standard,yes,no,1,45,1
411,8,B,6,premium,no,yes,1,85,0
411,8,C,4,premium,yes,no,2,110,0
412,1,A,4,standard,yes,no,1,30,0
412,1,B,4,standard,no,no,1,30,0
412,1,C,6,standard,yes,yes,4,45,1
412,2,A,4,standard,yes,no,1,45,0
412,2,B,4,standard,yes,yes,4,45,1
412,2,C,4,premium,yes,yes,2,85,0
412,3,A,4,premium,no,yes,2,85,1
412,3,B,2,premium,no,no,1,65,0
412,3,C,4,standard,no,yes,2,110,0
412,4,A,4,standard,no,yes,1,85,0
412,4,B,4,standard,yes,no,4,30,1
412,4,C,4,standard,yes,no,2,85,0
412,5,A,4,premium,no,no,2,85,0
412,5,B,6,standard,no,yes,4,65,1
412,5,C,4,premium,yes,no,2,110,0
412,6,A,4,standard,yes,yes,4,45,1
412,6,B,6,premium,no,no,1,65,0
412,6,C,2,premium,no,yes,2,85,0
412,7,A,4,standard,no,no,2,85,0
412,7,B,2,premium,no,yes,4,110,1
412,7,C,6,premium,yes,yes,1,85,0
412,8,A,6,premium,no,no,1,110,0
412,8,B,4,premium,no,no,4,30,1
412,8,C,4,premium,no,no,2,45,0
413,1,A,6,premium,no,yes,1,85,0
413,1,B,2,premium,no,no,1,65,1
413,1,C,4,standard,no,no,2,65,0
413,2,A,6,standard,no,no,4,85,0
413,2,B,2,premium,yes,yes,4,30,1
413,2,C,2,premium,yes,yes,4,45,0
413,3,A,6,standard,yes,no,2,65,0
413,3,B,2,premium,yes,yes,4,110,0
413,3,C,2,standard,yes,yes,1,45,1
413,4,A,2,premium,yes,yes,4,85,1
413,4,B,4,standard,yes,no,4,110,0
413,4,C,6,premium,no,no,4,110,0
413,5,A,6,standard,no,yes,2,110,1
413,5,B,4,standard,no,no,1,110,0
413,5,C,4,standard,no,yes,1,45,0
413,6,A,2,premium,no,no,2,85,0
413,6,B,6,standard,yes,yes,4,110,1
413,6,C,2,standard,yes,no,4,85,0
413,7,A,6,premium,no,yes,4,45,1
413,7,B,6,premium,no,yes,2,85,0
413,7,C,2,standard,yes,yes,2,110,0
413,8,A,6,standard,yes,no,1,65,0
413,8,B,4,premium,yes,yes,2,30,1
413,8,C,6,standard,yes,yes,4,30,0
414,1,A,6,premium,yes,yes,4,85,0
414,1,B,2,standard,no,yes,2,45,0
414,1,C,6,premium,no,no,2,85,1
414,2,A,4,premium,no,yes,1,45,0
414,2,B,4,standard,no,no,4,30,1
414,2,C,6,premium,no,no,2,65,0
414,3,A,4,standard,yes,yes,4,110,1
414,3,B,6,standard,yes,no,4,110,0
414,3,C,6,standard,yes,yes,1,110,0
414,4,A,4,premium,no,yes,2,85,0
414,4,B,6,standard,yes,yes,1,85,0
414,4,C,4,premium,no,no,1,30,1
414,5,A,4,premium,no,yes,1,110,0
414,5,B,2,standard,no,yes,1,65,0
414,5,C,2,standard,no,yes,4,45,1
414,6,A,4,standard,no,yes,1,65,0
414,6,B,2,premium,no,no,4,110,0
414,6,C,2,premium,yes,yes,1,45,1
414,7,A,2,premium,no,yes,2,30,1
414,7,B,6,premium,yes,yes,2,65,0
414,7,C,4,premium,yes,yes,4,110,0
414,8,A,6,premium,no,yes,2,30,1
414,8,B,2,premium,yes,yes,2,45,0
414,8,C,2,premium,no,yes,1,110,0
415,1,A,6,standard,no,no,2,85,1
415,1,B,4,premium,yes,yes,4,110,0
415,1,C,4,premium,yes,no,1,45,0
415,2,A,4,standard,yes,yes,2,65,1
415,2,B,4,standard,yes,yes,1,45,0
415,2,C,6,standard,no,yes,1,45,0
415,3,A,6,premium,yes,no,2,45,0
415,3,B,4,standard,no,yes,4,45,1
415,3,C,4,premium,yes,no,2,110,0
415,4,A,2,premium,yes,yes,4,110,0
415,4,B,2,standard,yes,yes,1,65,1
415,4,C,4,standard,yes,yes,4,45,0
415,5,A,2,standard,no,no,2,110,0
415,5,B,6,premium,no,yes,1,30,1
415,5,C,6,premium,no,no,4,65,0
415,6,A,6,premium,no,no,4,45,0
415,6,B,6,premium,yes,yes,2,110,0
415,6,C,6,standard,no,yes,2,110,1
415,7,A,2,standard,yes,no,4,85,1
415,7,B,6,premium,no,no,1,65,0
415,7,C,4,standard,no,no,2,110,0
415,8,A,4,standard,no,yes,1,30,0
415,8,B,2,standard,no,yes,2,65,0
415,8,C,6,premium,no,yes,4,30,1
416,1,A,4,premium,yes,no,1,110,0
416,1,B,4,premium,no,no,2,30,0
416,1,C,4,premium,no,no,1,30,1
416,2,A,4,standard,yes,no,2,110,0
416,2,B,6,standard,yes,yes,2,85,0
416,2,C,6,standard,no,yes,1,45,1
416,3,A,6,standard,yes,yes,4,110,0
416,3,B,2,standard,no,no,2,65,1
416,3,C,2,standard,yes,no,2,65,0
416,4,A,6,premium,yes,no,4,110,0
416,4,B,6,premium,no,yes,2,45,1
416,4,C,2,premium,yes,yes,2,65,0
416,5,A,6,premium,no,no,1,65,0
416,5,B,6,premium,yes,no,1,110,1
416,5,C,6,premium,yes,yes,2,85,0
416,6,A,6,standard,no,yes,1,65,0
416,6,B,6,premium,no,no,2,45,1
416,6,C,6,premium,yes,no,1,65,0
416,7,A,6,standard,yes,yes,2,30,1
416,7,B,6,standard,yes,yes,4,110,0
416,7,C,4,premium,no,yes,2,110,0
416,8,A,2,premium,yes,yes,1,110,0
416,8,B,2,premium,no,no,4,85,0
416,8,C,2,standard,yes,no,2,30,1
417,1,A,6,premium,yes,yes,2,30,1
417,1,B,6,standard,yes,no,4,110,0
417,1,C,6,standard,yes,no,4,30,0
417,2,A,4,standard,yes,no,1,85,0
417,2,B,4,premium,no,yes,4,110,0
417,2,C,6,premium,no,no,4,30,1
417,3,A,2,premium,yes,yes,1,45,1
417,3,B,4,premium,yes,no,4,30,0
417,3,C,6,standard,yes,no,4,110,0
417,4,A,2,standard,no,no,4,110,0
417,4,B,4,standard,no,no,4,45,1
417,4,C,4,premium,yes,yes,1,85,0
417,5,A,6,premium,yes,yes,1,45,1
417,5,B,2,standard,no,no,2,85,0
417,5,C,4,premium,yes,no,1,65,0
417,6,A,6,premium,no,yes,4,45,0
417,6,B,2,premium,no,no,1,30,1
417,6,C,2,standard,yes,no,2,110,0
417,7,A,6,premium,no,no,2,45,1
417,7,B,2,premium,no,yes,4,30,0
417,7,C,6,premium,yes,yes,2,65,0
417,8,A,4,standard,no,yes,2,65,0
417,8,B,2,standard,yes,no,1,30,1
417,8,C,6,premium,no,no,4,65,0
418,1,A,6,premium,yes,yes,4,85,0
418,1,B,4,standard,yes,no,1,45,0
418,1,C,4,standard,no,yes,4,30,1
418,2,A,6,standard,yes,no,1,110,0
418,2,B,2,standard,no,yes,1,85,0
418,2,C,6,standard,no,no,2,65,1
418,3,A,2,premium,yes,no,2,85,0
418,3,B,6,standard,no,no,1,110,0
418,3,C,6,premium,yes,no,1,85,1
418,4,A,2,standard,yes,no,4,85,0
418,4,B,6,standard,no,yes,4,30,1
418,4,C,2,standard,no,yes,1,30,0
418,5,A,2,premium,no,yes,1,45,0
418,5,B,4,standard,no,no,2,30,0
418,5,C,2,premium,no,yes,1,30,1
418,6,A,6,premium,no,no,2,110,0
418,6,B,2,premium,no,yes,4,65,1
418,6,C,4,standard,yes,yes,4,110,0
418,7,A,4,standard,yes,no,2,65,0
418,7,B,2,premium,no,yes,1,85,1
418,7,C,2,premium,yes,yes,4,65,0
418,8,A,2,standard,no,yes,2,65,0
418,8,B,2,standard,yes,no,2,30,1
418,8,C,4,premium,no,no,1,65,0
419,1,A,4,standard,no,no,4,45,0
419,1,B,2,premium,no,yes,4,110,1
419,1,C,4,premium,yes,no,2,45,0
419,2,A,4,premium,no,no,2,85,0
419,2,B,4,standard,yes,no,4,45,1
419,2,C,2,premium,no,yes,4,65,0
419,3,A,6,standard,yes,yes,2,45,0
419,3,B,6,premium,yes,no,2,30,1
419,3,C,4,premium,yes,yes,4,110,0
419,4,A,6,premium,yes,yes,4,30,1
419,4,B,4,premium,no,yes,2,30,0
419,4,C,4,standard,no,no,4,65,0
419,5,A,2,premium,yes,no,1,85,0
419,5,B,6,premium,yes,yes,1,45,0
419,5,C,4,premium,no,no,2,30,1
419,6,A,4,standard,no,yes,4,65,0
419,6,B,4,premium,yes,no,4,85,1
419,6,C,4,standard,no,no,2,30,0
419,7,A,6,standard,yes,no,1,30,1
419,7,B,4,standard,no,yes,4,45,0
419,7,C,2,premium,no,no,1,45,0
419,8,A,4,standard,no,yes,2,85,1
419,8,B,6,standard,no,yes,2,45,0
419,8,C,6,premium,no,no,2,65,0
420,1,A,6,premium,no,yes,2,30,1
420,1,B,2,premium,no,yes,2,85,0
420,1,C,6,standard,yes,yes,4,110,0
420,2,A,4,premium,yes,yes,4,85,1
420,2,B,6,standard,no,yes,2,85,0
420,2,C,4,standard,no,no,1,45,0
420,3,A,4,standard,no,no,2,45,0
420,3,B,2,premium,yes,yes,1,110,0
420,3,C,4,standard,no,yes,1,85,1
420,4,A,2,premium,yes,no,1,85,0
420,4,B,6,premium,no,yes,2,45,1
420,4,C,4,premium,yes,no,4,85,0
420,5,A,2,premium,no,yes,1,30,0
420,5,B,4,premium,yes,yes,1,85,1
420,5,C,2,standard,no,yes,4,30,0
420,6,A,6,standard,no,yes,4,65,0
420,6,B,2,premium,no,no,4,45,1
420,6,C,2,standard,no,yes,4,30,0
420,7,A,2,standard,yes,no,1,30,1
420,7,B,6,standard,yes,no,4,85,0
420,7,C,2,premium,yes,no,1,110,0
420,8,A,2,standard,no,yes,4,45,0
420,8,B,6,standard,no,yes,4,85,0
420,8,C,4,premium,no,yes,4,30,1
421,1,A,6,standard,yes,yes,1,85,0
421,1,B,4,standard,no,yes,1,30,0
421,1,C,2,standard,yes,yes,4,30,1
421,2,A,4,premium,yes,yes,2,85,0
421,2,B,6,premium,yes,yes,2,85,1
421,2,C,4,premium,yes,no,4,110,0
421,3,A,6,standard,yes,no,1,85,1
421,3,B,2,standard,yes,yes,1,110,0
421,3,C,2,premium,yes,no,1,65,0
421,4,A,4,standard,yes,no,2,110,0
421,4,B,6,standard,no,no,1,45,1
421,4,C,2,premium,no,yes,1,30,0
421,5,A,2,premium,yes,yes,4,110,0
421,5,B,6,standard,yes,yes,1,110,0
421,5,C,4,premium,yes,no,4,85,1
421,6,A,6,premium,yes,yes,2,30,0
421,6,B,2,premium,no,no,1,45,0
421,6,C,6,standard,no,yes,2,30,1
421,7,A,2,standard,yes,no,1,65,0
421,7,B,4,standard,yes,no,2,65,1
421,7,C,6,premium,no,yes,1,30,0
421,8,A,2,standard,no,yes,4,65,0
421,8,B,2,premium,no,yes,4,45,1
421,8,C,6,standard,no,no,2,85,0
422,1,A,4,standard,no,no,4,110,0
422,1,B,4,standard,no,no,4,85,0
422,1,C,6,standard,no,no,1,45,1
422,2,A,2,premium,yes,yes,4,65,0
422,2,B,6,standard,no,no,2,45,1
422,2,C,2,standard,no,yes,1,85,0
422,3,A,2,premium,no,no,1,65,0
422,3,B,6,standard,no,yes,1,30,0
422,3,C,2,premium,yes,no,1,30,1
422,4,A,6,premium,yes,no,4,45,1
422,4,B,6,standard,no,yes,2,30,0
422,4,C,2,premium,no,yes,1,45,0
422,5,A,2,standard,no,yes,2,30,1
422,5,B,6,standard,no,no,1,110,0
422,5,C,2,standard,no,yes,2,65,0
422,6,A,6,premium,no,yes,4,30,1
422,6,B,4,standard,yes,no,4,65,0
422,6,C,2,standard,yes,yes,1,65,0
422,7,A,4,standard,no,no,2,30,1
422,7,B,2,standard,yes,yes,4,85,0
422,7,C,6,standard,yes,no,1,85,0
422,8,A,6,standard,yes,yes,2,65,0
422,8,B,4,premium,no,no,4,85,0
422,8,C,4,standard,yes,no,1,45,1
423,1,A,2,standard,no,no,2,85,0
423,1,B,2,premium,no,yes,4,85,1
423,1,C,4,premium,no,no,1,110,0
423,2,A,6,premium,no,no,1,85,0
423,2,B,6,premium,yes,yes,1,30,1
423,2,C,2,premium,yes,no,4,110,0
423,3,A,6,premium,yes,yes,2,45,1
423,3,B,4,premium,yes,yes,2,45,0
423,3,C,4,premium,no,no,2,85,0
423,4,A,4,premium,no,yes,2,85,0
423,4,B,4,standard,no,yes,1,65,1
423,4,C,6,standard,no,no,2,65,0
423,5,A,2,premium,no,no,1,30,1
423,5,B,2,standard,no,no,1,30,0
423,5,C,6,premium,yes,yes,4,30,0
423,6,A,6,premium,yes,yes,1,65,0
423,6,B,6,premium,yes,no,2,30,1
423,6,C,2,premium,no,yes,1,85,0
423,7,A,4,standard,yes,yes,4,65,1
423,7,B,4,standard,no,no,1,110,0
423,7,C,2,premium,no,yes,1,85,0
423,8,A,4,premium,no,yes,2,30,1
423,8,B,2,premium,no,yes,1,30,0
423,8,C,2,premium,yes,no,4,85,0
424,1,A,4,premium,no,no,4,110,1
424,1,B,6,premium,no,yes,4,45,0
424,1,C,4,premium,no,yes,1,110,0
424,2,A,4,premium,no,yes,1,65,1
424,2,B,2,standard,yes,yes,4,45,0
424,2,C,2,premium,no,no,2,65,0
424,3,A,6,standard,no,yes,1,110,0
424,3,B,6,premium,yes,yes,4,45,1
424,3,C,2,premium,yes,yes,4,110,0
424,4,A,6,premium,no,yes,1,30,1
424,4,B,4,premium,yes,no,2,45,0
424,4,C,2,standard,no,no,1,65,0
424,5,A,2,standard,no,yes,2,85,1
424,5,B,2,standard,no,yes,4,30,0
424,5,C,2,standard,no,no,4,110,0
424,6,A,6,standard,no,yes,1,65,0
424,6,B,6,premium,no,yes,1,45,1
424,6,C,6,standard,no,yes,4,45,0
424,7,A,2,standard,no,no,1,110,0
424,7,B,2,standard,no,yes,4,45,1
424,7,C,6,standard,no,no,4,65,0
424,8,A,2,standard,yes,yes,1,30,0
424,8,B,4,premium,no,no,4,65,0
424,8,C,2,premium,yes,yes,4,45,1
425,1,A,2,premium,no,yes,2,30,0
425,1,B,4,premium,no,yes,4,65,0
425,1,C,2,standard,yes,no,4,30,1
425,2,A,2,standard,no,yes,1,45,0
425,2,B,4,premium,no,yes,4,65,1
425,2,C,6,standard,no,no,2,65,0
425,3,A,2,standard,no,yes,1,45,0
425,3,B,2,standard,yes,no,4,110,0
425,3,C,6,premium,yes,yes,4,65,1
425,4,A,2,standard,no,yes,4,65,0
425,4,B,4,standard,no,no,1,45,1
425,4,C,6,standard,no,yes,1,65,0
425,5,A,4,premium,no,yes,1,45,1
425,5,B,6,standard,yes,no,2,85,0
425,5,C,4,standard,no,yes,2,110,0
425,6,A,2,premium,no,yes,1,85,0
425,6,B,2,standard,no,yes,2,30,0
425,6,C,2,standard,no,no,2,45,1
425,7,A,2,standard,no,yes,4,85,0
425,7,B,2,premium,yes,yes,4,85,0
425,7,C,4,standard,yes,yes,2,65,1
425,8,A,2,standard,no,yes,4,65,0
425,8,B,6,standard,yes,yes,4,110,0
425,8,C,2,premium,no,no,4,110,1
426,1,A,4,premium,yes,no,1,110,0
426,1,B,6,premium,no,yes,1,45,1
426,1,C,4,standard,no,yes,2,110,0
426,2,A,4,standard,yes,yes,1,65,0
426,2,B,6,standard,no,no,1,85,0
426,2,C,2,premium,no,no,4,65,1
426,3,A,6,standard,no,yes,1,30,1
426,3,B,4,premium,no,yes,2,85,0
426,3,C,6,premium,no,no,4,65,0
426,4,A,4,standard,no,yes,4,85,0
426,4,B,6,premium,no,yes,2,110,0
426,4,C,4,standard,yes,yes,4,30,1
426,5,A,4,standard,yes,yes,4,65,0
426,5,B,4,premium,no,yes,4,110,0
426,5,C,6,premium,yes,yes,2,30,1
426,6,A,6,premium,no,yes,2,110,0
426,6,B,4,standard,yes,yes,1,30,1
426,6,C,6,standard,yes,yes,2,65,0
426,7,A,6,premium,yes,yes,4,65,0
426,7,B,4,premium,yes,yes,4,65,1
426,7,C,4,premium,no,no,1,85,0
426,8,A,2,premium,no,yes,1,110,0
426,8,B,6,standard,yes,yes,1,65,0
426,8,C,4,standard,yes,yes,4,30,1
427,1,A,2,premium,yes,no,1,30,0
427,1,B,2,standard,yes,yes,2,30,1
427,1,C,6,premium,yes,no,1,110,0
427,2,A,2,standard,no,yes,1,30,0
427,2,B,2,standard,yes,yes,1,30,1
427,2,C,6,standard,no,no,4,30,0
427,3,A,4,standard,yes,no,2,85,0
427,3,B,4,premium,no,yes,2,65,1
427,3,C,4,standard,yes,no,4,110,0
427,4,A,4,premium,yes,yes,1,110,0
427,4,B,2,premium,yes,no,2,45,1
427,4,C,2,premium,no,yes,1,85,0
427,5,A,6,standard,no,yes,2,45,0
427,5,B,4,premium,no,no,2,110,0
427,5,C,4,standard,no,yes,2,45,1
427,6,A,2,standard,yes,yes,4,85,0
427,6,B,4,standard,yes,no,1,110,0
427,6,C,4,premium,yes,yes,4,65,1
427,7,A,2,premium,yes,no,1,65,0
427,7,B,6,standard,no,no,4,85,0
427,7,C,4,premium,no,yes,2,30,1
427,8,A,6,standard,no,no,2,110,0
427,8,B,6,premium,yes,no,4,110,0
427,8,C,6,premium,yes,yes,1,65,1
428,1,A,6,premium,yes,no,2,30,1
428,1,B,6,premium,yes,no,1,30,0
428,1,C,4,premium,no,yes,1,110,0
428,2,A,2,standard,no,no,4,65,1
428,2,B,4,premium,no,no,1,110,0
428,2,C,6,premium,yes,no,1,110,0
428,3,A,6,premium,yes,no,4,85,1
428,3,B,6,standard,no,no,2,65,0
428,3,C,2,standard,yes,yes,2,85,0
428,4,A,2,premium,no,no,4,30,0
428,4,B,2,premium,no,yes,4,45,1
428,4,C,4,standard,no,yes,4,45,0
428,5,A,6,standard,yes,no,4,110,0
428,5,B,6,premium,no,no,1,30,1
428,5,C,6,standard,no,yes,4,65,0
428,6,A,6,premium,no,yes,4,45,0
428,6,B,2,standard,yes,yes,4,30,0
428,6,C,4,standard,yes,yes,1,65,1
428,7,A,6,premium,yes,yes,4,30,1
428,7,B,6,standard,yes,yes,2,45,0
428,7,C,6,standard,yes,no,1,65,0
428,8,A,6,standard,no,yes,1,45,0
428,8,B,4,premium,no,yes,1,110,1
428,8,C,6,standard,no,no,1,85,0
429,1,A,4,premium,no,no,2,85,0
429,1,B,4,premium,yes,no,4,45,1
429,1,C,6,standard,yes,no,2,85,0
429,2,A,2,standard,yes,yes,4,85,0
429,2,B,6,premium,no,no,1,30,0
429,2,C,6,premium,yes,no,4,85,1
429,3,A,4,standard,no,no,1,85,0
429,3,B,4,standard,no,no,2,85,0
429,3,C,4,premium,yes,yes,2,45,1
429,4,A,6,standard,yes,no,4,45,1
429,4,B,2,premium,yes,no,2,85,0
429,4,C,6,standard,yes,yes,4,110,0
429,5,A,6,standard,no,yes,1,85,0
429,5,B,2,premium,no,yes,2,85,0
429,5,C,6,standard,yes,yes,1,30,1
429,6,A,4,premium,yes,no,1,85,0
429,6,B,6,premium,no,no,1,65,0
429,6,C,2,standard,no,no,2,110,1
429,7,A,2,standard,no,yes,1,45,1
429,7,B,4,premium,no,no,2,85,0
429,7,C,4,premium,yes,yes,2,85,0
429,8,A,4,premium,no,no,4,30,1
429,8,B,2,standard,yes,no,1,30,0
429,8,C,2,standard,no,no,4,30,0
430,1,A,4,standard,yes,no,1,45,1
430,1,B,6,premium,yes,yes,2,45,0
430,1,C,2,standard,yes,no,2,45,0
430,2,A,4,standard,no,yes,1,85,1
430,2,B,6,standard,yes,yes,2,45,0
430,2,C,6,standard,no,no,4,45,0
430,3,A,6,standard,yes,no,4,45,0
430,3,B,2,standard,no,yes,2,30,1
430,3,C,2,premium,no,yes,4,110,0
430,4,A,2,premium,yes,yes,2,65,1
430,4,B,4,standard,yes,no,1,65,0
430,4,C,6,standard,no,yes,4,110,0
430,5,A,6,premium,no,yes,1,45,0
430,5,B,6,premium,no,no,4,45,1
430,5,C,4,standard,yes,no,4,30,0
430,6,A,6,standard,no,yes,4,85,1
430,6,B,2,premium,yes,yes,4,65,0
430,6,C,6,premium,yes,yes,1,30,0
430,7,A,4,premium,yes,yes,4,110,1
430,7,B,6,standard,no,no,1,65,0
430,7,C,2,standard,yes,no,1,110,0
430,8,A,6,standard,no,yes,4,85,0
430,8,B,6,premium,yes,no,1,110,0
430,8,C,4,standard,yes,no,1,65,1
431,1,A,6,premium,no,yes,2,30,1
431,1,B,6,premium,yes,yes,2,30,0
431,1,C,6,premium,yes,no,4,110,0
431,2,A,6,standard,yes,yes,1,30,1
431,2,B,6,standard,no,yes,4,110,0
431,2,C,2,premium,yes,yes,1,30,0
431,3,A,6,standard,yes,no,4,85,0
431,3,B,2,standard,yes,yes,1,45,1
431,3,C,4,premium,no,no,4,85,0
431,4,A,4,standard,yes,no,2,110,0
431,4,B,2,standard,yes,no,4,85,0
431,4,C,2,standard,yes,yes,1,65,1
431,5,A,4,premium,yes,no,1,110,1
431,5,B,6,standard,yes,no,2,85,0
431,5,C,4,standard,yes,yes,4,65,0
431,6,A,2,standard,yes,yes,1,45,0
431,6,B,6,premium,yes,no,2,30,1
431,6,C,4,standard,yes,yes,2,30,0
431,7,A,2,premium,no,yes,2,85,0
431,7,B,2,premium,yes,yes,4,30,1
431,7,C,2,premium,no,yes,1,85,0
431,8,A,4,standard,no,no,1,85,0
431,8,B,4,standard,no,yes,4,110,0
431,8,C,6,premium,yes,yes,4,65,1
432,1,A,6,standard,no,no,1,30,1
432,1,B,4,standard,no,yes,2,45,0
432,1,C,2,premium,no,yes,4,110,0
432,2,A,4,standard,no,no,4,45,0
432,2,B,4,standard,yes,no,4,110,0
432,2,C,4,standard,yes,yes,4,30,1
432,3,A,2,premium,yes,no,2,110,0
432,3,B,4,standard,yes,yes,2,30,0
432,3,C,6,standard,yes,no,2,85,1
432,4,A,2,standard,no,no,1,45,1
432,4,B,2,standard,no,no,4,65,0
432,4,C,2,premium,yes,no,1,110,0
432,5,A,6,premium,no,yes,1,45,1
432,5,B,2,standard,no,yes,2,110,0
432,5,C,2,standard,yes,yes,4,85,0
432,6,A,2,premium,no,yes,1,30,1
432,6,B,4,premium,no,no,2,110,0
432,6,C,2,premium,no,yes,4,110,0
432,7,A,4,premium,yes,no,2,45,1
432,7,B,2,standard,no,yes,2,85,0
432,7,C,4,premium,yes,no,2,110,0
432,8,A,4,premium,no,yes,4,65,0
432,8,B,2,premium,no,yes,4,45,0
432,8,C,4,premium,yes,yes,4,30,1
433,1,A,2,standard,no,yes,1,45,1
433,1,B,4,standard,yes,no,4,30,0
433,1,C,4,premium,no,no,2,45,0
433,2,A,6,premium,yes,yes,4,30,1
433,2,B,4,standard,yes,no,1,110,0
433,2,C,4,standard,no,yes,2,110,0
433,3,A,2,premium,yes,no,2,85,0
433,3,B,2,premium,yes,no,4,85,0
433,3,C,6,premium,yes,yes,2,65,1
433,4,A,6,premium,no,no,4,85,0
433,4,B,2,premium,yes,yes,1,85,0
433,4,C,2,standard,yes,yes,1,45,1
433,5,A,4,premium,yes,yes,2,65,1
433,5,B,6,standard,yes,no,1,30,0
433,5,C,2,premium,no,no,4,110,0
433,6,A,6,standard,yes,yes,1,85,0
433,6,B,4,standard,no,no,2,65,0
433,6,C,2,premium,no,yes,1,30,1
433,7,A,6,standard,yes,yes,4,110,0
433,7,B,6,premium,no,no,1,45,1
433,7,C,6,standard,no,yes,1,85,0
433,8,A,4,premium,yes,no,2,45,0
433,8,B,4,premium,no,yes,2,45,1
433,8,C,6,premium,no,no,1,85,0
434,1,A,4,premium,no,yes,4,45,0
434,1,B,6,standard,yes,yes,2,110,0
434,1,C,2,premium,yes,no,4,45,1
434,2,A,4,premium,no,yes,2,45,1
434,2,B,6,premium,yes,yes,1,85,0
434,2,C,6,premium,yes,no,2,85,0
434,3,A,2,premium,no,no,2,45,0
434,3,B,2,standard,yes,yes,4,45,1
434,3,C,4,standard,yes,no,2,45,0
434,4,A,6,premium,yes,yes,2,30,1
434,4,B,4,premium,yes,no,1,110,0
434,4,C,6,standard,yes,no,4,110,0
434,5,A,2,standard,no,no,4,45,1
434,5,B,2,premium,yes,no,4,65,0
434,5,C,6,standard,no,yes,1,45,0
434,6,A,2,premium,no,no,2,65,1
434,6,B,2,standard,no,yes,4,45,0
434,6,C,4,standard,yes,yes,1,30,0
434,7,A,4,premium,yes,no,2,45,1
434,7,B,6,standard,yes,yes,4,110,0
434,7,C,6,standard,yes,no,2,45,0
434,8,A,2,premium,no,no,1,110,0
434,8,B,4,premium,yes,yes,1,30,1
434,8,C,6,standard,yes,no,4,65,0
435,1,A,6,standard,no,yes,4,65,0
435,1,B,2,standard,yes,yes,4,65,1
435,1,C,6,premium,no,no,1,85,0
435,2,A,6,premium,yes,yes,4,110,1
435,2,B,6,standard,yes,yes,4,110,0
435,2,C,4,premium,yes,no,4,85,0
435,3,A,4,standard,no,no,1,85,0
435,3,B,4,premium,yes,no,4,65,1
435,3,C,4,standard,no,yes,2,110,0
435,4,A,6,standard,yes,yes,4,85,0
435,4,B,6,standard,yes,no,4,65,1
435,4,C,6,standard,no,yes,4,30,0
435,5,A,6,premium,yes,yes,1,45,0
435,5,B,4,premium,no,no,1,30,1
435,5,C,4,standard,no,no,4,65,0
435,6,A,6,standard,yes,no,1,85,0
435,6,B,6,premium,yes,yes,1,65,1
435,6,C,4,standard,no,yes,1,65,0
435,7,A,2,premium,yes,yes,4,110,0
435,7,B,2,premium,no,yes,4,65,1
435,7,C,2,standard,no,yes,4,85,0
435,8,A,6,premium,no,yes,1,65,1
435,8,B,4,standard,yes,yes,1,85,0
435,8,C,6,premium,no,yes,2,85,0
436,1,A,4,standard,yes,no,1,85,0
436,1,B,6,standard,yes,yes,2,65,0
436,1,C,6,premium,no,no,2,65,1
436,2,A,4,standard,yes,yes,1,85,1
436,2,B,2,premium,no,yes,1,85,0
436,2,C,2,standard,no,no,4,30,0
436,3,A,6,premium,yes,no,1,110,0
436,3,B,4,standard,no,no,2,30,0
436,3,C,4,premium,no,yes,1,65,1
436,4,A,4,premium,yes,no,1,45,1
436,4,B,4,premium,yes,no,1,110,0
436,4,C,4,standard,yes,no,2,65,0
436,5,A,4,standard,yes,no,1,30,1
436,5,B,2,premium,yes,no,2,45,0
436,5,C,4,standard,yes,yes,4,45,0
436,6,A,2,standard,no,no,1,45,0
436,6,B,2,premium,no,yes,4,30,1
436,6,C,2,premium,yes,no,4,30,0
436,7,A,4,premium,yes,yes,1,30,1
436,7,B,6,premium,yes,yes,4,110,0
436,7,C,6,standard,no,no,1,110,0
436,8,A,6,standard,no,yes,4,85,0
436,8,B,6,premium,yes,yes,2,110,0
436,8,C,6,standard,no,no,1,45,1
437,1,A,6,standard,no,yes,1,65,0
437,1,B,4,premium,no,yes,4,45,0
437,1,C,2,premium,no,no,2,45,1
437,2,A,6,standard,yes,yes,4,65,0
437,2,B,2,premium,no,yes,1,85,1
437,2,C,6,standard,yes,no,1,45,0
437,3,A,4,premium,no,yes,2,65,0
437,3,B,4,premium,no,no,1,110,0
437,3,C,4,standard,yes,yes,1,30,1
437,4,A,4,standard,no,no,4,30,1
437,4,B,4,premium,yes,no,4,85,0
437,4,C,6,standard,yes,yes,4,110,0
437,5,A,6,premium,no,no,2,110,0
437,5,B,2,premium,yes,no,1,30,1
437,5,C,6,standard,no,no,2,45,0
437,6,A,4,standard,yes,yes,4,110,0
437,6,B,6,premium,no,yes,2,85,1
437,6,C,4,premium,yes,no,4,110,0
437,7,A,6,standard,yes,no,2,110,0
437,7,B,2,standard,yes,no,2,85,0
437,7,C,6,standard,yes,yes,2,65,1
437,8,A,4,premium,yes,yes,2,110,1
437,8,B,2,premium,yes,no,4,65,0
437,8,C,4,standard,no,yes,2,30,0
438,1,A,2,premium,no,no,4,110,0
438,1,B,6,premium,no,no,4,30,0
438,1,C,2,premium,yes,no,4,85,1
438,2,A,4,premium,no,yes,2,110,0
438,2,B,4,standard,no,yes,2,30,1
438,2,C,2,standard,yes,yes,2,30,0
438,3,A,6,premium,no,yes,2,30,1
438,3,B,2,standard,no,no,2,110,0
438,3,C,2,premium,no,no,2,45,0
438,4,A,6,premium,yes,no,2,30,0
438,4,B,6,premium,yes,yes,2,30,1
438,4,C,2,premium,no,yes,2,85,0
438,5,A,2,standard,no,no,1,45,0
438,5,B,4,premium,no,yes,2,30,1
438,5,C,2,premium,no,yes,2,30,0
438,6,A,2,premium,no,yes,4,110,0
438,6,B,6,premium,yes,yes,1,45,1
438,6,C,2,standard,no,no,4,110,0
438,7,A,4,standard,no,yes,4,30,1
438,7,B,2,standard,yes,no,4,110,0
438,7,C,4,standard,yes,no,4,85,0
438,8,A,4,premium,no,yes,2,30,0
438,8,B,4,premium,yes,yes,1,45,1
438,8,C,6,standard,no,yes,2,85,0
439,1,A,2,standard,no,no,4,110,0
439,1,B,2,premium,no,yes,2,85,1
439,1,C,2,premium,yes,no,2,110,0
439,2,A,2,premium,no,no,2,85,0
439,2,B,6,premium,no,no,4,110,0
439,2,C,6,premium,yes,no,2,30,1
439,3,A,6,premium,no,no,4,65,0
439,3,B,2,standard,no,no,4,45,0
439,3,C,4,standard,yes,yes,2,110,1
439,4,A,6,premium,no,yes,2,85,0
439,4,B,4,premium,no,yes,2,110,0
439,4,C,4,standard,yes,no,2,45,1
439,5,A,4,premium,yes,yes,1,45,1
439,5,B,4,standard,yes,yes,2,110,0
439,5,C,6,premium,no,no,4,65,0
439,6,A,2,premium,yes,no,2,30,0
439,6,B,4,premium,no,yes,1,30,1
439,6,C,2,premium,no,no,4,85,0
439,7,A,6,standard,yes,yes,1,110,0
439,7,B,2,premium,no,no,1,85,1
439,7,C,2,premium,no,yes,2,45,0
439,8,A,6,premium,yes,no,1,65,0
439,8,B,6,standard,no,no,2,30,1
439,8,C,6,premium,yes,no,1,65,0
440,1,A,2,premium,no,yes,1,45,0
440,1,B,2,standard,yes,yes,4,30,1
440,1,C,2,premium,yes,no,1,110,0
440,2,A,6,standard,no,yes,4,110,0
440,2,B,6,premium,no,no,4,110,0
440,2,C,4,standard,yes,no,2,30,1
440,3,A,6,standard,yes,no,1,85,0
440,3,B,2,premium,no,yes,1,30,0
440,3,C,6,premium,no,no,4,45,1
440,4,A,6,standard,yes,no,2,65,0
440,4,B,6,standard,yes,yes,2,45,1
440,4,C,2,standard,no,yes,4,65,0
440,5,A,2,premium,yes,yes,1,110,0
440,5,B,2,standard,yes,no,2,30,1
440,5,C,6,standard,yes,yes,1,30,0
440,6,A,6,premium,no,yes,2,45,0
440,6,B,2,premium,no,yes,4,85,1
440,6,C,2,premium,no,no,1,85,0
440,7,A,2,standard,yes,yes,4,65,1
440,7,B,2,premium,no,yes,2,45,0
440,7,C,2,premium,no,no,2,65,0
440,8,A,4,standard,no,yes,4,30,0
440,8,B,4,premium,yes,yes,4,85,0
440,8,C,6,standard,yes,no,1,85,1
441,1,A,6,premium,no,yes,1,85,1
441,1,B,2,standard,yes,no,1,110,0
441,1,C,6,standard,yes,no,4,85,0
441,2,A,4,premium,no,yes,4,30,1
441,2,B,6,premium,yes,yes,4,45,0
441,2,C,2,standard,no,yes,1,30,0
441,3,A,2,standard,no,yes,2,85,0
441,3,B,6,premium,yes,yes,4,30,1
441,3,C,2,premium,no,yes,4,65,0
441,4,A,4,premium,yes,no,4,85,0
441,4,B,4,standard,no,yes,2,85,0
441,4,C,6,standard,no,yes,4,65,1
441,5,A,4,premium,no,no,1,110,0
441,5,B,4,standard,yes,yes,1,65,0
441,5,C,4,standard,no,yes,4,30,1
441,6,A,2,standard,no,yes,1,110,0
441,6,B,4,premium,no,no,2,65,0
441,6,C,6,standard,yes,yes,2,45,1
441,7,A,2,premium,no,yes,2,110,0
441,7,B,6,standard,yes,no,4,45,0
441,7,C,4,premium,no,yes,1,30,1
441,8,A,4,standard,no,no,4,30,1
441,8,B,2,standard,no,yes,2,85,0
441,8,C,4,standard,yes,yes,1,30,0
442,1,A,2,premium,no,no,4,30,0
442,1,B,2,premium,no,no,1,45,0
442,1,C,4,standard,yes,no,2,30,1
442,2,A,6,premium,no,no,4,65,0
442,2,B,2,standard,yes,no,2,65,0
442,2,C,2,standard,yes,no,4,65,1
442,3,A,4,standard,yes,no,4,45,1
442,3,B,6,standard,yes,yes,1,110,0
442,3,C,2,premium,yes,no,2,85,0
442,4,A,2,premium,no,no,4,85,0
442,4,B,4,premium,yes,yes,1,65,1
442,4,C,4,standard,no,no,2,30,0
442,5,A,6,standard,no,no,4,65,0
442,5,B,4,premium,no,no,1,85,0
442,5,C,4,standard,no,no,4,30,1
442,6,A,2,standard,no,yes,4,85,0
442,6,B,6,premium,yes,no,4,110,0
442,6,C,2,standard,yes,no,2,110,1
442,7,A,2,premium,no,no,4,110,0
442,7,B,6,premium,yes,no,1,45,1
442,7,C,2,premium,no,no,4,110,0
442,8,A,6,premium,yes,yes,4,65,0
442,8,B,6,standard,no,yes,2,45,1
442,8,C,4,standard,no,no,4,45,0
443,1,A,4,premium,no,yes,1,65,1
443,1,B,2,standard,no,no,1,85,0
443,1,C,4,premium,yes,yes,1,65,0
443,2,A,6,premium,yes,yes,4,45,1
443,2,B,2,premium,no,no,2,30,0
443,2,C,4,premium,no,no,4,45,0
443,3,A,6,premium,yes,no,1,65,1
443,3,B,6,premium,no,no,1,110,0
443,3,C,2,standard,no,yes,2,110,0
443,4,A,2,standard,no,yes,4,30,0
443,4,B,4,premium,yes,no,4,85,0
443,4,C,4,premium,no,no,4,30,1
443,5,A,4,premium,yes,yes,2,45,1
443,5,B,4,standard,yes,yes,1,30,0
443,5,C,4,premium,yes,no,2,65,0
443,6,A,6,standard,yes,yes,2,65,1
443,6,B,2,premium,yes,no,1,30,0
443,6,C,4,standard,yes,no,1,45,0
443,7,A,6,standard,yes,yes,1,85,1
443,7,B,2,premium,no,no,2,65,0
443,7,C,2,standard,no,yes,2,110,0
443,8,A,4,standard,no,no,2,30,0
443,8,B,6,standard,yes,yes,4,65,1
443,8,C,6,premium,yes,yes,2,85,0
444,1,A,2,premium,no,yes,2,85,0
444,1,B,2,premium,yes,yes,2,30,1
444,1,C,4,standard,yes,no,1,110,0
444,2,A,4,premium,yes,yes,1,65,0
444,2,B,2,standard,yes,yes,1,45,1
444,2,C,6,premium,yes,yes,1,85,0
444,3,A,4,premium,no,yes,4,110,0
444,3,B,4,premium,no,no,4,45,1
444,3,C,6,premium,yes,yes,1,110,0
444,4,A,2,standard,no,yes,2,110,0
444,4,B,6,premium,no,no,1,65,1
444,4,C,2,standard,no,yes,1,110,0
444,5,A,4,standard,yes,yes,2,65,0
444,5,B,2,standard,yes,no,1,85,1
444,5,C,2,standard,yes,no,1,65,0
444,6,A,2,standard,no,no,2,30,1
444,6,B,6,standard,yes,no,2,65,0
444,6,C,4,premium,no,no,1,45,0
444,7,A,6,premium,no,yes,4,45,1
444,7,B,6,standard,yes,yes,1,110,0
444,7,C,4,premium,no,no,2,45,0
444,8,A,6,standard,yes,no,4,30,1
444,8,B,2,premium,no,no,2,45,0
444,8,C,2,standard,no,no,4,30,0
445,1,A,6,standard,yes,no,1,85,0
445,1,B,4,standard,no,yes,2,65,1
445,1,C,4,standard,no,no,4,110,0
445,2,A,6,premium,no,yes,1,65,0
445,2,B,2,premium,no,yes,4,30,1
445,2,C,2,standard,yes,no,2,110,0
445,3,A,2,premium,yes,no,2,30,1
445,3,B,6,premium,yes,no,4,110,0
445,3,C,4,standard,no,yes,2,65,0
445,4,A,6,standard,yes,no,1,85,0
445,4,B,6,premium,no,yes,1,65,1
445,4,C,2,standard,yes,no,4,110,0
445,5,A,4,premium,no,no,2,30,1
445,5,B,2,standard,no,yes,2,30,0
445,5,C,4,standard,no,yes,2,85,0
445,6,A,2,standard,yes,no,1,110,0
445,6,B,2,premium,no,no,1,65,1
445,6,C,4,premium,yes,no,1,85,0
445,7,A,6,standard,no,yes,4,85,0
445,7,B,6,premium,no,no,4,65,1
445,7,C,2,premium,no,no,4,110,0
445,8,A,2,premium,no,yes,2,65,1
445,8,B,6,premium,yes,no,2,65,0
445,8,C,2,premium,no,no,2,85,0
446,1,A,6,standard,no,no,4,45,0
446,1,B,6,premium,yes,no,1,65,0
446,1,C,6,premium,no,no,1,45,1
446,2,A,6,standard,yes,yes,4,65,1
446,2,B,2,premium,no,no,1,45,0
446,2,C,6,premium,yes,no,4,65,0
446,3,A,2,premium,no,no,4,30,0
446,3,B,6,premium,no,yes,4,65,1
446,3,C,6,premium,no,no,4,65,0
446,4,A,6,premium,no,no,1,110,0
446,4,B,2,standard,no,yes,4,45,1
446,4,C,4,standard,no,yes,2,110,0
446,5,A,4,premium,yes,yes,1,30,1
446,5,B,2,standard,no,no,1,110,0
446,5,C,6,standard,no,no,4,30,0
446,6,A,4,premium,yes,yes,2,85,0
446,6,B,6,standard,yes,yes,2,65,1
446,6,C,2,standard,yes,no,4,45,0
446,7,A,6,premium,yes,no,2,65,0
446,7,B,4,premium,no,no,2,30,0
446,7,C,4,premium,no,no,1,30,1
446,8,A,2,premium,yes,no,1,30,1
446,8,B,4,premium,no,yes,2,110,0
446,8,C,2,standard,yes,no,1,85,0
447,1,A,4,premium,yes,no,1,85,1
447,1,B,4,premium,yes,no,4,45,0
447,1,C,4,standard,yes,no,2,45,0
447,2,A,4,standard,yes,yes,1,30,0
447,2,B,2,standard,no,yes,2,85,0
447,2,C,6,premium,yes,yes,4,30,1
447,3,A,4,premium,yes,yes,4,85,1
447,3,B,4,premium,no,yes,1,65,0
447,3,C,2,premium,yes,yes,2,85,0
447,4,A,6,standard,no,yes,2,110,0
447,4,B,2,premium,yes,no,2,30,0
447,4,C,4,standard,yes,no,2,30,1
447,5,A,4,standard,no,yes,4,110,0
447,5,B,2,premium,no,no,2,30,1
447,5,C,4,premium,no,yes,2,85,0
447,6,A,4,premium,yes,no,4,45,1
447,6,B,4,premium,yes,no,4,65,0
447,6,C,6,premium,yes,yes,2,110,0
447,7,A,6,premium,yes,no,1,65,1
447,7,B,2,premium,no,no,4,110,0
447,7,C,6,premium,yes,no,1,85,0
447,8,A,6,premium,yes,yes,2,30,1
447,8,B,2,standard,no,yes,1,30,0
447,8,C,6,premium,yes,yes,4,30,0
448,1,A,2,standard,no,yes,1,45,1
448,1,B,2,premium,yes,no,1,45,0
448,1,C,2,standard,no,no,4,65,0
448,2,A,2,premium,yes,no,2,110,0
448,2,B,2,standard,yes,no,2,85,0
448,2,C,4,standard,yes,no,2,45,1
448,3,A,4,standard,no,no,4,30,1
448,3,B,2,standard,no,no,1,30,0
448,3,C,4,standard,no,yes,4,30,0
448,4,A,6,standard,no,yes,2,85,0
448,4,B,2,standard,no,yes,2,85,0
448,4,C,6,standard,no,yes,1,30,1
448,5,A,2,premium,yes,yes,1,45,0
448,5,B,2,premium,yes,yes,4,30,1
448,5,C,6,standard,no,yes,4,85,0
448,6,A,4,premium,no,no,4,65,0
448,6,B,6,premium,no,no,2,45,0
448,6,C,6,standard,yes,yes,4,85,1
448,7,A,4,standard,yes,no,4,85,1
448,7,B,4,premium,yes,no,2,85,0
448,7,C,2,standard,no,yes,4,85,0
448,8,A,6,premium,yes,yes,1,85,1
448,8,B,6,premium,no,no,4,110,0
448,8,C,4,premium,no,yes,4,45,0
449,1,A,6,standard,no,yes,1,45,0
449,1,B,2,premium,no,yes,1,110,0
449,1,C,6,standard,no,no,1,30,1
449,2,A,6,standard,no,yes,1,85,1
449,2,B,2,premium,yes,no,1,110,0
449,2,C,6,premium,no,yes,4,30,0
449,3,A,6,premium,no,yes,1,110,0
449,3,B,6,premium,yes,no,1,85,0
449,3,C,2,premium,yes,yes,1,65,1
449,4,A,2,premium,no,no,4,65,1
449,4,B,2,premium,yes,no,4,85,0
449,4,C,2,standard,no,no,1,45,0
449,5,A,2,standard,yes,no,1,85,0
449,5,B,2,premium,yes,no,1,85,0
449,5,C,6,standard,no,yes,4,30,1
449,6,A,2,standard,no,yes,1,85,0
449,6,B,6,standard,no,no,4,30,1
449,6,C,4,standard,no,yes,1,30,0
449,7,A,6,standard,yes,no,2,30,0
449,7,B,6,premium,no,yes,4,30,1
449,7,C,6,premium,yes,yes,1,65,0
449,8,A,6,premium,yes,yes,2,65,1
449,8,B,2,standard,no,no,1,65,0
449,8,C,6,premium,yes,no,2,65,0
450,1,A,4,premium,yes,no,2,30,1
450,1,B,6,standard,no,yes,4,65,0
450,1,C,6,standard,yes,no,4,45,0
450,2,A,4,standard,yes,yes,2,45,1
450,2,B,4,standard,yes,yes,2,85,0
450,2,C,4,standard,yes,no,1,45,0
450,3,A,2,standard,yes,yes,1,110,0
450,3,B,2,standard,no,yes,2,45,1
450,3,C,2,premium,no,yes,1,110,0
450,4,A,2,premium,no,yes,4,85,0
450,4,B,4,standard,no,no,4,85,0
450,4,C,2,standard,yes,yes,4,85,1
450,5,A,6,premium,yes,yes,4,30,1
450,5,B,2,standard,yes,yes,2,45,0
450,5,C,2,standard,no,no,1,85,0
450,6,A,2,standard,yes,no,1,30,1
450,6,B,4,standard,no,no,1,65,0
450,6,C,4,standard,yes,no,1,45,0
450,7,A,4,standard,yes,yes,1,110,0
450,7,B,4,standard,yes,yes,2,30,1
450,7,C,6,standard,no,no,2,30,0
450,8,A,2,premium,no,yes,1,30,1
450,8,B,6,standard,no,yes,2,65,0
450,8,C,2,premium,no,no,2,85,0
451,1,A,6,premium,yes,no,1,30,1
451,1,B,4,premium,yes,yes,4,110,0
451,1,C,2,premium,yes,no,2,30,0
451,2,A,4,premium,no,yes,2,85,0
451,2,B,2,premium,no,yes,1,65,0
451,2,C,2,premium,no,yes,1,45,1
451,3,A,6,standard,yes,no,2,65,1
451,3,B,2,standard,no,no,2,45,0
451,3,C,4,standard,no,yes,2,65,0
451,4,A,4,premium,yes,yes,2,85,0
451,4,B,4,premium,yes,yes,4,45,0
451,4,C,4,standard,yes,no,2,45,1
451,5,A,2,standard,no,no,4,45,0
451,5,B,4,premium,no,yes,2,85,0
451,5,C,6,premium,no,yes,1,45,1
451,6,A,4,premium,yes,yes,2,65,1
451,6,B,2,standard,yes,yes,4,110,0
451,6,C,2,premium,no,yes,4,85,0
451,7,A,2,premium,no,yes,1,110,0
451,7,B,6,standard,yes,no,1,45,1
451,7,C,4,premium,yes,yes,2,85,0
451,8,A,2,premium,yes,yes,4,30,1
451,8,B,6,standard,yes,no,2,30,0
451,8,C,6,standard,yes,yes,2,30,0
452,1,A,6,standard,no,no,2,85,1
452,1,B,2,premium,no,no,1,85,0
452,1,C,6,standard,yes,yes,1,85,0
452,2,A,4,standard,yes,no,1,45,0
452,2,B,4,standard,yes,yes,1,65,1
452,2,C,4,premium,no,no,4,65,0
452,3,A,4,standard,no,yes,4,45,1
452,3,B,2,standard,yes,yes,2,45,0
452,3,C,6,premium,yes,yes,4,45,0
452,4,A,4,premium,no,no,2,65,1
452,4,B,4,standard,yes,no,4,30,0
452,4,C,6,premium,no,yes,4,85,0
452,5,A,6,premium,no,yes,2,30,0
452,5,B,4,premium,yes,yes,4,30,1
452,5,C,4,standard,no,yes,4,110,0
452,6,A,4,standard,yes,yes,2,65,0
452,6,B,4,standard,yes,yes,1,110,0
452,6,C,4,standard,yes,no,1,65,1
452,7,A,4,standard,no,yes,4,45,0
452,7,B,6,premium,yes,no,1,85,0
452,7,C,2,premium,yes,yes,2,45,1
452,8,A,2,standard,no,no,1,110,0
452,8,B,4,standard,yes,no,4,110,0
452,8,C,6,standard,yes,no,1,65,1
453,1,A,6,premium,no,yes,4,30,1
453,1,B,2,premium,yes,yes,1,45,0
453,1,C,6,premium,no,yes,4,45,0
453,2,A,4,premium,no,no,1,110,0
453,2,B,4,standard,yes,yes,2,110,0
453,2,C,6,standard,yes,yes,4,85,1
453,3,A,6,standard,no,no,1,30,1
453,3,B,2,standard,yes,yes,1,30,0
453,3,C,6,standard,yes,no,2,110,0
453,4,A,2,premium,no,yes,1,45,0
453,4,B,2,standard,yes,no,2,85,0
453,4,C,2,standard,no,no,4,30,1
453,5,A,4,standard,no,no,1,30,0
453,5,B,2,premium,yes,yes,4,65,1
453,5,C,2,standard,yes,yes,4,65,0
453,6,A,6,standard,yes,no,4,30,1
453,6,B,6,premium,no,no,4,85,0
453,6,C,2,standard,no,no,2,85,0
453,7,A,6,premium,no,no,4,85,0
453,7,B,6,standard,no,yes,4,85,0
453,7,C,2,premium,yes,no,1,30,1
453,8,A,6,standard,no,no,1,85,0
453,8,B,4,standard,no,yes,2,65,0
453,8,C,2,premium,yes,no,4,45,1
454,1,A,4,premium,no,no,4,85,1
454,1,B,4,standard,no,yes,2,110,0
454,1,C,2,standard,no,no,1,65,0
454,2,A,4,standard,no,yes,4,85,0
454,2,B,4,standard,no,no,2,110,0
454,2,C,2,standard,no,yes,1,30,1
454,3,A,4,standard,no,yes,4,45,0
454,3,B,2,standard,yes,no,2,30,1
454,3,C,6,standard,no,no,4,110,0
454,4,A,4,premium,no,no,1,110,0
454,4,B,4,premium,yes,yes,1,65,1
454,4,C,4,premium,yes,yes,4,65,0
454,5,A,2,premium,yes,no,2,45,0
454,5,B,6,premium,yes,yes,4,85,1
454,5,C,6,premium,yes,no,2,85,0
454,6,A,2,premium,yes,yes,2,85,0
454,6,B,4,standard,no,yes,2,45,1
454,6,C,4,standard,yes,yes,2,85,0
454,7,A,2,premium,no,no,1,65,0
454,7,B,2,premium,no,no,1,85,1
454,7,C,6,premium,yes,no,4,110,0
454,8,A,6,premium,yes,no,2,85,1
454,8,B,2,standard,no,no,4,65,0
454,8,C,2,standard,no,no,2,45,0
455,1,A,2,standard,yes,no,2,65,0
455,1,B,2,premium,no,yes,1,110,0
455,1,C,2,premium,no,yes,1,30,1
455,2,A,4,premium,no,yes,1,30,1
455,2,B,4,premium,yes,yes,2,30,0
455,2,C,6,standard,yes,yes,4,45,0
455,3,A,2,standard,no,yes,2,110,0
455,3,B,6,premium,yes,yes,2,110,0
455,3,C,4,premium,no,no,2,30,1
455,4,A,4,standard,no,no,1,30,1
455,4,B,6,premium,yes,no,2,85,0
455,4,C,4,premium,no,yes,1,45,0
455,5,A,6,premium,yes,no,4,45,1
455,5,B,6,standard,no,yes,1,45,0
455,5,C,4,standard,yes,yes,2,45,0
455,6,A,2,premium,yes,no,1,65,0
455,6,B,2,premium,yes,no,1,30,1
455,6,C,6,premium,no,yes,2,110,0
455,7,A,2,standard,yes,yes,4,65,0
455,7,B,6,standard,yes,no,2,45,0
455,7,C,2,standard,yes,no,1,45,1
455,8,A,2,standard,yes,yes,2,85,0
455,8,B,6,standard,yes,yes,4,45,1
455,8,C,4,standard,no,no,2,110,0
456,1,A,6,standard,no,no,1,45,0
456,1,B,2,premium,yes,yes,4,65,0
456,1,C,4,premium,no,no,4,30,1
456,2,A,4,standard,yes,no,4,110,0
456,2,B,2,standard,yes,yes,2,110,0
456,2,C,2,premium,no,no,2,30,1
456,3,A,2,standard,yes,no,1,30,1
456,3,B,6,standard,no,no,1,110,0
456,3,C,2,standard,yes,no,2,65,0
456,4,A,4,standard,no,yes,2,65,0
456,4,B,4,premium,yes,yes,4,45,1
456,4,C,2,premium,yes,no,1,45,0
456,5,A,2,premium,yes,no,4,30,0
456,5,B,6,premium,no,no,1,30,0
456,5,C,2,premium,yes,yes,1,45,1
456,6,A,6,premium,yes,no,1,65,0
456,6,B,4,standard,yes,no,2,30,1
456,6,C,2,standard,yes,yes,1,65,0
456,7,A,4,premium,no,yes,4,45,1
456,7,B,2,premium,yes,no,4,110,0
456,7,C,2,premium,yes,no,1,30,0
456,8,A,4,premium,no,yes,4,110,0
456,8,B,4,standard,no,yes,2,45,0
456,8,C,2,premium,yes,yes,2,85,1
457,1,A,2,standard,yes,yes,2,85,0
457,1,B,6,premium,no,no,2,45,1
457,1,C,6,premium,no,yes,4,85,0
457,2,A,6,standard,no,no,2,30,1
457,2,B,2,standard,yes,no,1,85,0
457,2,C,4,premium,yes,yes,4,110,0
457,3,A,4,standard,yes,no,1,110,0
457,3,B,4,premium,yes,no,2,110,0
457,3,C,4,standard,yes,yes,4,30,1
457,4,A,6,standard,no,yes,4,30,0
457,4,B,6,premium,yes,no,4,30,1
457,4,C,4,premium,no,no,4,65,0
457,5,A,2,standard,yes,no,2,65,0
457,5,B,6,premium,no,no,4,30,0
457,5,C,6,premium,yes,no,2,45,1
457,6,A,4,standard,yes,no,2,45,1
457,6,B,2,standard,yes,yes,1,65,0
457,6,C,4,premium,yes,yes,1,45,0
457,7,A,2,standard,yes,no,4,30,1
457,7,B,4,standard,no,no,1,30,0
457,7,C,6,premium,no,yes,1,110,0
457,8,A,2,standard,yes,yes,4,85,0
457,8,B,6,standard,no,yes,2,45,1
457,8,C,2,premium,yes,no,4,110,0
458,1,A,4,standard,yes,yes,1,65,1
458,1,B,6,premium,no,yes,4,45,0
458,1,C,4,standard,no,yes,1,45,0
458,2,A,6,premium,yes,no,1,30,1
458,2,B,4,standard,yes,yes,4,65,0
458,2,C,6,standard,yes,yes,2,110,0
458,3,A,2,premium,yes,no,2,30,1
458,3,B,2,premium,no,yes,2,45,0
458,3,C,6,premium,no,no,1,30,0
458,4,A,4,standard,no,yes,1,65,0
458,4,B,4,standard,yes,no,4,30,0
458,4,C,4,premium,yes,yes,4,45,1
458,5,A,2,premium,yes,no,1,65,0
458,5,B,6,standard,yes,yes,4,30,1
458,5,C,6,standard,no,no,4,85,0
458,6,A,2,standard,yes,no,2,45,0
458,6,B,4,standard,no,yes,2,85,0
458,6,C,6,premium,yes,yes,1,85,1
458,7,A,4,premium,yes,yes,4,110,0
458,7,B,2,premium,yes,yes,2,30,0
458,7,C,6,premium,yes,no,1,30,1
458,8,A,4,standard,no,yes,2,65,0
458,8,B,6,standard,no,yes,1,110,0
458,8,C,2,premium,no,no,4,110,1
459,1,A,4,standard,yes,yes,2,110,0
459,1,B,6,standard,no,no,2,30,1
459,1,C,4,premium,no,yes,2,85,0
459,2,A,4,premium,yes,yes,4,110,0
459,2,B,2,standard,yes,no,4,30,1
459,2,C,4,premium,no,no,4,110,0
459,3,A,2,standard,yes,no,2,85,0
459,3,B,4,premium,yes,no,4,45,0
459,3,C,4,premium,yes,no,2,30,1
459,4,A,4,premium,yes,yes,4,30,1
459,4,B,6,standard,no,yes,2,85,0
459,4,C,4,premium,no,no,2,45,0
459,5,A,2,standard,yes,no,2,30,1
459,5,B,4,premium,no,no,4,45,0
459,5,C,4,premium,yes,yes,4,110,0
459,6,A,2,standard,no,yes,4,30,0
459,6,B,6,premium,yes,yes,1,65,1
459,6,C,4,standard,yes,no,4,45,0
459,7,A,2,standard,yes,no,2,110,0
459,7,B,4,standard,yes,yes,2,65,1
459,7,C,4,standard,no,yes,2,110,0
459,8,A,6,standard,yes,no,1,45,0
459,8,B,4,premium,yes,yes,1,85,0
459,8,C,6,premium,no,no,4,30,1
460,1,A,6,standard,yes,no,2,30,0
460,1,B,6,standard,yes,yes,2,85,0
460,1,C,4,premium,yes,yes,1,65,1
460,2,A,4,premium,no,yes,1,65,0
460,2,B,6,standard,yes,no,2,30,0
460,2,C,2,standard,yes,yes,1,30,1
460,3,A,6,standard,no,no,1,65,0
460,3,B,2,premium,no,no,1,45,1
460,3,C,4,standard,yes,no,4,85,0
460,4,A,4,standard,no,yes,1,65,0
460,4,B,2,premium,no,no,1,85,0
460,4,C,6,premium,yes,no,1,30,1
460,5,A,6,standard,yes,no,4,85,0
460,5,B,6,standard,yes,no,2,30,0
460,5,C,2,premium,yes,no,2,65,1
460,6,A,4,standard,no,no,1,110,0
460,6,B,6,premium,yes,yes,1,110,0
460,6,C,6,standard,yes,yes,4,65,1
460,7,A,2,premium,no,no,4,110,0
460,7,B,2,standard,no,no,4,110,0
460,7,C,4,standard,no,no,2,65,1
460,8,A,2,standard,yes,no,2,110,0
460,8,B,4,premium,no,yes,4,45,1
460,8,C,6,premium,no,no,1,110,0
461,1,A,4,standard,no,yes,4,65,1
461,1,B,6,standard,no,yes,2,85,0
461,1,C,6,standard,no,no,2,85,0
461,2,A,2,premium,no,yes,4,65,0
461,2,B,6,premium,yes,no,4,85,0
461,2,C,2,standard,yes,yes,4,30,1
461,3,A,4,standard,no,yes,1,65,0
461,3,B,2,premium,yes,yes,1,65,0
461,3,C,4,premium,no,no,4,30,1
461,4,A,2,standard,yes,yes,2,110,0
461,4,B,2,premium,yes,no,2,45,0
461,4,C,2,premium,no,yes,1,30,1
461,5,A,6,standard,yes,yes,2,85,0
461,5,B,4,standard,yes,yes,1,65,0
461,5,C,6,standard,yes,yes,2,30,1
461,6,A,6,premium,yes,yes,2,30,1
461,6,B,2,premium,yes,no,1,85,0
461,6,C,2,premium,yes,no,4,30,0
461,7,A,4,standard,yes,yes,2,110,0
461,7,B,4,premium,yes,no,2,65,0
461,7,C,4,standard,yes,yes,4,45,1
461,8,A,6,standard,no,no,2,85,0
461,8,B,6,standard,yes,no,1,45,0
461,8,C,2,premium,no,yes,4,30,1
462,1,A,6,premium,yes,no,1,65,1
462,1,B,2,standard,no,no,1,85,0
462,1,C,4,premium,no,yes,1,110,0
462,2,A,2,premium,yes,yes,4,65,1
462,2,B,4,premium,yes,no,2,85,0
462,2,C,4,standard,yes,yes,2,45,0
462,3,A,4,standard,no,yes,1,110,0
462,3,B,4,premium,no,no,1,65,1
462,3,C,6,premium,no,yes,1,30,0
462,4,A,6,premium,yes,no,1,85,1
462,4,B,6,standard,yes,no,1,65,0
462,4,C,4,premium,no,no,4,45,0
462,5,A,2,premium,yes,yes,1,65,1
462,5,B,4,standard,yes,no,2,110,0
462,5,C,2,premium,no,yes,4,65,0
462,6,A,6,premium,yes,no,4,85,0
462,6,B,6,standard,yes,yes,2,65,1
462,6,C,2,standard,yes,no,1,30,0
462,7,A,6,premium,yes,yes,4,30,1
462,7,B,4,standard,no,yes,2,85,0
462,7,C,6,standard,no,yes,1,30,0
462,8,A,2,premium,no,no,4,45,0
462,8,B,6,standard,yes,no,2,30,1
462,8,C,4,premium,yes,yes,2,110,0
463,1,A,4,premium,no,no,2,45,1
463,1,B,2,standard,no,yes,2,110,0
463,1,C,2,standard,yes,yes,2,85,0
463,2,A,6,premium,yes,yes,4,45,1
463,2,B,6,standard,yes,yes,2,110,0
463,2,C,2,standard,no,no,1,30,0
463,3,A,4,premium,no,no,4,110,1
463,3,B,6,standard,no,no,4,110,0
463,3,C,2,standard,no,no,1,65,0
463,4,A,4,premium,yes,no,4,30,1
463,4,B,2,premium,yes,yes,2,45,0
463,4,C,4,standard,no,no,4,110,0
463,5,A,6,premium,no,no,2,65,0
463,5,B,4,standard,yes,no,1,30,0
463,5,C,4,premium,yes,yes,4,30,1
463,6,A,2,premium,yes,no,4,85,1
463,6,B,6,premium,yes,yes,4,85,0
463,6,C,4,standard,yes,no,1,65,0
463,7,A,2,standard,yes,yes,2,45,0
463,7,B,6,standard,yes,no,1,30,1
463,7,C,4,standard,yes,yes,1,85,0
463,8,A,2,standard,yes,no,1,110,0
463,8,B,6,premium,yes,no,4,85,0
463,8,C,4,standard,no,yes,4,30,1
464,1,A,6,premium,no,no,4,110,0
464,1,B,4,standard,no,no,4,85,1
464,1,C,6,standard,no,no,4,85,0
464,2,A,6,premium,yes,yes,4,85,0
464,2,B,6,premium,no,yes,4,45,1
464,2,C,6,standard,no,yes,1,65,0
464,3,A,6,premium,yes,yes,1,30,0
464,3,B,6,premium,yes,no,1,85,1
464,3,C,2,premium,yes,no,2,110,0
464,4,A,6,premium,yes,yes,1,45,0
464,4,B,4,standard,no,no,4,85,0
464,4,C,4,premium,yes,yes,1,45,1
464,5,A,2,standard,yes,yes,2,30,0
464,5,B,2,premium,yes,no,4,30,1
464,5,C,2,premium,no,no,4,110,0
464,6,A,4,premium,no,no,4,45,0
464,6,B,4,standard,no,yes,4,45,1
464,6,C,2,premium,no,no,4,30,0
464,7,A,4,premium,yes,yes,4,110,0
464,7,B,4,premium,no,no,2,30,1
464,7,C,4,premium,no,yes,4,110,0
464,8,A,2,premium,no,yes,2,85,0
464,8,B,2,standard,yes,yes,2,65,1
464,8,C,4,standard,yes,yes,1,110,0
465,1,A,6,standard,no,yes,4,85,0
465,1,B,6,premium,no,no,2,85,1
465,1,C,4,standard,no,yes,4,110,0
465,2,A,2,standard,yes,no,4,110,0
465,2,B,2,standard,yes,yes,2,30,1
465,2,C,2,standard,no,no,1,85,0
465,3,A,2,premium,yes,yes,1,85,0
465,3,B,6,premium,yes,yes,4,85,0
465,3,C,2,premium,yes,no,2,30,1
465,4,A,4,premium,yes,yes,4,110,0
465,4,B,6,standard,no,no,1,45,1
465,4,C,6,premium,no,no,4,110,0
465,5,A,2,premium,yes,yes,4,65,0
465,5,B,6,standard,yes,yes,1,30,1
465,5,C,4,standard,no,no,4,65,0
465,6,A,6,premium,yes,yes,2,65,1
465,6,B,6,premium,no,no,1,65,0
465,6,C,2,standard,no,yes,2,30,0
465,7,A,2,standard,yes,yes,2,65,0
465,7,B,2,standard,no,no,4,30,1
465,7,C,4,premium,no,no,4,85,0
465,8,A,2,standard,no,no,4,110,0
465,8,B,6,premium,no,yes,1,65,0
465,8,C,2,premium,no,no,1,45,1
466,1,A,4,premium,yes,no,2,45,1
466,1,B,4,standard,yes,yes,1,30,0
466,1,C,6,standard,no,yes,2,65,0
466,2,A,4,premium,yes,yes,4,30,1
466,2,B,6,standard,no,no,2,110,0
466,2,C,2,standard,yes,yes,1,65,0
466,3,A,6,standard,no,no,2,85,0
466,3,B,2,premium,yes,yes,2,30,1
466,3,C,6,premium,no,no,2,65,0
466,4,A,2,standard,yes,no,1,65,0
466,4,B,2,standard,yes,yes,2,65,0
466,4,C,4,standard,yes,no,2,45,1
466,5,A,6,standard,yes,no,4,85,0
466,5,B,2,premium,yes,no,4,65,1
466,5,C,2,premium,no,no,2,110,0
466,6,A,2,standard,no,no,1,30,1
466,6,B,2,premium,yes,yes,1,110,0
466,6,C,4,standard,no,yes,4,85,0
466,7,A,6,premium,no,yes,4,85,0
466,7,B,6,premium,yes,no,2,30,1
466,7,C,2,premium,no,no,4,30,0
466,8,A,4,standard,no,yes,2,65,1
466,8,B,4,premium,no,yes,2,65,0
466,8,C,2,standard,yes,no,2,110,0
467,1,A,6,standard,no,yes,1,85,0
467,1,B,4,standard,no,yes,1,65,1
467,1,C,4,standard,no,no,2,85,0
467,2,A,4,standard,yes,yes,4,85,0
467,2,B,4,premium,no,no,2,30,1
467,2,C,6,standard,no,yes,1,65,0
467,3,A,6,premium,no,no,2,85,0
467,3,B,4,standard,no,no,2,85,0
467,3,C,6,standard,no,no,1,30,1
467,4,A,6,premium,no,no,2,110,0
467,4,B,2,premium,yes,no,2,110,1
467,4,C,2,standard,no,no,1,65,0
467,5,A,4,premium,yes,yes,2,110,1
467,5,B,4,standard,no,yes,1,65,0
467,5,C,4,standard,yes,no,1,110,0
467,6,A,2,premium,yes,yes,2,45,0
467,6,B,2,premium,no,no,2,45,1
467,6,C,6,standard,yes,no,1,110,0
467,7,A,2,premium,yes,no,1,110,0
467,7,B,2,premium,no,yes,4,45,1
467,7,C,2,standard,no,yes,1,85,0
467,8,A,6,standard,yes,no,2,45,0
467,8,B,6,standard,yes,no,4,65,0
467,8,C,2,standard,yes,yes,1,45,1
468,1,A,6,premium,no,yes,1,65,0
468,1,B,6,standard,yes,no,2,85,0
468,1,C,4,premium,yes,no,1,45,1
468,2,A,6,premium,no,yes,4,45,1
468,2,B,2,premium,no,yes,2,30,0
468,2,C,6,premium,no,yes,4,85,0
468,3,A,6,standard,yes,no,2,30,1
468,3,B,4,standard,yes,yes,2,110,0
468,3,C,2,standard,no,yes,4,65,0
468,4,A,4,standard,no,no,2,110,0
468,4,B,4,premium,yes,yes,4,65,1
468,4,C,6,premium,no,no,2,45,0
468,5,A,6,premium,yes,yes,1,110,1
468,5,B,2,premium,yes,yes,1,85,0
468,5,C,6,standard,yes,no,1,65,0
468,6,A,2,premium,yes,no,4,45,1
468,6,B,4,premium,yes,yes,1,45,0
468,6,C,2,premium,yes,yes,1,45,0
468,7,A,6,premium,yes,yes,2,110,0
468,7,B,2,standard,no,no,1,110,0
468,7,C,2,standard,yes,no,1,110,1
468,8,A,2,premium,no,no,1,30,0
468,8,B,6,premium,no,yes,1,65,0
468,8,C,6,premium,yes,no,2,45,1
469,1,A,4,standard,no,yes,1,45,1
469,1,B,2,standard,yes,yes,1,110,0
469,1,C,4,premium,yes,no,1,65,0
469,2,A,4,premium,yes,no,2,85,0
469,2,B,6,standard,no,no,1,45,1
469,2,C,6,standard,yes,yes,1,45,0
469,3,A,6,standard,no,no,1,65,0
469,3,B,4,standard,no,no,2,85,0
469,3,C,4,standard,yes,yes,4,45,1
469,4,A,4,standard,no,yes,4,45,0
469,4,B,4,premium,no,no,4,30,1
469,4,C,2,standard,yes,no,4,65,0
469,5,A,2,standard,yes,yes,2,85,0
469,5,B,2,standard,no,yes,4,45,1
469,5,C,4,standard,yes,yes,1,85,0
469,6,A,6,premium,yes,yes,1,110,0
469,6,B,2,standard,no,no,1,65,1
469,6,C,4,premium,yes,no,4,110,0
469,7,A,2,premium,no,yes,1,45,1
469,7,B,2,standard,yes,no,1,45,0
469,7,C,4,premium,no,no,1,85,0
469,8,A,2,standard,yes,yes,1,85,0
469,8,B,4,premium,no,no,2,110,1
469,8,C,6,standard,no,no,2,110,0
470,1,A,6,premium,no,yes,1,65,0
470,1,B,2,standard,yes,no,4,65,0
470,1,C,4,premium,no,no,2,85,1
470,2,A,2,premium,yes,yes,2,85,0
470,2,B,2,standard,no,yes,4,30,0
470,2,C,2,standard,yes,yes,4,30,1
470,3,A,4,premium,yes,yes,1,65,0
470,3,B,6,standard,yes,no,4,110,0
470,3,C,4,premium,no,no,1,85,1
470,4,A,4,standard,yes,no,4,65,1
470,4,B,4,standard,no,yes,4,110,0
470,4,C,2,standard,no,yes,2,30,0
470,5,A,6,standard,yes,yes,1,30,0
470,5,B,2,premium,no,no,4,45,0
470,5,C,4,premium,yes,no,1,65,1
470,6,A,6,premium,yes,yes,4,110,0
470,6,B,2,premium,no,yes,1,65,0
470,6,C,2,standard,yes,yes,1,110,1
470,7,A,6,standard,no,no,2,85,0
470,7,B,6,standard,yes,no,1,65,0
470,7,C,2,standard,no,no,1,45,1
470,8,A,2,standard,no,no,4,110,1
470,8,B,4,standard,no,no,1,85,0
470,8,C,6,standard,no,no,2,85,0
471,1,A,6,premium,yes,yes,2,110,0
471,1,B,4,standard,no,yes,4,65,0
471,1,C,6,premium,yes,yes,4,45,1
471,2,A,2,premium,yes,no,4,85,0
471,2,B,2,standard,no,yes,1,30,0
471,2,C,4,premium,no,yes,2,65,1
471,3,A,2,premium,no,no,4,85,0
471,3,B,6,premium,yes,yes,4,30,1
471,3,C,6,standard,no,yes,4,30,0
471,4,A,6,standard,no,yes,4,45,0
471,4,B,4,standard,yes,yes,1,65,0
471,4,C,2,standard,no,yes,4,30,1
471,5,A,6,standard,no,yes,2,65,0
471,5,B,6,standard,yes,no,1,45,1
471,5,C,4,standard,yes,yes,2,110,0
471,6,A,2,premium,yes,yes,4,30,1
471,6,B,6,standard,no,yes,4,30,0
471,6,C,4,premium,no,yes,2,65,0
471,7,A,4,standard,yes,no,4,30,1
471,7,B,2,premium,no,no,4,85,0
471,7,C,2,premium,no,no,1,85,0
471,8,A,2,premium,yes,yes,4,85,0
471,8,B,2,standard,no,no,4,110,0
471,8,C,6,premium,no,yes,1,30,1
472,1,A,4,premium,no,no,2,85,0
472,1,B,2,standard,yes,no,2,45,1
472,1,C,4,premium,yes,yes,2,85,0
472,2,A,2,standard,no,no,4,65,0
472,2,B,2,premium,no,yes,2,30,0
472,2,C,6,premium,yes,yes,4,85,1
472,3,A,4,premium,no,no,2,65,0
472,3,B,2,premium,no,yes,1,110,0
472,3,C,4,standard,no,no,2,30,1
472,4,A,4,standard,yes,no,2,110,0
472,4,B,2,standard,yes,no,1,85,0
472,4,C,6,standard,yes,yes,1,85,1
472,5,A,4,premium,yes,yes,1,85,1
472,5,B,6,standard,no,no,2,85,0
472,5,C,6,standard,yes,yes,1,110,0
472,6,A,4,standard,yes,no,1,85,1
472,6,B,4,standard,yes,no,4,45,0
472,6,C,2,standard,no,yes,2,110,0
472,7,A,2,premium,no,no,1,45,0
472,7,B,6,standard,no,yes,2,30,1
472,7,C,2,standard,no,yes,2,85,0
472,8,A,4,standard,no,no,1,45,0
472,8,B,4,premium,yes,yes,1,85,1
472,8,C,2,premium,yes,yes,2,45,0
473,1,A,4,standard,yes,yes,4,110,0
473,1,B,4,premium,no,yes,1,110,0
473,1,C,6,standard,yes,no,4,65,1
473,2,A,6,premium,yes,yes,2,30,0
473,2,B,2,premium,yes,yes,2,110,0
473,2,C,2,standard,no,yes,1,45,1
473,3,A,6,standard,yes,no,1,45,1
473,3,B,6,standard,yes,yes,1,65,0
473,3,C,6,premium,yes,yes,2,85,0
473,4,A,2,standard,yes,no,2,85,0
473,4,B,4,standard,yes,no,2,65,0
473,4,C,4,premium,yes,yes,2,85,1
473,5,A,6,premium,no,yes,4,85,0
473,5,B,6,premium,no,yes,2,30,1
473,5,C,4,standard,yes,yes,1,30,0
473,6,A,6,premium,yes,no,1,65,0
473,6,B,6,standard,yes,yes,1,30,1
473,6,C,4,premium,yes,yes,1,65,0
473,7,A,2,standard,no,yes,2,110,0
473,7,B,4,standard,yes,no,1,85,1
473,7,C,6,standard,yes,yes,4,65,0
473,8,A,4,premium,yes,no,1,65,0
473,8,B,6,standard,no,yes,2,65,0
473,8,C,6,standard,no,yes,4,45,1
474,1,A,2,premium,yes,yes,1,30,1
474,1,B,4,standard,no,no,1,85,0
474,1,C,6,premium,yes,yes,2,45,0
474,2,A,6,premium,no,yes,2,110,0
474,2,B,4,standard,yes,no,1,85,1
474,2,C,2,standard,yes,no,1,30,0
474,3,A,4,premium,no,yes,1,45,0
474,3,B,4,standard,no,yes,4,30,1
474,3,C,2,standard,no,no,1,65,0
474,4,A,2,standard,yes,no,4,65,0
474,4,B,2,premium,no,no,1,110,0
474,4,C,4,standard,yes,no,2,65,1
474,5,A,2,standard,yes,no,1,30,0
474,5,B,2,standard,yes,yes,1,85,0
474,5,C,6,standard,no,yes,4,30,1
474,6,A,6,standard,yes,yes,2,65,1
474,6,B,4,standard,yes,yes,2,65,0
474,6,C,6,standard,yes,yes,1,110,0
474,7,A,2,premium,no,yes,4,45,0
474,7,B,4,standard,yes,no,1,45,1
474,7,C,2,premium,no,no,1,85,0
474,8,A,6,premium,yes,yes,1,85,0
474,8,B,2,standard,yes,yes,2,85,0
474,8,C,2,premium,no,no,1,65,1
475,1,A,2,standard,no,no,1,85,0
475,1,B,6,standard,no,yes,4,65,0
475,1,C,6,standard,yes,no,2,65,1
475,2,A,6,premium,no,no,2,30,1
475,2,B,4,standard,no,no,1,85,0
475,2,C,2,standard,no,yes,2,30,0
475,3,A,4,standard,no,yes,1,45,1
475,3,B,4,standard,no,yes,1,45,0
475,3,C,4,premium,no,yes,2,45,0
475,4,A,2,standard,no,no,1,30,1
475,4,B,4,premium,yes,yes,4,110,0
475,4,C,4,standard,yes,yes,2,85,0
475,5,A,4,standard,no,yes,4,65,0
475,5,B,6,standard,yes,no,2,65,1
475,5,C,4,premium,yes,yes,1,85,0
475,6,A,4,standard,yes,yes,4,65,1
475,6,B,2,premium,yes,no,4,85,0
475,6,C,6,standard,no,no,2,65,0
475,7,A,6,standard,no,no,4,45,0
475,7,B,6,standard,no,no,2,45,1
475,7,C,2,premium,no,no,1,30,0
475,8,A,4,premium,no,yes,4,30,1
475,8,B,6,standard,no,no,1,65,0
475,8,C,2,premium,no,yes,1,30,0
476,1,A,4,standard,no,yes,2,30,1
476,1,B,6,standard,no,no,4,45,0
476,1,C,2,standard,yes,no,2,85,0
476,2,A,6,standard,no,yes,2,85,0
476,2,B,4,standard,yes,yes,1,65,0
476,2,C,4,premium,yes,yes,1,85,1
476,3,A,2,standard,no,no,1,110,0
476,3,B,6,standard,no,no,4,45,1
476,3,C,2,standard,no,yes,2,85,0
476,4,A,2,premium,yes,yes,1,85,1
476,4,B,2,premium,yes,yes,2,85,0
476,4,C,2,premium,yes,no,4,45,0
476,5,A,6,standard,yes,no,4,85,0
476,5,B,2,standard,no,no,2,85,0
476,5,C,6,standard,no,yes,4,85,1
476,6,A,2,standard,no,no,2,30,1
476,6,B,4,premium,no,yes,1,110,0
476,6,C,4,premium,no,no,4,45,0
476,7,A,4,standard,no,yes,1,45,0
476,7,B,4,standard,no,no,4,45,1
476,7,C,2,premium,no,yes,4,65,0
476,8,A,6,premium,yes,no,4,85,1
476,8,B,2,premium,yes,no,4,65,0
476,8,C,6,premium,no,no,4,110,0
477,1,A,2,standard,no,no,1,45,0
477,1,B,6,standard,no,yes,2,85,0
477,1,C,2,standard,yes,yes,1,30,1
477,2,A,2,premium,yes,yes,1,110,0
477,2,B,6,premium,no,yes,4,30,1
477,2,C,2,premium,yes,yes,2,110,0
477,3,A,6,standard,yes,no,4,85,0
477,3,B,4,standard,no,no,1,45,1
477,3,C,6,premium,no,no,4,30,0
477,4,A,2,premium,no,no,4,110,0
477,4,B,2,premium,yes,no,1,45,1
477,4,C,2,standard,yes,no,2,45,0
477,5,A,6,premium,yes,yes,2,85,0
477,5,B,2,premium,yes,yes,2,30,0
477,5,C,4,standard,yes,no,1,30,1
477,6,A,2,premium,yes,yes,4,65,0
477,6,B,6,standard,yes,yes,1,30,1
477,6,C,6,standard,yes,no,2,30,0
477,7,A,2,premium,no,yes,4,45,0
477,7,B,2,standard,yes,no,1,65,0
477,7,C,2,standard,yes,yes,2,30,1
477,8,A,2,premium,yes,yes,4,65,0
477,8,B,6,standard,no,yes,2,85,0
477,8,C,6,standard,no,no,4,65,1
478,1,A,4,premium,yes,yes,1,85,0
478,1,B,4,standard,yes,no,2,85,0
478,1,C,6,premium,yes,no,4,45,1
478,2,A,6,premium,yes,yes,1,30,0
478,2,B,6,standard,no,yes,2,85,0
478,2,C,6,standard,yes,yes,2,30,1
478,3,A,2,standard,yes,yes,4,65,1
478,3,B,6,premium,yes,yes,1,110,0
478,3,C,6,premium,no,no,1,110,0
478,4,A,6,premium,yes,yes,4,85,1
478,4,B,2,premium,no,no,2,45,0
478,4,C,4,standard,yes,yes,4,65,0
478,5,A,6,premium,no,yes,2,30,1
478,5,B,2,premium,yes,no,2,85,0
478,5,C,4,premium,no,no,2,65,0
478,6,A,6,standard,no,no,4,45,1
478,6,B,4,premium,yes,yes,4,110,0
478,6,C,2,standard,no,yes,2,110,0
478,7,A,4,premium,yes,no,1,30,1
478,7,B,2,standard,no,yes,2,85,0
478,7,C,6,standard,no,no,1,65,0
478,8,A,6,premium,yes,no,4,85,0
478,8,B,6,standard,yes,yes,4,110,1
478,8,C,6,standard,yes,no,2,110,0
479,1,A,6,standard,no,yes,4,85,0
479,1,B,6,standard,yes,yes,2,45,1
479,1,C,6,premium,no,no,1,110,0
479,2,A,6,standard,no,yes,1,45,0
479,2,B,6,premium,no,yes,1,110,1
479,2,C,6,standard,no,no,1,45,0
479,3,A,6,premium,yes,yes,1,110,0
479,3,B,2,premium,yes,no,2,110,0
479,3,C,2,premium,yes,yes,4,45,1
479,4,A,6,standard,yes,yes,2,30,1
479,4,B,2,standard,no,yes,1,85,0
479,4,C,4,standard,yes,yes,4,85,0
479,5,A,4,standard,yes,yes,2,65,0
479,5,B,4,premium,yes,no,2,30,1
479,5,C,2,premium,no,yes,2,110,0
479,6,A,2,standard,no,no,1,45,0
479,6,B,4,standard,no,no,2,30,1
479,6,C,2,premium,no,yes,2,45,0
479,7,A,6,standard,no,yes,1,45,0
479,7,B,6,premium,no,yes,4,45,1
479,7,C,2,premium,yes,yes,2,45,0
479,8,A,4,standard,yes,yes,2,85,0
479,8,B,4,premium,yes,no,1,30,1
479,8,C,6,premium,yes,yes,4,110,0
480,1,A,4,premium,no,no,1,110,0
480,1,B,2,standard,yes,yes,2,45,1
480,1,C,6,premium,no,yes,4,110,0
480,2,A,6,standard,yes,yes,2,30,1
480,2,B,6,standard,yes,yes,1,85,0
480,2,C,4,standard,no,yes,1,110,0
480,3,A,6,standard,yes,no,2,45,1
480,3,B,4,premium,yes,yes,4,30,0
480,3,C,2,standard,no,yes,2,65,0
480,4,A,6,premium,no,no,4,45,1
480,4,B,6,standard,yes,yes,1,85,0
480,4,C,6,standard,yes,yes,1,110,0
480,5,A,4,standard,yes,yes,4,85,0
480,5,B,4,premium,yes,yes,4,85,0
480,5,C,4,premium,no,yes,4,85,1
480,6,A,2,premium,no,yes,4,30,0
480,6,B,2,premium,yes,no,2,45,0
480,6,C,4,standard,no,no,2,85,1
480,7,A,4,standard,yes,yes,1,85,0
480,7,B,4,premium,no,no,1,65,1
480,7,C,6,premium,yes,yes,4,85,0
480,8,A,4,standard,yes,yes,1,30,0
480,8,B,2,premium,no,yes,4,110,0
480,8,C,6,premium,no,no,2,85,1
481,1,A,4,standard,no,no,1,85,0
481,1,B,4,standard,no,no,4,85,1
481,1,C,2,premium,no,no,4,85,0
481,2,A,6,standard,yes,yes,1,110,0
481,2,B,4,standard,no,yes,4,30,0
481,2,C,4,premium,no,yes,2,45,1
481,3,A,6,premium,no,no,2,110,0
481,3,B,6,standard,yes,no,4,65,1
481,3,C,4,premium,no,yes,1,65,0
481,4,A,2,standard,yes,yes,4,85,0
481,4,B,2,premium,yes,no,2,110,0
481,4,C,2,premium,no,yes,1,30,1
481,5,A,4,standard,no,no,1,110,0
481,5,B,4,standard,no,yes,2,45,1
481,5,C,2,premium,no,yes,4,45,0
481,6,A,6,premium,yes,no,4,30,1
481,6,B,2,premium,yes,no,2,110,0
481,6,C,4,premium,yes,yes,2,110,0
481,7,A,2,premium,yes,yes,1,110,0
481,7,B,6,premium,no,no,4,65,1
481,7,C,2,standard,yes,yes,2,110,0
481,8,A,4,standard,yes,yes,2,110,0
481,8,B,2,standard,no,yes,2,110,0
481,8,C,4,premium,no,no,2,45,1
482,1,A,6,premium,yes,yes,1,45,0
482,1,B,6,premium,no,yes,2,30,1
482,1,C,6,standard,yes,no,2,65,0
482,2,A,4,standard,no,no,4,85,0
482,2,B,6,premium,no,yes,1,85,0
482,2,C,4,standard,no,no,2,65,1
482,3,A,2,premium,yes,yes,2,85,0
482,3,B,4,premium,yes,no,4,30,1
482,3,C,2,premium,no,no,2,45,0
482,4,A,6,standard,yes,no,1,85,1
482,4,B,6,standard,no,no,4,65,0
482,4,C,2,premium,no,no,1,45,0
482,5,A,6,standard,yes,no,2,110,0
482,5,B,6,standard,no,yes,4,110,0
482,5,C,4,premium,yes,no,1,30,1
482,6,A,6,premium,yes,no,2,45,1
482,6,B,4,premium,yes,no,1,45,0
482,6,C,2,premium,yes,yes,1,110,0
482,7,A,2,premium,no,yes,2,65,0
482,7,B,2,premium,no,no,2,65,0
482,7,C,2,premium,yes,yes,2,65,1
482,8,A,4,standard,no,no,2,45,1
482,8,B,2,standard,no,no,1,85,0
482,8,C,6,standard,no,no,1,65,0
483,1,A,6,premium,yes,no,1,110,0
483,1,B,6,premium,yes,yes,1,65,1
483,1,C,6,premium,no,no,1,65,0
483,2,A,6,premium,no,no,1,30,1
483,2,B,6,premium,yes,no,1,65,0
483,2,C,2,premium,no,no,1,85,0
483,3,A,4,premium,no,yes,4,30,1
483,3,B,6,standard,no,no,4,85,0
483,3,C,4,standard,yes,yes,2,65,0
483,4,A,2,premium,no,no,2,110,0
483,4,B,2,premium,yes,no,4,65,1
483,4,C,4,standard,no,yes,4,110,0
483,5,A,4,standard,no,no,4,65,0
483,5,B,2,premium,no,yes,1,30,1
483,5,C,2,standard,no,no,1,85,0
483,6,A,4,premium,yes,no,2,85,0
483,6,B,4,standard,no,yes,1,45,0
483,6,C,6,standard,yes,yes,1,65,1
483,7,A,4,premium,no,no,2,45,0
483,7,B,2,standard,yes,no,1,85,0
483,7,C,4,standard,yes,yes,4,45,1
483,8,A,2,standard,yes,no,2,30,0
483,8,B,6,premium,yes,yes,1,65,0
483,8,C,6,premium,no,yes,4,30,1
484,1,A,2,standard,yes,no,1,65,0
484,1,B,6,premium,no,no,1,45,0
484,1,C,6,standard,yes,yes,1,65,1
484,2,A,6,premium,no,no,4,30,1
484,2,B,2,premium,no,yes,4,45,0
484,2,C,2,standard,yes,yes,4,30,0
484,3,A,2,standard,no,no,4,85,0
484,3,B,6,premium,yes,no,2,30,1
484,3,C,2,premium,yes,no,1,85,0
484,4,A,6,standard,yes,no,4,45,1
484,4,B,4,premium,yes,yes,4,110,0
484,4,C,4,premium,yes,no,2,110,0
484,5,A,6,standard,no,yes,4,110,0
484,5,B,6,standard,no,yes,1,65,0
484,5,C,2,standard,yes,no,4,45,1
484,6,A,6,premium,no,no,2,45,1
484,6,B,4,premium,no,yes,1,65,0
484,6,C,2,premium,yes,yes,2,45,0
484,7,A,4,standard,no,no,1,30,0
484,7,B,6,standard,no,no,1,110,0
484,7,C,4,premium,no,yes,4,85,1
484,8,A,2,premium,yes,no,1,45,0
484,8,B,2,premium,yes,yes,4,65,0
484,8,C,6,standard,yes,no,4,30,1
485,1,A,2,premium,no,no,4,85,0
485,1,B,2,premium,no,yes,1,110,0
485,1,C,2,premium,yes,no,4,45,1
485,2,A,2,premium,no,yes,2,45,0
485,2,B,6,standard,yes,yes,4,110,0
485,2,C,6,premium,yes,yes,4,30,1
485,3,A,4,premium,yes,no,2,65,0
485,3,B,6,premium,no,yes,2,45,1
485,3,C,4,standard,no,no,4,65,0
485,4,A,6,premium,no,no,4,110,0
485,4,B,4,standard,no,no,1,65,0
485,4,C,4,premium,no,no,4,65,1
485,5,A,2,standard,yes,no,2,65,1
485,5,B,2,standard,no,no,4,110,0
485,5,C,4,standard,yes,yes,2,85,0
485,6,A,2,standard,yes,no,4,45,1
485,6,B,6,standard,yes,no,2,45,0
485,6,C,6,premium,yes,no,1,85,0
485,7,A,2,standard,yes,no,4,45,0
485,7,B,2,standard,no,no,4,65,1
485,7,C,6,premium,yes,no,1,110,0
485,8,A,6,standard,yes,yes,2,85,1
485,8,B,2,standard,no,no,1,65,0
485,8,C,4,standard,no,yes,4,110,0
486,1,A,2,premium,no,yes,1,30,1
486,1,B,6,premium,no,no,4,65,0
486,1,C,6,standard,yes,yes,4,110,0
486,2,A,4,premium,yes,yes,4,85,0
486,2,B,2,premium,yes,no,1,45,0
486,2,C,4,premium,yes,no,4,30,1
486,3,A,6,standard,yes,no,4,30,1
486,3,B,6,standard,yes,no,4,110,0
486,3,C,6,standard,no,no,1,85,0
486,4,A,4,standard,no,no,1,30,0
486,4,B,6,standard,yes,yes,2,110,0
486,4,C,4,premium,yes,yes,2,30,1
486,5,A,4,premium,no,yes,2,85,0
486,5,B,2,premium,no,yes,2,85,0
486,5,C,2,premium,no,yes,4,45,1
486,6,A,2,premium,no,no,2,45,0
486,6,B,6,premium,yes,yes,1,30,1
486,6,C,6,premium,yes,no,1,65,0
486,7,A,2,premium,yes,yes,1,30,1
486,7,B,2,standard,no,yes,4,30,0
486,7,C,4,premium,no,no,4,65,0
486,8,A,6,premium,no,yes,4,65,0
486,8,B,2,premium,no,no,1,30,0
486,8,C,6,premium,yes,no,1,30,1
487,1,A,2,standard,yes,yes,2,110,1
487,1,B,6,standard,no,yes,4,110,0
487,1,C,2,standard,yes,no,4,85,0
487,2,A,6,premium,no,yes,2,85,0
487,2,B,4,premium,no,yes,2,110,0
487,2,C,6,premium,yes,no,2,85,1
487,3,A,6,standard,no,no,2,30,0
487,3,B,2,standard,no,no,4,30,1
487,3,C,2,premium,yes,yes,1,85,0
487,4,A,2,premium,yes,yes,2,85,1
487,4,B,4,standard,no,yes,4,85,0
487,4,C,2,standard,no,no,1,65,0
487,5,A,6,standard,yes,no,2,85,0
487,5,B,2,premium,yes,yes,2,30,1
487,5,C,6,premium,no,no,2,30,0
487,6,A,2,standard,yes,yes,1,110,0
487,6,B,4,standard,yes,no,4,45,1
487,6,C,4,standard,no,yes,1,30,0
487,7,A,6,standard,no,yes,4,30,0
487,7,B,2,standard,no,no,4,110,0
487,7,C,6,premium,no,yes,2,30,1
487,8,A,4,premium,yes,yes,1,85,0
487,8,B,2,standard,yes,no,1,65,1
487,8,C,2,standard,no,no,4,85,0
488,1,A,6,standard,no,no,2,85,0
488,1,B,2,premium,no,no,4,65,1
488,1,C,6,standard,no,no,2,85,0
488,2,A,2,standard,no,yes,1,65,0
488,2,B,4,premium,yes,yes,4,85,1
488,2,C,4,premium,yes,no,4,110,0
488,3,A,6,premium,yes,yes,1,45,1
488,3,B,2,standard,yes,no,1,45,0
488,3,C,2,standard,no,yes,4,45,0
488,4,A,2,premium,no,no,2,110,0
488,4,B,2,premium,yes,yes,1,45,1
488,4,C,6,premium,yes,yes,1,110,0
488,5,A,2,premium,no,yes,4,45,1
488,5,B,6,premium,no,yes,1,110,0
488,5,C,6,premium,no,no,4,110,0
488,6,A,6,standard,yes,no,1,45,0
488,6,B,6,standard,yes,yes,2,45,1
488,6,C,6,premium,no,no,2,30,0
488,7,A,6,premium,no,yes,2,85,0
488,7,B,6,premium,yes,yes,4,65,1
488,7,C,2,standard,no,yes,2,65,0
488,8,A,4,premium,no,no,1,85,0
488,8,B,4,premium,no,yes,2,65,1
488,8,C,4,standard,yes,no,1,65,0
489,1,A,2,premium,yes,no,1,30,0
489,1,B,2,premium,no,yes,1,65,0
489,1,C,2,standard,yes,no,1,45,1
489,2,A,6,premium,yes,yes,4,45,1
489,2,B,2,premium,yes,yes,4,110,0
489,2,C,4,standard,yes,no,4,65,0
489,3,A,4,premium,no,no,4,65,0
489,3,B,4,premium,no,no,4,85,0
489,3,C,4,standard,yes,no,1,65,1
489,4,A,4,premium,yes,no,4,45,1
489,4,B,2,standard,yes,no,2,65,0
489,4,C,4,standard,no,no,2,110,0
489,5,A,2,premium,no,no,4,110,0
489,5,B,2,standard,no,yes,4,45,0
489,5,C,4,standard,yes,yes,4,45,1
489,6,A,4,premium,no,yes,1,45,0
489,6,B,4,premium,no,no,1,45,0
489,6,C,6,premium,no,yes,4,45,1
489,7,A,4,standard,no,no,1,65,0
489,7,B,4,standard,yes,yes,2,45,1
489,7,C,4,standard,yes,no,4,45,0
489,8,A,6,standard,no,yes,2,45,0
489,8,B,4,premium,yes,yes,2,30,1
489,8,C,4,standard,yes,no,4,110,0
490,1,A,4,standard,no,yes,4,85,0
490,1,B,4,standard,no,no,1,110,0
490,1,C,4,premium,yes,no,1,85,1
490,2,A,6,standard,no,no,2,30,0
490,2,B,6,premium,yes,yes,1,85,0
490,2,C,6,premium,no,yes,1,85,1
490,3,A,4,premium,yes,yes,4,45,0
490,3,B,2,premium,yes,no,4,45,1
490,3,C,6,premium,yes,no,4,85,0
490,4,A,6,premium,yes,no,2,65,0
490,4,B,6,standard,yes,no,4,65,1
490,4,C,6,standard,no,yes,1,45,0
490,5,A,6,standard,yes,no,2,30,0
490,5,B,2,premium,yes,yes,2,65,1
490,5,C,4,standard,yes,yes,2,45,0
490,6,A,2,premium,no,no,1,30,1
490,6,B,2,premium,yes,yes,1,85,0
490,6,C,4,premium,yes,no,2,85,0
490,7,A,6,standard,no,yes,1,65,1
490,7,B,2,standard,no,yes,1,65,0
490,7,C,4,premium,no,yes,1,85,0
490,8,A,4,standard,yes,no,4,45,1
490,8,B,2,standard,yes,no,1,45,0
490,8,C,2,standard,no,yes,2,110,0
491,1,A,4,premium,yes,no,2,65,0
491,1,B,4,premium,yes,yes,1,30,1
491,1,C,6,standard,no,yes,2,65,0
491,2,A,4,standard,yes,no,1,45,0
491,2,B,4,premium,no,yes,1,30,1
491,2,C,2,standard,yes,yes,1,110,0
491,3,A,4,standard,no,no,1,30,0
491,3,B,4,premium,yes,no,1,65,1
491,3,C,2,standard,yes,yes,1,110,0
491,4,A,4,standard,no,yes,4,45,1
491,4,B,2,premium,no,yes,4,30,0
491,4,C,6,standard,no,no,4,110,0
491,5,A,4,standard,yes,yes,1,45,1
491,5,B,6,premium,no,no,4,85,0
491,5,C,2,premium,no,no,2,65,0
491,6,A,6,standard,yes,yes,2,65,0
491,6,B,6,standard,yes,yes,1,85,0
491,6,C,4,standard,yes,no,2,45,1
491,7,A,2,standard,yes,no,1,65,0
491,7,B,6,standard,no,no,2,45,0
491,7,C,6,premium,yes,yes,1,85,1
491,8,A,4,premium,yes,yes,4,45,1
491,8,B,4,standard,no,yes,4,65,0
491,8,C,6,premium,no,yes,2,110,0
492,1,A,2,premium,yes,no,2,65,0
492,1,B,2,standard,no,yes,2,85,0
492,1,C,4,standard,no,yes,2,45,1
492,2,A,2,standard,yes,yes,2,30,0
492,2,B,2,premium,yes,no,4,45,1
492,2,C,6,standard,no,no,1,85,0
492,3,A,6,standard,yes,yes,4,30,1
492,3,B,4,standard,no,yes,2,85,0
492,3,C,2,standard,no,yes,2,85,0
492,4,A,4,standard,yes,no,2,85,0
492,4,B,2,standard,no,yes,1,45,1
492,4,C,4,premium,no,yes,1,65,0
492,5,A,2,premium,no,yes,4,110,0
492,5,B,6,premium,yes,yes,4,30,1
492,5,C,6,premium,yes,no,2,65,0
492,6,A,6,standard,no,yes,2,45,0
492,6,B,6,standard,yes,yes,2,85,1
492,6,C,2,premium,no,yes,2,110,0
492,7,A,6,standard,no,yes,1,45,0
492,7,B,6,standard,yes,no,1,85,1
492,7,C,2,premium,yes,yes,1,45,0
492,8,A,2,premium,yes,yes,4,45,1
492,8,B,2,standard,no,no,1,65,0
492,8,C,2,premium,yes,no,2,65,0
493,1,A,4,standard,yes,yes,4,30,0
493,1,B,6,standard,yes,no,4,30,1
493,1,C,6,premium,no,no,2,85,0
493,2,A,6,premium,yes,yes,2,85,0
493,2,B,6,premium,yes,yes,2,65,1
493,2,C,6,premium,yes,yes,1,110,0
493,3,A,2,standard,no,yes,4,45,0
493,3,B,4,standard,no,no,1,110,0
493,3,C,6,premium,yes,no,1,30,1
493,4,A,6,standard,yes,yes,4,30,0
493,4,B,4,premium,yes,yes,1,110,0
493,4,C,2,standard,yes,yes,1,30,1
493,5,A,6,premium,no,no,2,85,1
493,5,B,6,premium,yes,yes,2,85,0
493,5,C,6,standard,no,no,1,110,0
493,6,A,2,standard,no,no,4,65,0
493,6,B,4,premium,yes,yes,2,65,0
493,6,C,2,premium,no,no,2,45,1
493,7,A,6,premium,no,no,2,65,0
493,7,B,2,premium,yes,no,4,85,0
493,7,C,4,premium,no,no,4,30,1
493,8,A,4,standard,no,no,1,65,0
493,8,B,6,premium,no,yes,1,45,0
493,8,C,2,premium,yes,no,1,30,1
494,1,A,2,premium,yes,no,4,65,0
494,1,B,2,premium,no,no,2,110,0
494,1,C,6,standard,no,yes,2,45,1
494,2,A,2,standard,yes,yes,2,110,0
494,2,B,6,standard,no,yes,2,45,1
494,2,C,4,premium,yes,yes,1,85,0
494,3,A,2,standard,no,yes,1,30,1
494,3,B,4,standard,no,no,1,45,0
494,3,C,2,premium,no,yes,1,30,0
494,4,A,2,premium,yes,no,2,30,1
494,4,B,6,premium,no,yes,2,85,0
494,4,C,2,standard,no,yes,2,85,0
494,5,A,4,premium,no,no,1,45,1
494,5,B,6,premium,no,yes,2,65,0
494,5,C,2,standard,no,no,1,30,0
494,6,A,2,premium,yes,no,2,30,1
494,6,B,6,premium,no,no,2,110,0
494,6,C,4,premium,no,yes,2,110,0
494,7,A,4,premium,yes,yes,4,45,0
494,7,B,2,premium,yes,no,4,30,1
494,7,C,2,premium,no,no,4,45,0
494,8,A,6,standard,no,yes,1,30,1
494,8,B,6,premium,no,no,4,85,0
494,8,C,4,premium,yes,no,2,85,0
495,1,A,6,premium,yes,yes,1,110,0
495,1,B,6,standard,no,no,1,65,0
495,1,C,6,premium,yes,no,2,45,1
495,2,A,2,standard,yes,no,1,45,0
495,2,B,6,standard,yes,no,2,45,1
495,2,C,6,standard,no,no,1,110,0
495,3,A,6,premium,yes,yes,2,45,1
495,3,B,2,premium,no,yes,4,45,0
495,3,C,2,standard,yes,no,1,30,0
495,4,A,4,premium,yes,no,1,30,0
495,4,B,2,premium,no,no,1,110,0
495,4,C,4,premium,no,no,2,30,1
495,5,A,2,premium,no,no,1,45,0
495,5,B,4,premium,no,no,2,30,0
495,5,C,4,standard,yes,no,2,85,1
495,6,A,2,premium,no,no,4,45,0
495,6,B,4,standard,no,yes,2,45,0
495,6,C,2,premium,yes,yes,1,45,1
495,7,A,6,standard,yes,yes,2,30,1
495,7,B,2,premium,yes,no,1,85,0
495,7,C,6,standard,no,no,2,65,0
495,8,A,4,standard,yes,no,1,30,1
495,8,B,6,premium,yes,no,1,45,0
495,8,C,4,standard,yes,yes,4,45,0
496,1,A,6,standard,no,yes,1,110,0
496,1,B,6,premium,no,no,2,85,0
496,1,C,2,standard,no,yes,1,65,1
496,2,A,2,standard,no,yes,2,45,0
496,2,B,2,premium,no,yes,1,85,0
496,2,C,6,premium,yes,no,1,30,1
496,3,A,2,standard,yes,yes,2,30,0
496,3,B,6,premium,yes,no,2,30,1
496,3,C,4,standard,no,no,4,110,0
496,4,A,2,standard,no,no,4,85,0
496,4,B,2,premium,no,no,1,110,0
496,4,C,6,premium,no,yes,1,85,1
496,5,A,2,premium,yes,no,2,45,0
496,5,B,4,standard,yes,no,1,65,0
496,5,C,6,premium,no,yes,4,85,1
496,6,A,2,standard,no,yes,1,110,0
496,6,B,2,premium,no,no,2,110,0
496,6,C,6,standard,yes,no,2,85,1
496,7,A,2,premium,no,yes,1,110,0
496,7,B,4,premium,no,yes,4,65,1
496,7,C,2,premium,no,no,2,65,0
496,8,A,6,standard,yes,yes,2,65,0
496,8,B,4,standard,yes,yes,2,30,1
496,8,C,2,premium,no,yes,1,30,0
497,1,A,6,standard,yes,yes,4,45,0
497,1,B,2,premium,yes,yes,1,65,1
497,1,C,6,premium,yes,yes,2,65,0
497,2,A,6,standard,yes,yes,1,85,0
497,2,B,4,premium,no,no,1,65,0
497,2,C,4,premium,no,no,1,65,1
497,3,A,4,standard,yes,no,1,110,0
497,3,B,4,standard,yes,no,2,85,1
497,3,C,2,premium,no,no,2,85,0
497,4,A,2,premium,yes,yes,1,30,1
497,4,B,6,premium,no,no,2,45,0
497,4,C,6,premium,no,yes,2,85,0
497,5,A,6,premium,no,no,1,30,0
497,5,B,4,premium,yes,yes,2,110,1
497,5,C,2,standard,no,yes,2,45,0
497,6,A,2,premium,yes,no,4,85,0
497,6,B,4,standard,no,no,4,65,0
497,6,C,4,premium,no,no,2,45,1
497,7,A,6,standard,no,no,2,65,0
497,7,B,4,premium,yes,yes,4,45,1
497,7,C,2,premium,no,no,2,30,0
497,8,A,6,standard,no,no,1,65,0
497,8,B,6,premium,no,yes,4,30,1
497,8,C,2,premium,no,no,2,30,0
498,1,A,6,standard,yes,no,4,65,0
498,1,B,2,premium,yes,yes,1,85,0
498,1,C,6,premium,no,yes,2,30,1
498,2,A,2,standard,yes,yes,1,30,0
498,2,B,2,premium,yes,yes,2,65,0
498,2,C,4,standard,yes,yes,4,30,1
498,3,A,6,premium,no,no,4,65,0
498,3,B,4,premium,yes,no,4,30,1
498,3,C,4,standard,yes,yes,2,65,0
498,4,A,2,standard,no,no,2,45,1
498,4,B,4,standard,no,no,4,85,0
498,4,C,2,standard,yes,no,4,110,0
498,5,A,6,standard,yes,yes,4,85,0
498,5,B,2,premium,yes,yes,2,65,0
498,5,C,6,standard,no,no,4,85,1
498,6,A,6,standard,yes,no,2,110,0
498,6,B,6,standard,yes,no,4,65,0
498,6,C,2,premium,no,yes,2,45,1
498,7,A,2,standard,yes,no,2,65,1
498,7,B,2,standard,no,no,1,30,0
498,7,C,4,standard,no,yes,2,85,0
498,8,A,2,standard,no,no,1,45,1
498,8,B,6,standard,no,no,2,110,0
498,8,C,6,premium,yes,yes,1,110,0
499,1,A,4,premium,no,yes,4,110,1
499,1,B,6,standard,no,no,4,85,0
499,1,C,6,premium,no,no,4,30,0
499,2,A,2,standard,yes,no,4,110,0
499,2,B,2,standard,yes,yes,2,30,0
499,2,C,2,standard,yes,yes,1,110,1
499,3,A,6,standard,yes,yes,2,65,0
499,3,B,2,standard,no,no,2,85,0
499,3,C,2,standard,no,no,2,30,1
499,4,A,2,premium,yes,no,2,85,0
499,4,B,4,premium,no,no,1,85,1
499,4,C,6,standard,yes,no,1,45,0
499,5,A,6,standard,yes,no,4,30,0
499,5,B,4,standard,yes,no,1,45,0
499,5,C,6,standard,no,yes,4,30,1
499,6,A,6,standard,yes,no,4,65,1
499,6,B,2,standard,no,yes,4,110,0
499,6,C,2,standard,yes,no,1,85,0
499,7,A,6,premium,yes,no,1,45,0
499,7,B,2,premium,no,no,2,110,0
499,7,C,4,standard,yes,no,1,30,1
499,8,A,4,standard,no,yes,4,110,0
499,8,B,2,standard,yes,no,1,85,0
499,8,C,6,premium,no,no,1,45,1
500,1,A,2,standard,yes,yes,4,45,1
500,1,B,2,premium,yes,yes,2,65,0
500,1,C,4,standard,no,no,2,85,0
500,2,A,2,premium,no,yes,1,45,1
500,2,B,2,premium,yes,no,4,65,0
500,2,C,4,standard,no,no,2,45,0
500,3,A,2,premium,yes,no,1,85,0
500,3,B,4,premium,no,no,1,110,0
500,3,C,6,standard,no,yes,2,45,1
500,4,A,4,standard,no,no,1,30,1
500,4,B,2,premium,no,yes,2,45,0
500,4,C,2,standard,no,no,2,85,0
500,5,A,6,standard,yes,no,2,65,0
500,5,B,6,premium,no,no,1,45,1
500,5,C,4,premium,no,no,4,45,0
500,6,A,2,premium,no,yes,1,65,1
500,6,B,4,standard,no,no,1,45,0
500,6,C,2,premium,no,no,4,45,0
500,7,A,2,premium,yes,yes,1,45,1
500,7,B,4,standard,yes,yes,1,110,0
500,7,C,6,premium,yes,no,4,85,0
500,8,A,4,premium,no,no,4,85,1
500,8,B,4,standard,yes,no,1,110,0
500,8,C,6,premium,no,no,2,85,0
501,1,A,4,premium,no,yes,2,45,1
501,1,B,2,premium,no,yes,2,30,0
501,1,C,6,standard,yes,no,1,65,0
501,2,A,4,premium,yes,no,2,110,0
501,2,B,2,premium,no,no,4,30,1
501,2,C,2,premium,yes,no,1,65,0
501,3,A,6,premium,yes,yes,4,65,0
501,3,B,2,standard,yes,yes,4,30,1
501,3,C,2,standard,no,no,4,30,0
501,4,A,2,premium,yes,no,4,110,0
501,4,B,4,premium,no,yes,2,45,1
501,4,C,4,standard,no,no,1,65,0
501,5,A,6,premium,no,no,2,45,0
501,5,B,6,premium,yes,yes,2,85,1
501,5,C,4,premium,no,yes,4,45,0
501,6,A,2,premium,yes,yes,4,65,0
501,6,B,4,standard,no,yes,1,30,1
501,6,C,4,standard,no,yes,4,30,0
501,7,A,6,standard,no,yes,2,45,1
501,7,B,2,standard,no,no,2,45,0
501,7,C,6,premium,no,yes,1,85,0
501,8,A,6,premium,no,no,2,65,1
501,8,B,2,premium,no,yes,2,65,0
501,8,C,6,premium,no,yes,2,65,0
502,1,A,4,premium,no,no,4,65,1
502,1,B,4,standard,yes,yes,2,110,0
502,1,C,4,premium,no,no,2,45,0
502,2,A,2,standard,yes,yes,2,65,0
502,2,B,4,premium,no,yes,2,65,0
502,2,C,2,premium,no,no,4,30,1
502,3,A,6,standard,yes,no,4,85,0
502,3,B,2,premium,no,yes,4,45,1
502,3,C,6,standard,no,no,4,110,0
502,4,A,2,standard,no,no,4,65,0
502,4,B,4,standard,yes,yes,4,30,1
502,4,C,6,premium,no,no,4,85,0
502,5,A,6,standard,yes,yes,4,85,0
502,5,B,4,standard,yes,no,1,45,0
502,5,C,6,standard,no,no,1,30,1
502,6,A,4,premium,yes,no,4,65,1
502,6,B,2,standard,no,no,2,65,0
502,6,C,2,premium,no,no,1,110,0
502,7,A,2,standard,no,no,2,30,0
502,7,B,4,premium,yes,yes,2,85,0
502,7,C,6,standard,no,no,1,65,1
502,8,A,6,premium,yes,no,2,30,0
502,8,B,2,standard,no,yes,2,30,1
502,8,C,6,standard,yes,yes,2,110,0
503,1,A,2,premium,no,yes,2,45,0
503,1,B,6,standard,yes,no,4,85,0
503,1,C,4,premium,no,no,4,65,1
503,2,A,2,premium,yes,no,1,65,0
503,2,B,6,standard,yes,yes,4,65,1
503,2,C,4,standard,yes,yes,4,65,0
503,3,A,2,premium,yes,no,2,65,0
503,3,B,6,standard,yes,yes,4,65,1
503,3,C,2,premium,yes,yes,2,65,0
503,4,A,2,premium,yes,no,4,85,0
503,4,B,6,premium,yes,yes,4,110,0
503,4,C,4,standard,no,yes,4,45,1
503,5,A,2,premium,yes,yes,1,30,1
503,5,B,4,premium,no,no,2,65,0
503,5,C,2,standard,yes,no,4,110,0
503,6,A,6,standard,yes,no,1,45,0
503,6,B,4,standard,no,yes,1,85,0
503,6,C,6,premium,no,yes,2,45,1
503,7,A,2,standard,no,no,4,30,0
503,7,B,2,standard,no,yes,2,45,1
503,7,C,2,premium,no,yes,1,65,0
503,8,A,6,standard,yes,yes,2,45,0
503,8,B,4,standard,no,no,1,45,1
503,8,C,2,standard,no,no,4,110,0
504,1,A,2,premium,no,no,2,85,0
504,1,B,2,standard,no,no,2,45,1
504,1,C,6,premium,yes,yes,4,45,0
504,2,A,2,standard,yes,yes,2,110,1
504,2,B,4,standard,yes,yes,4,110,0
504,2,C,2,premium,no,no,2,85,0
504,3,A,2,premium,yes,yes,1,110,0
504,3,B,6,premium,yes,yes,1,85,1
504,3,C,6,premium,yes,no,2,110,0
504,4,A,4,standard,yes,no,4,110,0
504,4,B,2,standard,yes,yes,2,30,0
504,4,C,2,standard,yes,yes,4,30,1
504,5,A,4,premium,no,no,4,85,0
504,5,B,6,premium,no,yes,1,85,1
504,5,C,6,premium,no,yes,1,110,0
504,6,A,2,premium,yes,yes,1,45,0
504,6,B,4,standard,yes,yes,2,30,1
504,6,C,6,standard,yes,yes,2,30,0
504,7,A,2,premium,no,yes,2,110,0
504,7,B,6,standard,no,yes,2,30,1
504,7,C,2,standard,yes,no,4,30,0
504,8,A,2,premium,no,no,4,110,0
504,8,B,4,premium,no,no,4,65,0
504,8,C,2,standard,no,yes,1,65,1
505,1,A,2,standard,no,yes,4,65,0
505,1,B,6,standard,yes,yes,2,65,1
505,1,C,6,premium,no,yes,2,85,0
505,2,A,2,premium,no,yes,2,30,1
505,2,B,6,premium,yes,no,4,110,0
505,2,C,2,standard,yes,no,1,45,0
505,3,A,2,premium,yes,yes,1,45,1
505,3,B,2,premium,no,yes,1,85,0
505,3,C,2,standard,no,yes,4,65,0
505,4,A,2,standard,yes,yes,4,110,0
505,4,B,6,standard,no,no,1,30,1
505,4,C,6,standard,yes,no,2,65,0
505,5,A,2,standard,yes,yes,2,30,1
505,5,B,6,premium,no,yes,4,45,0
505,5,C,4,premium,no,no,2,45,0
505,6,A,2,premium,yes,no,1,110,0
505,6,B,6,standard,yes,no,2,65,0
505,6,C,2,premium,no,yes,1,110,1
505,7,A,6,premium,no,no,4,45,1
505,7,B,4,standard,yes,yes,2,65,0
505,7,C,4,standard,yes,no,1,65,0
505,8,A,6,premium,no,yes,4,85,1
505,8,B,2,premium,yes,yes,1,85,0
505,8,C,6,standard,yes,yes,4,85,0
506,1,A,4,standard,no,yes,1,85,0
506,1,B,2,premium,yes,yes,2,65,1
506,1,C,4,standard,yes,no,4,110,0
506,2,A,6,standard,no,yes,2,110,0
506,2,B,6,premium,yes,no,2,30,1
506,2,C,2,standard,no,no,4,45,0
506,3,A,4,standard,no,no,1,65,0
506,3,B,2,premium,no,no,2,65,1
506,3,C,2,premium,yes,yes,4,110,0
506,4,A,2,premium,no,yes,2,85,0
506,4,B,4,premium,yes,no,1,110,0
506,4,C,6,standard,no,no,1,30,1
506,5,A,2,premium,no,no,2,110,0
506,5,B,6,standard,yes,yes,2,110,0
506,5,C,4,standard,no,no,4,30,1
506,6,A,2,standard,no,yes,2,85,0
506,6,B,4,standard,yes,no,2,45,0
506,6,C,4,standard,yes,yes,1,85,1
506,7,A,2,standard,yes,yes,4,85,0
506,7,B,4,premium,yes,no,2,30,0
506,7,C,2,premium,yes,no,4,30,1
506,8,A,2,premium,no,no,4,110,0
506,8,B,6,premium,no,yes,4,30,1
506,8,C,2,premium,no,yes,4,45,0
507,1,A,4,premium,no,no,1,30,1
507,1,B,2,standard,yes,yes,2,110,0
507,1,C,4,standard,no,no,2,110,0
507,2,A,6,premium,yes,yes,4,110,0
507,2,B,4,premium,yes,no,4,85,0
507,2,C,6,premium,yes,yes,1,30,1
507,3,A,2,premium,no,no,2,30,1
507,3,B,6,standard,no,yes,1,30,0
507,3,C,6,premium,no,no,1,30,0
507,4,A,4,premium,no,yes,1,85,0
507,4,B,4,premium,yes,yes,1,65,1
507,4,C,2,standard,yes,no,2,110,0
507,5,A,2,premium,yes,no,1,45,1
507,5,B,6,standard,no,yes,2,85,0
507,5,C,4,standard,yes,no,4,110,0
507,6,A,4,standard,yes,yes,2,30,1
507,6,B,6,standard,yes,no,2,85,0
507,6,C,4,standard,yes,no,4,65,0
507,7,A,6,standard,yes,yes,2,65,0
507,7,B,6,premium,yes,yes,1,65,1
507,7,C,6,premium,no,no,1,110,0
507,8,A,2,premium,no,yes,1,45,0
507,8,B,6,premium,yes,yes,1,45,1
507,8,C,2,premium,no,yes,2,65,0
508,1,A,2,standard,no,yes,4,45,1
508,1,B,4,premium,no,yes,4,45,0
508,1,C,4,standard,no,yes,4,30,0
508,2,A,2,standard,no,no,4,110,0
508,2,B,4,premium,no,yes,2,45,1
508,2,C,6,premium,no,no,2,110,0
508,3,A,6,standard,yes,no,4,30,0
508,3,B,4,standard,yes,yes,4,30,0
508,3,C,4,standard,yes,no,1,30,1
508,4,A,2,standard,yes,no,4,30,1
508,4,B,2,standard,no,no,1,65,0
508,4,C,2,premium,no,yes,2,110,0
508,5,A,4,premium,no,yes,1,30,0
508,5,B,6,premium,no,no,1,45,1
508,5,C,2,premium,no,yes,2,110,0
508,6,A,2,standard,no,no,1,85,0
508,6,B,2,standard,no,no,1,110,0
508,6,C,4,standard,yes,no,4,110,1
508,7,A,4,standard,yes,no,4,30,0
508,7,B,4,standard,yes,yes,4,65,1
508,7,C,6,standard,no,no,2,85,0
508,8,A,6,premium,no,no,4,45,1
508,8,B,6,premium,no,no,2,110,0
508,8,C,4,standard,yes,no,1,65,0
509,1,A,6,premium,yes,no,4,85,1
509,1,B,2,standard,yes,yes,2,45,0
509,1,C,2,standard,no,no,4,85,0
509,2,A,4,premium,yes,yes,4,45,0
509,2,B,6,premium,yes,no,2,65,1
509,2,C,6,standard,yes,no,1,85,0
509,3,A,2,premium,yes,yes,4,110,1
509,3,B,2,premium,no,yes,4,85,0
509,3,C,6,premium,no,yes,1,110,0
509,4,A,2,standard,no,yes,4,110,0
509,4,B,6,premium,yes,yes,1,30,1
509,4,C,2,premium,yes,no,4,30,0
509,5,A,4,premium,yes,yes,2,85,0
509,5,B,2,premium,yes,no,4,110,0
509,5,C,6,premium,yes,yes,2,45,1
509,6,A,6,standard,no,yes,4,110,0
509,6,B,4,standard,yes,yes,4,65,0
509,6,C,4,standard,no,yes,2,30,1
509,7,A,6,premium,no,no,2,110,0
509,7,B,4,premium,no,no,2,85,0
509,7,C,6,standard,yes,yes,1,45,1
509,8,A,6,standard,no,yes,4,65,1
509,8,B,6,standard,yes,yes,1,85,0
509,8,C,4,premium,no,no,2,110,0
510,1,A,6,standard,no,no,2,85,0
510,1,B,4,standard,no,yes,1,30,1
510,1,C,6,premium,yes,no,1,85,0
510,2,A,6,standard,no,no,4,85,0
510,2,B,6,standard,no,yes,4,85,0
510,2,C,4,premium,no,no,1,30,1
510,3,A,4,premium,yes,no,2,65,0
510,3,B,4,premium,yes,yes,1,30,1
510,3,C,2,standard,yes,no,1,45,0
510,4,A,4,premium,no,no,4,30,1
510,4,B,2,standard,no,yes,2,65,0
510,4,C,2,standard,yes,no,2,110,0
510,5,A,2,standard,no,yes,4,85,0
510,5,B,2,premium,yes,yes,4,45,1
510,5,C,6,premium,yes,yes,2,110,0
510,6,A,4,premium,no,yes,2,30,0
510,6,B,2,standard,yes,yes,1,65,1
510,6,C,4,premium,yes,yes,1,65,0
510,7,A,4,premium,yes,yes,2,85,0
510,7,B,6,standard,yes,yes,2,30,1
510,7,C,2,standard,yes,yes,2,65,0
510,8,A,6,premium,yes,no,2,110,0
510,8,B,6,standard,no,no,4,45,0
510,8,C,6,standard,no,no,4,45,1
511,1,A,6,premium,no,no,1,85,0
511,1,B,2,standard,yes,yes,4,110,0
511,1,C,6,standard,yes,yes,4,85,1
511,2,A,4,premium,no,no,1,110,0
511,2,B,2,standard,no,no,4,45,0
511,2,C,6,standard,yes,yes,1,30,1
511,3,A,2,premium,yes,yes,2,110,0
511,3,B,6,premium,no,no,4,110,0
511,3,C,6,standard,no,no,2,30,1
511,4,A,2,standard,no,no,4,45,0
511,4,B,2,standard,yes,no,2,45,0
511,4,C,4,premium,yes,yes,1,45,1
511,5,A,4,premium,yes,yes,2,30,1
511,5,B,6,standard,yes,no,4,65,0
511,5,C,2,premium,yes,no,1,110,0
511,6,A,2,premium,yes,yes,1,85,1
511,6,B,2,premium,yes,no,4,65,0
511,6,C,2,premium,no,yes,1,30,0
511,7,A,4,standard,yes,no,4,85,0
511,7,B,4,premium,yes,yes,4,65,1
511,7,C,2,premium,no,no,1,30,0
511,8,A,6,standard,yes,yes,1,85,1
511,8,B,6,premium,no,no,1,30,0
511,8,C,6,premium,yes,no,4,110,0
512,1,A,6,standard,no,yes,1,30,1
512,1,B,6,standard,yes,yes,2,110,0
512,1,C,2,premium,no,no,4,110,0
512,2,A,2,premium,yes,no,4,30,1
512,2,B,2,standard,no,no,4,65,0
512,2,C,2,standard,no,no,2,65,0
512,3,A,4,premium,no,yes,2,30,1
512,3,B,4,standard,no,no,1,110,0
512,3,C,6,premium,yes,yes,4,110,0
512,4,A,2,standard,no,yes,1,65,1
512,4,B,4,premium,no,no,2,30,0
512,4,C,4,standard,yes,no,2,30,0
512,5,A,6,premium,yes,no,1,30,1
512,5,B,4,premium,no,no,2,45,0
512,5,C,4,standard,yes,no,1,45,0
512,6,A,6,premium,no,no,1,85,0
512,6,B,2,premium,no,yes,4,65,0
512,6,C,4,standard,yes,yes,2,30,1
512,7,A,6,standard,no,yes,1,85,0
512,7,B,4,premium,yes,yes,2,45,1
512,7,C,6,premium,yes,yes,1,45,0
512,8,A,6,standard,no,yes,1,85,0
512,8,B,2,premium,yes,yes,2,30,1
512,8,C,6,premium,no,yes,1,45,0
513,1,A,4,premium,yes,no,1,45,0
513,1,B,4,premium,yes,yes,2,110,0
513,1,C,6,standard,yes,yes,4,30,1
513,2,A,4,premium,no,no,1,110,0
513,2,B,2,standard,yes,no,1,30,1
513,2,C,4,premium,yes,yes,4,110,0
513,3,A,4,premium,yes,no,4,110,0
513,3,B,6,premium,no,yes,2,65,0
513,3,C,4,premium,yes,yes,2,30,1
513,4,A,6,standard,yes,no,2,45,0
513,4,B,6,standard,no,no,2,85,0
513,4,C,6,standard,yes,no,2,45,1
513,5,A,6,standard,no,no,4,85,0
513,5,B,6,premium,no,yes,2,110,0
513,5,C,2,premium,yes,no,4,45,1
513,6,A,2,standard,no,no,2,30,0
513,6,B,6,premium,yes,yes,2,45,1
513,6,C,2,standard,no,yes,1,110,0
513,7,A,6,premium,no,yes,2,45,0
513,7,B,2,standard,no,yes,1,110,0
513,7,C,2,premium,no,no,2,30,1
513,8,A,2,standard,no,yes,2,30,1
513,8,B,2,standard,yes,no,4,65,0
513,8,C,2,standard,no,no,2,65,0
514,1,A,6,premium,yes,yes,1,30,0
514,1,B,4,standard,yes,yes,4,45,1
514,1,C,4,standard,no,no,2,110,0
514,2,A,2,standard,no,no,4,45,1
514,2,B,6,standard,no,yes,1,110,0
514,2,C,4,standard,no,no,2,85,0
514,3,A,2,premium,no,no,4,30,0
514,3,B,2,premium,no,no,4,110,0
514,3,C,2,standard,yes,no,2,30,1
514,4,A,6,standard,no,yes,1,110,0
514,4,B,2,premium,yes,no,2,30,1
514,4,C,4,standard,no,no,2,110,0
514,5,A,6,standard,no,yes,4,30,0
514,5,B,4,standard,yes,no,1,30,1
514,5,C,2,premium,yes,yes,4,65,0
514,6,A,6,standard,yes,no,4,65,1
514,6,B,4,premium,no,yes,1,65,0
514,6,C,4,standard,yes,yes,1,110,0
514,7,A,2,premium,no,yes,4,65,1
514,7,B,4,premium,no,yes,1,65,0
514,7,C,4,standard,no,yes,4,45,0
514,8,A,2,premium,yes,no,4,45,1
514,8,B,4,premium,no,yes,1,45,0
514,8,C,6,standard,no,no,1,110,0
515,1,A,2,standard,no,yes,1,85,0
515,1,B,6,standard,no,yes,4,30,0
515,1,C,4,premium,yes,no,4,45,1
515,2,A,2,standard,no,no,2,45,0
515,2,B,2,standard,yes,yes,1,85,0
515,2,C,4,premium,yes,yes,4,30,1
515,3,A,6,premium,no,no,1,45,0
515,3,B,4,standard,yes,yes,4,110,0
515,3,C,2,premium,no,yes,4,85,1
515,4,A,6,standard,no,yes,2,65,0
515,4,B,6,standard,no,yes,2,45,1
515,4,C,4,premium,yes,yes,1,110,0
515,5,A,2,standard,yes,yes,1,45,0
515,5,B,6,standard,yes,yes,4,85,0
515,5,C,2,premium,yes,yes,2,45,1
515,6,A,2,premium,yes,yes,4,85,1
515,6,B,2,premium,yes,no,1,110,0
515,6,C,4,standard,no,no,4,45,0
515,7,A,2,premium,yes,yes,2,85,0
515,7,B,6,standard,yes,yes,2,45,1
515,7,C,4,premium,no,no,1,110,0
515,8,A,4,premium,no,no,1,65,0
515,8,B,4,standard,no,no,1,30,1
515,8,C,2,standard,no,no,4,65,0
516,1,A,2,standard,no,yes,1,30,1
516,1,B,2,standard,no,yes,4,65,0
516,1,C,6,standard,no,yes,4,30,0
516,2,A,4,premium,yes,yes,2,45,1
516,2,B,4,premium,no,yes,4,85,0
516,2,C,6,standard,yes,yes,1,110,0
516,3,A,2,standard,no,yes,2,30,1
516,3,B,6,standard,yes,yes,1,110,0
516,3,C,6,standard,no,yes,4,85,0
516,4,A,6,premium,no,yes,4,65,0
516,4,B,6,standard,yes,no,2,30,0
516,4,C,2,premium,yes,yes,2,65,1
516,5,A,4,premium,yes,no,4,45,1
516,5,B,2,standard,no,no,4,85,0
516,5,C,2,premium,no,no,2,85,0
516,6,A,4,standard,no,yes,2,45,1
516,6,B,4,standard,yes,no,1,65,0
516,6,C,2,standard,no,no,2,110,0
516,7,A,4,standard,yes,no,2,65,0
516,7,B,2,standard,no,no,4,85,0
516,7,C,6,standard,yes,yes,1,30,1
516,8,A,6,standard,no,yes,2,65,0
516,8,B,4,premium,yes,yes,1,65,0
516,8,C,6,premium,no,yes,1,30,1
517,1,A,6,premium,no,yes,2,65,0
517,1,B,2,standard,no,yes,1,65,1
517,1,C,6,premium,yes,yes,1,85,0
517,2,A,2,premium,yes,no,1,85,0
517,2,B,2,standard,yes,yes,1,45,1
517,2,C,4,standard,no,yes,1,65,0
517,3,A,6,standard,yes,yes,1,110,0
517,3,B,4,standard,no,yes,2,110,1
517,3,C,6,standard,no,yes,1,85,0
517,4,A,6,standard,yes,yes,4,45,1
517,4,B,2,premium,no,yes,2,65,0
517,4,C,4,standard,no,no,2,45,0
517,5,A,6,premium,yes,yes,4,65,1
517,5,B,2,standard,yes,no,4,110,0
517,5,C,2,premium,yes,no,4,65,0
517,6,A,6,standard,yes,yes,1,85,0
517,6,B,2,standard,no,yes,1,65,0
517,6,C,2,premium,yes,yes,2,65,1
517,7,A,2,standard,yes,no,1,30,0
517,7,B,4,premium,yes,no,2,85,0
517,7,C,2,premium,yes,yes,1,30,1
517,8,A,2,standard,no,yes,2,85,0
517,8,B,6,premium,no,no,1,45,1
517,8,C,4,standard,no,yes,2,110,0
518,1,A,2,premium,no,yes,4,110,0
518,1,B,6,premium,no,no,2,65,1
518,1,C,2,standard,yes,yes,2,110,0
518,2,A,4,standard,yes,yes,1,45,0
518,2,B,6,premium,no,yes,4,30,1
518,2,C,2,premium,no,yes,2,85,0
518,3,A,6,premium,yes,yes,1,110,0
518,3,B,2,premium,no,yes,1,45,0
518,3,C,6,standard,no,yes,2,65,1
518,4,A,4,premium,yes,no,1,110,0
518,4,B,2,premium,no,no,4,85,0
518,4,C,2,premium,yes,no,1,30,1
518,5,A,2,premium,yes,yes,2,110,0
518,5,B,4,premium,yes,no,2,85,0
518,5,C,4,premium,no,no,4,30,1
518,6,A,4,standard,no,yes,1,110,0
518,6,B,6,premium,yes,no,4,110,0
518,6,C,2,premium,yes,yes,4,30,1
518,7,A,4,premium,yes,yes,1,65,0
518,7,B,2,premium,no,yes,1,45,0
518,7,C,4,standard,no,yes,2,30,1
518,8,A,6,standard,yes,yes,4,65,1
518,8,B,6,premium,no,no,1,110,0
518,8,C,4,premium,yes,yes,4,110,0
519,1,A,2,premium,yes,yes,4,110,0
519,1,B,2,standard,no,yes,2,110,0
519,1,C,4,premium,no,yes,4,85,1
519,2,A,4,standard,yes,yes,4,110,0
519,2,B,2,standard,yes,yes,2,65,0
519,2,C,6,premium,no,no,4,30,1
519,3,A,2,premium,yes,yes,1,110,0
519,3,B,2,standard,yes,no,2,110,0
519,3,C,4,standard,yes,yes,4,85,1
519,4,A,6,standard,yes,no,1,30,1
519,4,B,4,premium,no,yes,4,30,0
519,4,C,6,premium,yes,no,4,30,0
519,5,A,2,premium,yes,yes,4,85,0
519,5,B,6,premium,no,no,1,85,0
519,5,C,2,standard,yes,yes,2,45,1
519,6,A,2,standard,yes,yes,4,30,1
519,6,B,4,standard,yes,no,2,65,0
519,6,C,2,premium,no,yes,1,85,0
519,7,A,6,premium,yes,no,4,85,0
519,7,B,2,standard,no,yes,4,110,0
519,7,C,6,premium,no,yes,2,45,1
519,8,A,6,standard,yes,no,4,85,0
519,8,B,2,premium,no,no,2,85,0
519,8,C,6,premium,yes,yes,2,30,1
520,1,A,2,standard,no,yes,4,110,0
520,1,B,6,standard,no,yes,2,65,1
520,1,C,4,standard,no,yes,2,65,0
520,2,A,2,premium,yes,no,4,45,1
520,2,B,4,standard,no,no,1,30,0
520,2,C,4,premium,yes,yes,2,65,0
520,3,A,4,standard,no,no,2,110,0
520,3,B,2,premium,yes,yes,1,85,0
520,3,C,4,standard,yes,no,4,85,1
520,4,A,6,premium,no,yes,2,45,0
520,4,B,4,standard,no,yes,4,30,0
520,4,C,4,standard,yes,yes,2,85,1
520,5,A,4,premium,no,yes,4,65,0
520,5,B,6,standard,no,yes,2,30,1
520,5,C,6,premium,yes,yes,1,30,0
520,6,A,2,standard,yes,yes,4,45,0
520,6,B,6,premium,no,yes,4,45,1
520,6,C,6,standard,yes,no,2,110,0
520,7,A,6,standard,yes,yes,2,45,0
520,7,B,6,premium,no,yes,2,85,0
520,7,C,2,standard,yes,no,4,30,1
520,8,A,6,premium,yes,yes,4,85,0
520,8,B,6,premium,yes,yes,4,65,0
520,8,C,4,premium,no,yes,2,45,1
521,1,A,2,standard,yes,no,2,65,1
521,1,B,4,standard,yes,yes,2,85,0
521,1,C,6,standard,no,no,2,30,0
521,2,A,6,premium,yes,no,2,45,0
521,2,B,4,premium,no,yes,4,30,1
521,2,C,4,premium,no,no,2,85,0
521,3,A,4,premium,no,no,1,85,0
521,3,B,4,standard,no,no,2,85,0
521,3,C,2,standard,yes,no,4,30,1
521,4,A,2,standard,no,yes,1,30,1
521,4,B,2,premium,no,no,4,85,0
521,4,C,4,premium,no,no,1,30,0
521,5,A,4,standard,yes,yes,4,30,0
521,5,B,4,standard,yes,yes,1,85,0
521,5,C,2,standard,no,yes,1,30,1
521,6,A,6,premium,yes,no,2,65,1
521,6,B,2,premium,yes,no,4,85,0
521,6,C,2,premium,no,no,4,30,0
521,7,A,4,premium,no,no,2,45,1
521,7,B,4,premium,yes,no,2,110,0
521,7,C,2,premium,no,yes,4,110,0
521,8,A,2,premium,yes,no,1,65,0
521,8,B,4,standard,yes,yes,1,30,1
521,8,C,4,premium,no,yes,2,30,0
522,1,A,2,premium,yes,no,1,110,1
522,1,B,4,standard,no,no,2,65,0
522,1,C,2,premium,no,no,4,85,0
522,2,A,2,premium,no,no,4,85,0
522,2,B,2,standard,yes,no,2,65,0
522,2,C,2,premium,no,no,1,30,1
522,3,A,4,standard,yes,yes,1,45,0
522,3,B,4,standard,yes,yes,2,65,0
522,3,C,6,standard,yes,yes,4,65,1
522,4,A,6,standard,yes,yes,1,85,0
522,4,B,4,standard,no,yes,4,45,0
522,4,C,4,premium,yes,yes,2,30,1
522,5,A,6,standard,no,no,1,85,0
522,5,B,6,standard,yes,no,1,30,1
522,5,C,4,standard,yes,yes,4,65,0
522,6,A,2,standard,no,no,2,45,1
522,6,B,6,standard,yes,yes,2,85,0
522,6,C,4,standard,yes,no,1,65,0
522,7,A,4,premium,no,no,1,65,0
522,7,B,6,standard,no,yes,1,65,1
522,7,C,2,premium,no,no,1,65,0
522,8,A,2,standard,yes,yes,2,45,0
522,8,B,4,premium,yes,no,1,65,1
522,8,C,4,premium,yes,no,4,110,0
523,1,A,2,premium,yes,yes,2,45,1
523,1,B,6,premium,no,no,4,45,0
523,1,C,4,premium,no,no,1,85,0
523,2,A,4,standard,yes,yes,1,110,0
523,2,B,4,premium,no,yes,4,110,0
523,2,C,4,standard,no,yes,2,65,1
523,3,A,6,premium,yes,no,2,85,0
523,3,B,6,standard,yes,no,1,85,0
523,3,C,6,premium,yes,yes,1,85,1
523,4,A,2,standard,yes,yes,4,30,0
523,4,B,2,standard,yes,yes,4,85,0
523,4,C,4,premium,no,yes,1,30,1
523,5,A,4,standard,no,yes,1,65,0
523,5,B,6,premium,yes,no,1,30,1
523,5,C,4,standard,yes,no,1,65,0
523,6,A,6,premium,yes,yes,1,30,1
523,6,B,6,standard,no,no,1,110,0
523,6,C,2,premium,no,no,2,30,0
523,7,A,2,standard,no,no,1,30,0
523,7,B,4,standard,no,no,2,65,0
523,7,C,2,premium,no,no,2,45,1
523,8,A,2,premium,no,no,1,65,0
523,8,B,6,premium,no,yes,2,110,0
523,8,C,4,standard,no,no,4,45,1
524,1,A,6,standard,no,yes,4,45,1
524,1,B,2,premium,no,no,4,85,0
524,1,C,4,premium,yes,yes,4,85,0
524,2,A,2,standard,no,yes,2,85,0
524,2,B,4,standard,no,no,4,30,1
524,2,C,6,standard,no,yes,4,85,0
524,3,A,6,premium,yes,yes,4,30,0
524,3,B,4,standard,no,yes,4,65,0
524,3,C,2,standard,yes,yes,2,45,1
524,4,A,6,premium,no,yes,4,45,1
524,4,B,4,premium,yes,no,4,45,0
524,4,C,6,premium,no,yes,4,45,0
524,5,A,6,standard,no,yes,4,110,0
524,5,B,4,premium,yes,no,1,110,0
524,5,C,2,standard,no,yes,4,45,1
524,6,A,2,standard,no,yes,4,45,1
524,6,B,2,standard,no,yes,4,85,0
524,6,C,4,premium,no,no,1,65,0
524,7,A,2,premium,no,no,2,65,0
524,7,B,6,standard,yes,no,2,110,0
524,7,C,4,standard,yes,no,2,45,1
524,8,A,2,premium,yes,yes,1,30,1
524,8,B,2,premium,no,yes,1,110,0
524,8,C,6,standard,no,no,4,30,0
525,1,A,2,standard,yes,no,4,45,1
525,1,B,2,standard,yes,yes,1,110,0
525,1,C,6,premium,yes,no,4,65,0
525,2,A,2,premium,yes,yes,2,45,1
525,2,B,4,standard,yes,yes,4,85,0
525,2,C,4,premium,no,no,2,30,0
525,3,A,4,standard,yes,no,1,30,0
525,3,B,6,premium,yes,no,1,30,0
525,3,C,6,standard,yes,yes,4,65,1
525,4,A,2,premium,yes,no,4,85,1
525,4,B,6,standard,yes,yes,1,85,0
525,4,C,6,standard,yes,no,2,45,0
525,5,A,6,standard,yes,no,1,110,0
525,5,B,6,standard,no,yes,4,30,0
525,5,C,4,premium,yes,yes,4,30,1
525,6,A,4,premium,no,yes,1,65,0
525,6,B,6,premium,yes,no,1,65,1
525,6,C,2,standard,no,no,1,45,0
525,7,A,4,premium,yes,yes,2,85,0
525,7,B,6,premium,no,no,2,30,1
525,7,C,4,premium,no,yes,2,110,0
525,8,A,6,premium,yes,yes,4,45,0
525,8,B,4,premium,yes,yes,2,30,1
525,8,C,6,standard,no,no,4,45,0
526,1,A,4,premium,yes,no,1,65,0
526,1,B,2,premium,no,yes,4,45,0
526,1,C,2,premium,no,yes,4,110,1
526,2,A,4,standard,no,no,4,65,0
526,2,B,2,premium,no,no,1,30,0
526,2,C,6,premium,yes,no,2,30,1
526,3,A,6,premium,yes,yes,1,30,1
526,3,B,2,premium,yes,no,1,110,0
526,3,C,4,premium,no,no,4,45,0
526,4,A,2,premium,yes,no,4,110,0
526,4,B,6,premium,yes,no,4,65,0
526,4,C,4,standard,no,no,2,45,1
526,5,A,2,standard,yes,yes,2,65,1
526,5,B,4,standard,yes,yes,1,65,0
526,5,C,2,standard,no,no,2,45,0
526,6,A,2,standard,no,no,4,30,1
526,6,B,4,premium,no,yes,1,65,0
526,6,C,4,premium,yes,no,2,85,0
526,7,A,6,premium,no,yes,1,30,0
526,7,B,4,standard,no,yes,4,65,0
526,7,C,4,premium,yes,yes,4,65,1
526,8,A,6,standard,no,no,1,45,1
526,8,B,6,premium,no,yes,2,110,0
526,8,C,6,premium,yes,yes,4,85,0
527,1,A,4,standard,no,no,4,110,0
527,1,B,6,premium,yes,no,2,85,0
527,1,C,4,premium,yes,yes,1,85,1
527,2,A,2,standard,no,yes,4,65,0
527,2,B,4,premium,yes,yes,4,45,0
527,2,C,2,standard,yes,no,1,45,1
527,3,A,2,premium,yes,no,4,45,1
527,3,B,6,standard,yes,no,4,30,0
527,3,C,4,premium,no,no,4,110,0
527,4,A,2,standard,yes,no,2,30,1
527,4,B,4,premium,no,no,1,65,0
527,4,C,2,premium,no,yes,1,85,0
527,5,A,4,standard,no,yes,1,110,0
527,5,B,6,standard,no,no,4,65,0
527,5,C,4,premium,no,yes,2,65,1
527,6,A,6,premium,no,no,4,45,0
527,6,B,2,standard,yes,no,2,85,0
527,6,C,6,premium,no,yes,4,45,1
527,7,A,2,premium,no,no,1,30,1
527,7,B,4,standard,yes,yes,2,45,0
527,7,C,2,premium,yes,no,1,45,0
527,8,A,2,standard,yes,yes,4,65,0
527,8,B,2,premium,yes,yes,4,45,1
527,8,C,6,premium,no,no,4,85,0
528,1,A,2,standard,yes,no,1,65,1
528,1,B,4,premium,no,no,1,30,0
528,1,C,2,premium,yes,no,1,110,0
528,2,A,4,standard,no,no,1,45,0
528,2,B,6,standard,no,no,4,85,1
528,2,C,4,premium,no,no,4,85,0
528,3,A,6,standard,yes,no,2,30,1
528,3,B,2,standard,yes,yes,1,85,0
528,3,C,6,premium,no,no,4,110,0
528,4,A,6,standard,no,no,2,85,0
528,4,B,2,premium,yes,no,2,85,0
528,4,C,6,standard,yes,no,2,30,1
528,5,A,4,standard,yes,yes,1,110,0
528,5,B,4,premium,no,no,1,30,0
528,5,C,6,premium,yes,yes,4,45,1
528,6,A,6,premium,no,no,2,65,0
528,6,B,6,standard,no,yes,2,30,1
528,6,C,2,premium,no,no,4,65,0
528,7,A,2,premium,yes,yes,4,110,1
528,7,B,6,standard,yes,no,1,85,0
528,7,C,2,premium,yes,no,1,110,0
528,8,A,2,standard,no,no,4,30,0
528,8,B,2,premium,yes,yes,4,65,0
528,8,C,4,premium,no,yes,2,30,1
529,1,A,2,premium,yes,yes,2,65,0
529,1,B,4,standard,no,yes,2,30,1
529,1,C,4,standard,yes,yes,4,110,0
529,2,A,6,premium,yes,no,2,85,1
529,2,B,4,standard,yes,yes,2,65,0
529,2,C,2,standard,no,yes,4,85,0
529,3,A,4,premium,no,no,4,110,1
529,3,B,4,premium,yes,yes,2,110,0
529,3,C,6,standard,no,yes,1,110,0
529,4,A,2,premium,no,no,4,30,1
529,4,B,6,standard,yes,no,2,85,0
529,4,C,4,premium,yes,yes,4,65,0
529,5,A,2,premium,yes,no,1,110,0
529,5,B,4,premium,yes,yes,4,85,1
529,5,C,6,standard,yes,no,2,45,0
529,6,A,6,standard,yes,no,1,85,1
529,6,B,4,standard,no,no,2,85,0
529,6,C,6,standard,yes,no,1,65,0
529,7,A,6,premium,yes,no,1,65,0
529,7,B,6,premium,no,yes,1,65,0
529,7,C,6,premium,yes,yes,1,45,1
529,8,A,4,premium,no,yes,4,65,1
529,8,B,6,premium,yes,no,4,65,0
529,8,C,4,premium,no,no,1,45,0
530,1,A,2,premium,no,yes,2,30,1
530,1,B,4,standard,no,yes,1,85,0
530,1,C,6,standard,no,no,2,65,0
530,2,A,2,standard,yes,no,2,30,1
530,2,B,6,premium,no,yes,4,30,0
530,2,C,4,premium,no,no,2,45,0
530,3,A,4,standard,no,no,2,45,0
530,3,B,2,premium,no,no,1,110,0
530,3,C,6,premium,no,yes,2,30,1
530,4,A,6,premium,yes,yes,1,110,0
530,4,B,6,standard,no,yes,2,45,0
530,4,C,6,premium,no,yes,4,65,1
530,5,A,4,standard,no,no,2,65,0
530,5,B,6,standard,yes,no,1,85,1
530,5,C,4,standard,no,yes,2,110,0
530,6,A,6,premium,yes,no,2,45,1
530,6,B,2,standard,yes,yes,2,30,0
530,6,C,4,standard,yes,no,4,30,0
530,7,A,6,premium,yes,yes,4,110,0
530,7,B,6,premium,yes,no,2,110,0
530,7,C,6,standard,no,yes,4,30,1
530,8,A,4,premium,no,yes,1,110,0
530,8,B,6,premium,no,yes,1,110,0
530,8,C,4,premium,yes,yes,1,45,1
531,1,A,4,standard,no,yes,4,85,0
531,1,B,4,standard,no,no,1,85,0
531,1,C,4,premium,yes,no,2,85,1
531,2,A,2,standard,yes,yes,1,110,0
531,2,B,6,premium,yes,yes,2,65,0
531,2,C,4,standard,no,yes,2,65,1
531,3,A,6,standard,no,yes,4,45,1
531,3,B,4,standard,no,yes,1,30,0
531,3,C,2,standard,no,yes,2,65,0
531,4,A,2,standard,no,yes,1,85,0
531,4,B,4,standard,no,yes,4,65,0
531,4,C,6,premium,yes,yes,2,85,1
531,5,A,2,premium,yes,yes,1,45,0
531,5,B,4,standard,yes,no,4,30,1
531,5,C,4,premium,no,yes,4,65,0
531,6,A,2,premium,yes,no,1,45,1
531,6,B,4,premium,yes,no,4,110,0
531,6,C,2,standard,yes,no,2,65,0
531,7,A,6,standard,no,no,2,30,1
531,7,B,4,premium,no,yes,2,110,0
531,7,C,4,standard,no,yes,4,110,0
531,8,A,6,standard,no,no,4,110,0
531,8,B,2,standard,no,no,2,45,1
531,8,C,4,standard,no,no,1,65,0
532,1,A,4,premium,no,no,2,110,0
532,1,B,6,premium,no,no,4,30,0
532,1,C,6,premium,yes,yes,1,30,1
532,2,A,2,premium,no,no,4,30,1
532,2,B,6,standard,yes,no,1,110,0
532,2,C,4,premium,no,yes,2,65,0
532,3,A,4,premium,yes,yes,2,85,1
532,3,B,6,premium,yes,no,4,45,0
532,3,C,6,premium,yes,no,2,30,0
532,4,A,6,standard,no,yes,1,30,0
532,4,B,2,standard,no,no,4,45,1
532,4,C,2,premium,no,no,2,65,0
532,5,A,4,standard,no,no,2,45,0
532,5,B,4,premium,yes,no,1,30,1
532,5,C,6,standard,no,yes,2,85,0
532,6,A,4,standard,yes,no,1,65,0
532,6,B,4,premium,no,yes,1,45,1
532,6,C,6,premium,no,no,1,85,0
532,7,A,4,standard,yes,no,4,85,0
532,7,B,4,premium,yes,yes,2,45,0
532,7,C,2,premium,no,yes,4,30,1
532,8,A,2,standard,yes,yes,2,30,0
532,8,B,6,standard,no,yes,1,45,0
532,8,C,4,standard,yes,yes,4,65,1
533,1,A,6,premium,yes,no,1,30,0
533,1,B,6,premium,no,yes,4,110,0
533,1,C,2,premium,yes,yes,4,45,1
533,2,A,2,premium,no,yes,2,30,1
533,2,B,4,standard,yes,yes,4,45,0
533,2,C,4,premium,no,yes,2,85,0
533,3,A,6,premium,no,no,1,85,0
533,3,B,4,premium,yes,no,2,45,0
533,3,C,6,standard,yes,yes,4,30,1
533,4,A,6,premium,yes,no,1,65,0
533,4,B,4,standard,no,no,1,65,0
533,4,C,2,premium,yes,no,2,45,1
533,5,A,6,premium,yes,no,2,45,1
533,5,B,4,premium,no,yes,1,45,0
533,5,C,4,premium,yes,yes,2,110,0
533,6,A,6,premium,no,yes,4,30,0
533,6,B,6,premium,no,no,1,65,0
533,6,C,6,standard,yes,yes,1,65,1
533,7,A,4,premium,yes,no,4,45,1
533,7,B,6,premium,yes,yes,2,85,0
533,7,C,6,standard,yes,yes,2,65,0
533,8,A,4,standard,no,yes,2,30,0
533,8,B,4,premium,no,yes,2,45,1
533,8,C,6,premium,yes,yes,2,110,0
534,1,A,6,standard,no,yes,2,65,1
534,1,B,6,premium,no,no,2,30,0
534,1,C,6,standard,no,no,1,65,0
534,2,A,6,premium,yes,yes,4,65,1
534,2,B,6,premium,no,yes,1,85,0
534,2,C,2,standard,yes,yes,2,85,0
534,3,A,2,premium,yes,yes,1,30,1
534,3,B,2,standard,yes,no,1,110,0
534,3,C,4,standard,yes,no,1,65,0
534,4,A,6,standard,no,no,4,85,0
534,4,B,2,standard,no,yes,4,65,1
534,4,C,6,standard,yes,no,2,110,0
534,5,A,4,standard,no,no,2,110,0
534,5,B,4,standard,yes,no,4,110,0
534,5,C,6,premium,yes,no,1,30,1
534,6,A,4,standard,yes,no,1,45,0
534,6,B,6,standard,yes,yes,2,30,1
534,6,C,2,premium,no,no,1,85,0
534,7,A,6,premium,yes,yes,1,65,0
534,7,B,6,premium,yes,no,4,85,1
534,7,C,2,premium,yes,yes,4,110,0
534,8,A,2,premium,yes,no,1,30,1
534,8,B,6,standard,yes,yes,2,110,0
534,8,C,4,premium,yes,no,1,85,0
535,1,A,2,premium,no,no,1,110,0
535,1,B,2,premium,yes,yes,2,65,1
535,1,C,2,standard,yes,no,1,65,0
535,2,A,6,premium,yes,no,1,65,0
535,2,B,2,premium,yes,yes,4,65,1
535,2,C,4,premium,no,no,2,85,0
535,3,A,6,standard,no,yes,2,45,0
535,3,B,4,standard,yes,yes,4,65,1
535,3,C,6,premium,no,yes,2,65,0
535,4,A,4,standard,no,yes,1,85,0
535,4,B,2,premium,no,yes,4,110,0
535,4,C,2,standard,yes,yes,4,45,1
535,5,A,4,standard,no,no,2,110,0
535,5,B,4,premium,no,yes,2,30,1
535,5,C,6,standard,yes,no,4,85,0
535,6,A,6,standard,no,yes,1,110,0
535,6,B,4,premium,no,yes,1,65,1
535,6,C,2,standard,yes,no,1,110,0
535,7,A,4,standard,no,no,1,30,1
535,7,B,6,premium,yes,no,2,110,0
535,7,C,2,standard,no,no,4,110,0
535,8,A,6,standard,yes,yes,4,45,0
535,8,B,2,standard,yes,yes,4,45,1
535,8,C,4,premium,yes,no,4,110,0
536,1,A,4,premium,no,yes,4,65,0
536,1,B,4,premium,no,no,1,65,0
536,1,C,4,standard,yes,no,1,30,1
536,2,A,4,premium,no,no,1,45,0
536,2,B,6,standard,yes,no,4,110,0
536,2,C,2,premium,yes,no,4,30,1
536,3,A,2,premium,yes,yes,4,30,1
536,3,B,4,standard,no,yes,2,45,0
536,3,C,2,standard,no,yes,2,30,0
536,4,A,2,standard,no,yes,1,45,0
536,4,B,4,standard,yes,yes,1,45,1
536,4,C,6,premium,no,yes,1,85,0
536,5,A,4,standard,no,yes,2,110,0
536,5,B,4,standard,yes,no,4,110,0
536,5,C,2,standard,no,yes,2,30,1
536,6,A,2,premium,yes,no,1,110,0
536,6,B,4,standard,yes,yes,4,85,0
536,6,C,2,standard,yes,yes,2,45,1
536,7,A,4,standard,yes,no,1,110,0
536,7,B,4,premium,yes,yes,2,85,0
536,7,C,6,premium,yes,yes,2,65,1
536,8,A,4,standard,yes,no,4,30,0
536,8,B,6,premium,no,yes,2,30,1
536,8,C,4,premium,yes,yes,2,85,0
537,1,A,4,standard,yes,no,4,30,1
537,1,B,4,premium,no,no,4,110,0
537,1,C,4,premium,yes,yes,2,45,0
537,2,A,4,standard,yes,no,2,85,0
537,2,B,4,premium,yes,no,1,65,0
537,2,C,6,standard,no,no,4,30,1
537,3,A,2,standard,no,no,2,85,0
537,3,B,6,premium,no,yes,1,30,0
537,3,C,2,standard,yes,yes,2,30,1
537,4,A,2,standard,no,no,2,45,0
537,4,B,2,premium,no,yes,1,30,1
537,4,C,6,standard,no,no,1,85,0
537,5,A,2,premium,yes,yes,4,110,0
537,5,B,6,standard,yes,no,1,45,1
537,5,C,6,standard,yes,no,2,110,0
537,6,A,4,standard,yes,no,1,65,1
537,6,B,2,premium,yes,yes,1,85,0
537,6,C,6,premium,no,no,1,45,0
537,7,A,4,standard,yes,yes,2,65,0
537,7,B,6,standard,no,no,2,65,1
537,7,C,6,premium,yes,yes,4,30,0
537,8,A,6,standard,yes,no,4,45,0
537,8,B,4,premium,yes,no,4,45,1
537,8,C,4,standard,yes,yes,2,65,0
538,1,A,2,standard,no,no,4,65,0
538,1,B,4,standard,yes,no,4,45,1
538,1,C,4,premium,yes,no,2,65,0
538,2,A,4,standard,yes,yes,2,30,0
538,2,B,6,standard,yes,no,4,110,0
538,2,C,2,standard,yes,no,4,30,1
538,3,A,4,premium,yes,no,1,65,1
538,3,B,4,standard,no,no,2,65,0
538,3,C,4,standard,yes,no,1,30,0
538,4,A,2,standard,no,no,4,45,0
538,4,B,4,premium,no,no,1,45,1
538,4,C,2,premium,no,yes,2,65,0
538,5,A,2,premium,yes,yes,4,30,1
538,5,B,6,standard,yes,no,2,110,0
538,5,C,6,standard,no,yes,1,110,0
538,6,A,2,standard,yes,no,1,85,0
538,6,B,2,premium,no,no,1,30,1
538,6,C,2,standard,no,no,4,85,0
538,7,A,6,premium,no,no,4,85,0
538,7,B,4,premium,yes,yes,1,65,1
538,7,C,4,standard,no,yes,2,85,0
538,8,A,6,standard,no,yes,2,65,1
538,8,B,2,standard,no,no,4,45,0
538,8,C,4,standard,no,yes,4,85,0
539,1,A,2,premium,no,yes,2,65,1
539,1,B,2,standard,no,no,4,45,0
539,1,C,6,standard,no,yes,1,110,0
539,2,A,2,premium,yes,no,2,110,0
539,2,B,2,premium,no,no,1,30,1
539,2,C,4,premium,no,no,4,110,0
539,3,A,4,premium,yes,no,2,65,1
539,3,B,6,premium,yes,yes,4,65,0
539,3,C,2,premium,yes,yes,4,110,0
539,4,A,6,standard,no,yes,2,110,0
539,4,B,2,premium,no,no,4,110,0
539,4,C,4,premium,yes,yes,4,30,1
539,5,A,2,premium,no,no,1,30,0
539,5,B,6,standard,yes,yes,1,85,1
539,5,C,2,standard,no,no,1,30,0
539,6,A,6,standard,yes,no,1,85,0
539,6,B,2,premium,yes,yes,2,45,0
539,6,C,4,standard,yes,no,2,30,1
539,7,A,2,premium,yes,yes,1,65,0
539,7,B,2,standard,yes,yes,1,45,1
539,7,C,2,standard,yes,no,1,85,0
539,8,A,4,premium,no,yes,2,110,0
539,8,B,4,premium,yes,yes,4,65,0
539,8,C,2,standard,no,yes,1,45,1
540,1,A,6,premium,yes,no,1,110,0
540,1,B,6,standard,yes,yes,1,45,1
540,1,C,4,standard,no,no,4,65,0
540,2,A,6,standard,no,yes,2,85,1
540,2,B,6,standard,no,no,2,45,0
540,2,C,4,standard,no,no,2,110,0
540,3,A,2,standard,yes,yes,4,110,0
540,3,B,6,standard,no,yes,1,85,0
540,3,C,6,premium,no,yes,1,45,1
540,4,A,2,premium,yes,no,4,65,1
540,4,B,2,premium,no,yes,2,85,0
540,4,C,6,premium,yes,no,1,85,0
540,5,A,4,premium,no,no,2,110,1
540,5,B,6,standard,yes,yes,1,110,0
540,5,C,2,premium,yes,yes,2,110,0
540,6,A,6,premium,no,yes,2,65,0
540,6,B,4,standard,no,yes,4,30,1
540,6,C,4,premium,yes,yes,1,110,0
540,7,A,4,standard,no,yes,2,85,0
540,7,B,4,premium,no,no,1,30,1
540,7,C,2,standard,no,no,2,85,0
540,8,A,4,standard,no,no,1,110,0
540,8,B,6,premium,no,yes,4,45,1
540,8,C,6,standard,no,yes,2,85,0
541,1,A,4,premium,no,no,4,65,1
541,1,B,2,premium,no,no,4,110,0
541,1,C,6,standard,yes,no,1,65,0
541,2,A,6,standard,no,no,1,30,0
541,2,B,6,standard,yes,yes,1,65,1
541,2,C,2,standard,no,yes,1,85,0
541,3,A,2,standard,yes,yes,2,110,0
541,3,B,4,premium,no,yes,1,85,0
541,3,C,4,premium,yes,no,4,85,1
541,4,A,6,premium,no,yes,4,30,1
541,4,B,2,standard,no,no,1,65,0
541,4,C,4,standard,yes,no,4,110,0
541,5,A,6,premium,no,yes,4,85,0
541,5,B,2,premium,yes,no,1,45,0
541,5,C,4,premium,no,no,4,65,1
541,6,A,6,premium,no,yes,1,45,0
541,6,B,4,standard,yes,no,4,30,0
541,6,C,6,standard,yes,yes,2,65,1
541,7,A,2,premium,no,yes,4,110,1
541,7,B,2,premium,no,no,4,85,0
541,7,C,4,premium,yes,yes,4,110,0
541,8,A,2,premium,no,yes,2,110,0
541,8,B,4,premium,no,no,2,110,0
541,8,C,4,standard,no,yes,2,65,1
542,1,A,6,standard,yes,yes,2,45,1
542,1,B,4,premium,no,no,1,30,0
542,1,C,6,standard,yes,no,2,85,0
542,2,A,4,standard,yes,yes,2,85,1
542,2,B,4,standard,no,yes,1,65,0
542,2,C,4,standard,yes,no,1,65,0
542,3,A,4,premium,yes,no,1,30,1
542,3,B,6,standard,no,no,1,65,0
542,3,C,2,premium,no,no,4,85,0
542,4,A,2,premium,no,yes,1,110,0
542,4,B,4,standard,yes,yes,1,110,0
542,4,C,4,standard,yes,yes,4,65,1
542,5,A,2,standard,no,yes,2,45,1
542,5,B,4,premium,no,no,1,65,0
542,5,C,2,standard,no,yes,1,85,0
542,6,A,6,premium,yes,no,2,45,1
542,6,B,4,premium,yes,no,1,85,0
542,6,C,6,standard,no,no,1,85,0
542,7,A,6,premium,no,no,1,110,0
542,7,B,6,premium,no,no,4,85,0
542,7,C,6,premium,no,yes,4,65,1
542,8,A,4,premium,no,yes,2,65,0
542,8,B,4,premium,yes,yes,1,85,0
542,8,C,4,premium,no,yes,4,30,1
543,1,A,4,premium,yes,yes,1,65,1
543,1,B,4,premium,yes,yes,4,30,0
543,1,C,6,standard,no,no,1,110,0
543,2,A,2,standard,no,no,1,110,0
543,2,B,4,standard,yes,no,4,45,1
543,2,C,6,standard,yes,no,4,45,0
543,3,A,2,standard,no,no,4,110,0
543,3,B,2,premium,no,yes,4,85,1
543,3,C,2,standard,yes,yes,2,110,0
543,4,A,2,premium,no,no,2,110,0
543,4,B,2,premium,yes,yes,4,65,1
543,4,C,6,standard,no,no,1,85,0
543,5,A,6,premium,yes,no,2,110,0
543,5,B,6,standard,yes,yes,2,65,1
543,5,C,4,premium,no,no,4,65,0
543,6,A,2,standard,yes,no,2,110,0
543,6,B,2,premium,no,no,2,45,1
543,6,C,2,standard,no,yes,1,85,0
543,7,A,2,standard,yes,no,4,110,1
543,7,B,6,standard,no,no,1,110,0
543,7,C,4,premium,no,no,2,65,0
543,8,A,4,premium,yes,no,2,110,0
543,8,B,4,standard,no,no,2,45,0
543,8,C,6,premium,yes,yes,4,45,1
544,1,A,6,standard,no,no,2,110,0
544,1,B,2,premium,yes,yes,2,110,0
544,1,C,6,premium,no,no,2,30,1
544,2,A,2,standard,yes,yes,1,45,1
544,2,B,2,premium,no,no,2,45,0
544,2,C,4,standard,yes,yes,1,110,0
544,3,A,2,premium,no,yes,4,110,0
544,3,B,6,standard,no,yes,1,65,0
544,3,C,2,standard,yes,no,1,65,1
544,4,A,6,standard,yes,no,2,45,1
544,4,B,6,premium,no,no,4,85,0
544,4,C,2,standard,no,no,2,30,0
544,5,A,2,premium,no,no,4,85,0
544,5,B,2,standard,no,no,2,85,0
544,5,C,4,standard,no,yes,4,110,1
544,6,A,6,premium,yes,no,2,110,0
544,6,B,2,premium,yes,no,4,45,1
544,6,C,4,standard,no,no,2,110,0
544,7,A,4,standard,yes,no,4,110,1
544,7,B,6,premium,no,no,4,110,0
544,7,C,6,standard,yes,yes,1,110,0
544,8,A,6,standard,no,yes,4,85,0
544,8,B,4,standard,no,yes,1,110,0
544,8,C,2,standard,yes,no,1,45,1
545,1,A,4,standard,no,yes,4,45,0
545,1,B,4,premium,yes,yes,1,30,1
545,1,C,4,standard,no,yes,2,45,0
545,2,A,2,premium,yes,no,2,85,0
545,2,B,2,premium,no,yes,2,65,0
545,2,C,2,premium,yes,yes,4,30,1
545,3,A,6,premium,yes,yes,1,110,0
545,3,B,4,premium,yes,yes,4,45,1
545,3,C,2,standard,yes,yes,2,65,0
545,4,A,2,standard,no,no,4,45,0
545,4,B,4,premium,yes,yes,1,45,1
545,4,C,6,premium,yes,yes,2,45,0
545,5,A,6,premium,yes,yes,1,85,0
545,5,B,4,premium,yes,no,1,30,1
545,5,C,4,premium,no,no,4,110,0
545,6,A,6,premium,no,yes,2,30,0
545,6,B,6,standard,yes,yes,4,65,1
545,6,C,2,standard,no,no,4,85,0
545,7,A,6,standard,no,no,4,30,0
545,7,B,6,standard,yes,yes,2,30,1
545,7,C,4,standard,yes,no,4,30,0
545,8,A,2,premium,no,no,2,30,0
545,8,B,4,premium,yes,no,4,30,1
545,8,C,6,standard,no,no,2,30,0
546,1,A,2,standard,no,yes,2,85,0
546,1,B,2,premium,yes,no,1,65,1
546,1,C,4,premium,no,no,4,110,0
546,2,A,4,standard,yes,yes,1,110,0
546,2,B,2,premium,no,no,1,65,0
546,2,C,2,premium,yes,yes,4,65,1
546,3,A,6,premium,yes,yes,4,110,0
546,3,B,4,premium,yes,yes,2,110,1
546,3,C,6,premium,no,no,1,110,0
546,4,A,6,standard,yes,yes,2,110,0
546,4,B,4,standard,no,yes,1,85,0
546,4,C,2,premium,yes,yes,1,65,1
546,5,A,6,standard,yes,yes,2,110,0
546,5,B,6,standard,yes,yes,2,30,1
546,5,C,4,standard,no,no,1,45,0
546,6,A,4,standard,yes,yes,2,65,1
546,6,B,2,premium,no,yes,2,65,0
546,6,C,2,standard,no,yes,2,110,0
546,7,A,6,premium,no,yes,4,45,1
546,7,B,4,standard,no,no,4,110,0
546,7,C,6,standard,yes,no,1,85,0
546,8,A,6,premium,yes,yes,4,30,1
546,8,B,6,premium,yes,yes,4,65,0
546,8,C,4,premium,no,yes,2,65,0
547,1,A,4,premium,no,yes,4,30,1
547,1,B,2,premium,yes,no,4,30,0
547,1,C,4,standard,yes,no,2,110,0
547,2,A,2,standard,no,no,1,85,0
547,2,B,2,premium,no,no,1,30,1
547,2,C,2,premium,no,no,2,110,0
547,3,A,6,standard,yes,no,1,85,0
547,3,B,4,standard,yes,no,1,65,0
547,3,C,2,premium,yes,yes,2,85,1
547,4,A,4,premium,no,yes,2,65,0
547,4,B,4,premium,no,no,1,30,1
547,4,C,2,premium,no,no,2,45,0
547,5,A,4,premium,yes,yes,4,110,1
547,5,B,6,standard,yes,no,1,85,0
547,5,C,4,premium,no,yes,2,85,0
547,6,A,2,standard,no,yes,1,85,0
547,6,B,6,standard,no,yes,4,110,0
547,6,C,4,standard,no,no,1,30,1
547,7,A,4,standard,yes,no,2,45,0
547,7,B,2,premium,yes,no,1,30,1
547,7,C,6,standard,no,yes,4,65,0
547,8,A,4,standard,yes,yes,1,110,0
547,8,B,2,standard,yes,yes,4,65,0
547,8,C,4,premium,yes,yes,1,65,1
548,1,A,2,standard,yes,yes,2,110,0
548,1,B,4,premium,no,yes,4,85,0
548,1,C,4,standard,no,yes,2,65,1
548,2,A,4,premium,yes,yes,1,110,1
548,2,B,2,standard,no,no,2,65,0
548,2,C,2,standard,yes,no,1,110,0
548,3,A,6,premium,no,yes,4,85,0
548,3,B,6,premium,yes,no,1,45,1
548,3,C,2,standard,no,yes,4,30,0
548,4,A,2,standard,no,no,4,30,0
548,4,B,4,premium,no,no,4,85,0
548,4,C,4,premium,yes,no,4,45,1
548,5,A,4,standard,yes,no,1,85,0
548,5,B,2,standard,yes,no,2,85,0
548,5,C,6,premium,no,yes,1,85,1
548,6,A,4,standard,yes,yes,1,110,0
548,6,B,2,premium,no,yes,2,45,1
548,6,C,4,standard,yes,yes,2,85,0
548,7,A,2,standard,yes,yes,1,45,1
548,7,B,6,premium,yes,yes,1,85,0
548,7,C,4,standard,no,no,1,30,0
548,8,A,6,premium,no,yes,4,110,0
548,8,B,4,standard,no,yes,4,30,1
548,8,C,4,premium,no,yes,2,65,0
549,1,A,4,standard,yes,no,2,110,1
549,1,B,4,standard,no,no,1,110,0
549,1,C,6,premium,yes,no,4,110,0
549,2,A,2,standard,no,no,2,65,0
549,2,B,2,premium,no,yes,4,45,1
549,2,C,6,standard,yes,yes,1,45,0
549,3,A,2,standard,yes,yes,4,30,0
549,3,B,6,standard,yes,yes,1,65,0
549,3,C,6,premium,yes,yes,2,45,1
549,4,A,2,premium,yes,yes,1,110,0
549,4,B,6,premium,yes,yes,4,45,1
549,4,C,2,premium,no,no,2,110,0
549,5,A,6,standard,no,yes,4,45,0
549,5,B,2,premium,no,yes,2,110,0
549,5,C,4,standard,no,yes,1,65,1
549,6,A,2,standard,yes,no,1,110,0
549,6,B,4,standard,yes,no,4,65,1
549,6,C,6,premium,no,yes,2,45,0
549,7,A,2,premium,no,yes,2,65,0
549,7,B,4,standard,yes,no,2,110,0
549,7,C,4,premium,yes,no,1,30,1
549,8,A,4,standard,yes,yes,4,110,0
549,8,B,2,standard,yes,no,2,45,1
549,8,C,2,premium,yes,no,4,110,0
550,1,A,4,standard,yes,yes,2,65,0
550,1,B,4,standard,no,no,2,65,0
550,1,C,4,premium,yes,no,1,65,1
550,2,A,4,standard,no,no,4,110,0
550,2,B,4,standard,yes,no,2,45,1
550,2,C,4,standard,no,yes,4,45,0
550,3,A,6,standard,yes,no,1,65,0
550,3,B,6,standard,no,yes,2,85,0
550,3,C,2,premium,yes,yes,4,45,1
550,4,A,2,standard,no,yes,1,30,1
550,4,B,6,premium,yes,no,1,85,0
550,4,C,4,standard,no,yes,4,30,0
550,5,A,4,standard,no,no,4,65,0
550,5,B,4,premium,no,yes,1,65,0
550,5,C,2,standard,yes,yes,2,110,1
550,6,A,4,premium,yes,yes,2,85,0
550,6,B,2,premium,yes,yes,1,110,0
550,6,C,4,standard,no,no,4,65,1
550,7,A,2,premium,yes,no,4,85,1
550,7,B,4,premium,no,yes,4,85,0
550,7,C,2,standard,no,no,4,65,0
550,8,A,4,premium,yes,yes,4,85,0
550,8,B,4,premium,yes,no,1,30,1
550,8,C,6,standard,no,yes,1,110,0
551,1,A,6,premium,no,no,1,65,0
551,1,B,6,premium,no,no,4,110,0
551,1,C,4,premium,no,no,4,30,1
551,2,A,6,standard,no,yes,2,30,0
551,2,B,2,standard,no,yes,2,110,0
551,2,C,2,premium,yes,no,2,30,1
551,3,A,6,standard,yes,yes,4,85,0
551,3,B,2,premium,yes,no,4,45,1
551,3,C,2,standard,no,yes,1,110,0
551,4,A,4,standard,no,yes,2,65,1
551,4,B,4,premium,no,yes,2,110,0
551,4,C,2,standard,yes,no,2,65,0
551,5,A,2,standard,yes,yes,1,45,1
551,5,B,2,standard,yes,no,4,85,0
551,5,C,6,standard,no,no,4,30,0
551,6,A,6,premium,yes,no,4,30,1
551,6,B,4,premium,no,no,4,30,0
551,6,C,4,premium,yes,no,2,85,0
551,7,A,4,premium,yes,yes,4,85,0
551,7,B,2,standard,yes,yes,1,65,1
551,7,C,2,standard,no,no,4,110,0
551,8,A,6,standard,yes,no,2,85,0
551,8,B,4,premium,no,yes,2,65,1
551,8,C,2,premium,no,yes,2,65,0
552,1,A,2,premium,no,no,2,85,0
552,1,B,6,premium,no,no,1,85,0
552,1,C,2,standard,yes,no,1,65,1
552,2,A,2,premium,yes,yes,2,110,0
552,2,B,6,standard,no,yes,1,85,0
552,2,C,4,standard,no,no,2,30,1
552,3,A,4,standard,yes,yes,4,85,1
552,3,B,2,premium,yes,no,2,110,0
552,3,C,6,standard,yes,no,4,110,0
552,4,A,4,premium,no,no,2,65,1
552,4,B,2,standard,yes,yes,4,110,0
552,4,C,6,premium,no,yes,2,85,0
552,5,A,4,premium,no,no,2,30,0
552,5,B,4,premium,yes,no,2,45,0
552,5,C,6,premium,yes,yes,1,30,1
552,6,A,6,premium,no,yes,4,85,0
552,6,B,4,standard,yes,no,4,65,0
552,6,C,6,standard,no,no,4,45,1
552,7,A,6,standard,no,no,2,65,0
552,7,B,2,standard,no,no,2,45,0
552,7,C,6,standard,no,yes,1,45,1
552,8,A,2,premium,no,no,1,65,1
552,8,B,4,standard,no,no,1,45,0
552,8,C,6,standard,yes,no,4,110,0
553,1,A,2,premium,yes,no,4,65,1
553,1,B,6,standard,yes,yes,4,85,0
553,1,C,4,standard,no,yes,2,30,0
553,2,A,6,premium,no,no,1,85,0
553,2,B,2,premium,no,no,1,85,0
553,2,C,4,premium,yes,yes,4,65,1
553,3,A,2,standard,yes,yes,2,30,1
553,3,B,2,premium,no,no,1,30,0
553,3,C,6,premium,no,no,1,65,0
553,4,A,6,premium,yes,yes,2,65,1
553,4,B,6,standard,yes,no,4,65,0
553,4,C,6,standard,yes,yes,2,65,0
553,5,A,4,standard,no,no,2,110,0
553,5,B,4,premium,no,no,1,30,1
553,5,C,2,premium,no,no,4,65,0
553,6,A,6,standard,no,no,2,110,0
553,6,B,6,premium,no,no,2,45,0
553,6,C,4,standard,yes,yes,1,30,1
553,7,A,4,standard,no,yes,1,30,0
553,7,B,4,premium,yes,yes,2,110,0
553,7,C,4,premium,yes,yes,2,65,1
553,8,A,4,standard,yes,no,2,30,1
553,8,B,2,standard,no,no,1,85,0
553,8,C,2,standard,no,yes,2,45,0
554,1,A,2,standard,yes,no,2,110,0
554,1,B,4,premium,no,yes,4,45,1
554,1,C,4,standard,no,no,1,65,0
554,2,A,6,standard,yes,no,1,65,1
554,2,B,4,premium,no,yes,2,45,0
554,2,C,4,premium,yes,yes,2,85,0
554,3,A,4,standard,no,no,1,30,0
554,3,B,4,premium,yes,no,2,30,1
554,3,C,2,standard,no,yes,4,65,0
554,4,A,2,premium,yes,yes,4,45,1
554,4,B,2,standard,yes,yes,2,110,0
554,4,C,2,premium,yes,no,1,110,0
554,5,A,6,premium,yes,no,2,85,0
554,5,B,6,standard,no,yes,2,110,0
554,5,C,4,standard,yes,no,2,45,1
554,6,A,2,premium,yes,yes,2,65,1
554,6,B,6,standard,no,yes,4,30,0
554,6,C,4,standard,yes,yes,4,85,0
554,7,A,4,premium,yes,yes,2,110,0
554,7,B,6,premium,yes,yes,4,85,0
554,7,C,4,premium,yes,yes,2,30,1
554,8,A,6,standard,no,no,4,65,0
554,8,B,6,premium,no,yes,2,45,1
554,8,C,4,premium,yes,no,1,110,0
555,1,A,4,premium,no,yes,1,65,1
555,1,B,4,premium,yes,no,2,45,0
555,1,C,2,standard,no,yes,4,30,0
555,2,A,2,premium,no,no,2,65,0
555,2,B,4,premium,yes,yes,4,30,1
555,2,C,4,standard,no,no,2,110,0
555,3,A,2,premium,yes,no,4,65,1
555,3,B,2,premium,no,no,2,85,0
555,3,C,4,premium,no,no,2,110,0
555,4,A,2,premium,yes,no,2,65,1
555,4,B,4,premium,yes,no,4,45,0
555,4,C,4,standard,yes,no,1,65,0
555,5,A,2,premium,yes,yes,1,110,0
555,5,B,4,standard,no,no,2,45,1
555,5,C,6,standard,yes,yes,4,65,0
555,6,A,4,premium,no,no,2,85,0
555,6,B,6,premium,yes,no,4,65,0
555,6,C,6,premium,yes,yes,2,65,1
555,7,A,6,standard,no,no,1,30,1
555,7,B,4,premium,no,yes,2,110,0
555,7,C,4,standard,no,yes,2,110,0
555,8,A,4,standard,yes,yes,1,45,1
555,8,B,6,standard,no,yes,2,110,0
555,8,C,4,standard,no,yes,2,65,0
556,1,A,4,standard,yes,no,4,110,0
556,1,B,4,premium,yes,yes,2,30,1
556,1,C,2,standard,yes,no,2,45,0
556,2,A,2,premium,no,no,2,45,0
556,2,B,4,premium,yes,no,2,85,1
556,2,C,4,standard,yes,no,1,65,0
556,3,A,2,premium,no,no,2,45,1
556,3,B,4,standard,yes,yes,1,30,0
556,3,C,4,standard,yes,no,1,45,0
556,4,A,6,standard,yes,yes,1,65,1
556,4,B,2,standard,yes,yes,4,85,0
556,4,C,6,premium,no,no,4,85,0
556,5,A,6,standard,yes,yes,1,30,1
556,5,B,2,standard,yes,yes,4,45,0
556,5,C,2,standard,no,no,4,30,0
556,6,A,2,premium,yes,no,2,85,0
556,6,B,6,standard,yes,yes,2,85,1
556,6,C,4,premium,no,yes,4,30,0
556,7,A,4,standard,yes,no,2,85,0
556,7,B,4,standard,no,no,4,45,1
556,7,C,4,standard,no,no,1,85,0
556,8,A,6,premium,no,yes,4,45,0
556,8,B,2,standard,yes,no,1,30,0
556,8,C,6,standard,yes,yes,1,30,1
557,1,A,6,premium,yes,no,2,45,0
557,1,B,6,premium,no,yes,1,110,1
557,1,C,4,premium,yes,no,1,30,0
557,2,A,2,standard,yes,yes,4,65,1
557,2,B,4,standard,no,yes,2,110,0
557,2,C,4,standard,yes,no,4,65,0
557,3,A,4,premium,yes,yes,4,30,1
557,3,B,2,premium,yes,no,1,45,0
557,3,C,4,standard,no,no,4,110,0
557,4,A,4,standard,yes,yes,1,110,0
557,4,B,6,standard,no,no,1,65,1
557,4,C,6,premium,yes,yes,1,110,0
557,5,A,2,premium,no,no,1,85,0
557,5,B,6,premium,yes,yes,1,85,0
557,5,C,2,premium,no,yes,1,30,1
557,6,A,6,premium,no,no,2,45,0
557,6,B,2,standard,no,no,4,85,1
557,6,C,2,standard,yes,no,1,85,0
557,7,A,6,premium,no,no,2,85,0
557,7,B,2,premium,no,yes,4,45,1
557,7,C,6,premium,no,no,2,110,0
557,8,A,2,standard,no,no,2,30,1
557,8,B,4,premium,no,no,2,45,0
557,8,C,4,standard,yes,yes,1,65,0
558,1,A,4,standard,yes,yes,1,45,1
558,1,B,2,standard,no,no,4,85,0
558,1,C,2,standard,yes,no,2,30,0
558,2,A,6,premium,no,no,1,45,0
558,2,B,6,premium,no,yes,1,110,0
558,2,C,4,standard,no,no,2,45,1
558,3,A,4,standard,yes,yes,4,110,0
558,3,B,6,premium,no,yes,2,85,0
558,3,C,6,standard,no,yes,2,45,1
558,4,A,6,standard,no,no,1,85,0
558,4,B,4,premium,yes,yes,1,65,0
558,4,C,6,standard,yes,no,2,45,1
558,5,A,4,premium,yes,no,1,85,0
558,5,B,4,premium,no,yes,2,85,0
558,5,C,6,premium,yes,yes,4,45,1
558,6,A,4,premium,no,no,4,85,1
558,6,B,4,standard,no,no,1,110,0
558,6,C,2,standard,yes,no,4,65,0
558,7,A,4,standard,yes,no,2,65,0
558,7,B,6,standard,no,no,4,85,0
558,7,C,2,premium,yes,no,4,45,1
558,8,A,6,standard,yes,yes,4,110,0
558,8,B,6,standard,yes,yes,2,30,1
558,8,C,2,standard,no,yes,1,30,0
559,1,A,6,standard,yes,yes,2,110,0
559,1,B,2,standard,yes,yes,4,45,1
559,1,C,2,premium,yes,yes,1,110,0
559,2,A,2,premium,yes,yes,1,85,0
559,2,B,6,premium,no,yes,2,65,1
559,2,C,6,premium,no,no,1,85,0
559,3,A,6,standard,yes,no,2,110,0
559,3,B,4,standard,yes,yes,1,30,0
559,3,C,6,premium,yes,no,4,65,1
559,4,A,4,premium,yes,yes,4,45,1
559,4,B,6,standard,no,yes,4,110,0
559,4,C,4,premium,yes,yes,1,65,0
559,5,A,4,premium,yes,yes,2,30,1
559,5,B,4,standard,no,no,4,30,0
559,5,C,2,standard,yes,no,4,30,0
559,6,A,2,standard,no,yes,1,85,0
559,6,B,6,premium,no,yes,2,85,0
559,6,C,6,premium,yes,yes,2,85,1
559,7,A,4,premium,no,yes,1,85,0
559,7,B,6,standard,no,yes,2,110,0
559,7,C,6,standard,yes,yes,2,30,1
559,8,A,2,premium,yes,yes,2,65,0
559,8,B,4,premium,yes,no,2,65,0
559,8,C,2,standard,no,yes,4,85,1
560,1,A,6,standard,yes,yes,4,110,0
560,1,B,4,premium,no,yes,2,30,1
560,1,C,4,premium,no,no,1,30,0
560,2,A,2,standard,no,no,2,85,0
560,2,B,6,premium,no,no,2,45,1
560,2,C,4,premium,no,yes,2,65,0
560,3,A,6,premium,yes,yes,2,85,0
560,3,B,4,standard,no,yes,4,30,1
560,3,C,2,premium,no,yes,2,85,0
560,4,A,4,standard,no,no,1,45,0
560,4,B,2,premium,yes,yes,2,30,0
560,4,C,2,premium,yes,no,4,85,1
560,5,A,4,standard,no,no,4,110,0
560,5,B,4,standard,no,yes,2,45,1
560,5,C,2,standard,no,no,1,30,0
560,6,A,2,standard,yes,yes,1,30,1
560,6,B,2,standard,yes,no,1,85,0
560,6,C,4,standard,no,yes,2,45,0
560,7,A,6,standard,yes,no,4,110,0
560,7,B,4,premium,yes,yes,4,110,0
560,7,C,2,standard,yes,yes,2,65,1
560,8,A,2,premium,no,no,1,110,0
560,8,B,4,standard,yes,no,2,30,1
560,8,C,6,premium,yes,no,4,110,0
561,1,A,4,standard,no,yes,1,30,0
561,1,B,4,standard,yes,yes,1,85,0
561,1,C,4,premium,yes,yes,1,45,1
561,2,A,4,standard,no,no,1,85,0
561,2,B,6,standard,yes,no,2,45,1
561,2,C,2,premium,no,no,2,65,0
561,3,A,4,standard,no,no,2,30,1
561,3,B,6,standard,yes,no,2,30,0
561,3,C,4,premium,yes,no,4,110,0
561,4,A,6,premium,yes,no,1,110,0
561,4,B,6,premium,no,no,2,85,0
561,4,C,6,standard,yes,no,4,30,1
561,5,A,4,standard,no,no,2,85,0
561,5,B,2,premium,no,yes,2,110,0
561,5,C,6,premium,yes,no,2,45,1
561,6,A,6,premium,no,no,2,65,1
561,6,B,2,premium,yes,yes,2,110,0
561,6,C,6,premium,yes,no,2,85,0
561,7,A,6,standard,yes,yes,4,85,0
561,7,B,4,standard,no,no,1,65,0
561,7,C,4,premium,yes,yes,1,30,1
561,8,A,2,premium,yes,yes,1,30,1
561,8,B,4,premium,no,yes,4,65,0
561,8,C,6,premium,yes,yes,2,110,0
562,1,A,6,standard,no,yes,1,85,0
562,1,B,6,standard,no,no,1,30,0
562,1,C,6,premium,yes,yes,1,30,1
562,2,A,4,premium,no,yes,1,110,0
562,2,B,6,standard,yes,yes,4,110,0
562,2,C,4,standard,yes,yes,2,85,1
562,3,A,4,standard,yes,no,4,45,1
562,3,B,2,premium,yes,yes,2,110,0
562,3,C,4,premium,no,yes,1,30,0
562,4,A,4,standard,yes,yes,4,110,0
562,4,B,2,premium,yes,yes,1,110,1
562,4,C,2,premium,yes,no,2,110,0
562,5,A,4,standard,no,yes,4,110,0
562,5,B,4,standard,yes,yes,4,30,1
562,5,C,6,premium,no,yes,2,65,0
562,6,A,2,premium,yes,no,4,30,1
562,6,B,6,premium,yes,no,1,65,0
562,6,C,6,premium,no,no,4,45,0
562,7,A,2,standard,no,yes,4,30,0
562,7,B,2,standard,no,yes,1,30,1
562,7,C,2,premium,no,no,2,110,0
562,8,A,4,standard,no,yes,2,110,0
562,8,B,6,premium,no,no,1,85,0
562,8,C,4,standard,yes,no,2,30,1
563,1,A,2,premium,no,no,2,30,0
563,1,B,2,premium,yes,yes,4,45,1
563,1,C,2,premium,yes,yes,1,45,0
563,2,A,6,standard,yes,no,2,85,0
563,2,B,4,standard,no,no,2,65,0
563,2,C,6,premium,yes,no,1,30,1
563,3,A,2,premium,no,yes,2,65,0
563,3,B,4,standard,no,yes,4,85,0
563,3,C,6,premium,no,no,1,85,1
563,4,A,6,standard,yes,yes,1,85,1
563,4,B,2,premium,yes,no,2,110,0
563,4,C,4,premium,no,yes,1,110,0
563,5,A,2,standard,no,no,4,45,1
563,5,B,4,standard,no,no,2,85,0
563,5,C,6,standard,no,yes,1,45,0
563,6,A,2,premium,no,yes,1,85,0
563,6,B,4,premium,yes,no,1,65,1
563,6,C,6,premium,yes,yes,2,110,0
563,7,A,2,standard,yes,no,2,65,0
563,7,B,6,standard,yes,yes,2,65,0
563,7,C,4,premium,yes,no,1,45,1
563,8,A,6,standard,yes,no,1,45,1
563,8,B,6,premium,no,yes,4,65,0
563,8,C,6,standard,yes,yes,1,85,0
564,1,A,4,standard,no,yes,1,65,0
564,1,B,6,premium,no,yes,4,110,0
564,1,C,2,premium,yes,yes,2,65,1
564,2,A,4,premium,no,no,1,110,0
564,2,B,6,standard,no,no,4,30,0
564,2,C,2,standard,yes,no,1,30,1
564,3,A,4,standard,yes,no,1,110,0
564,3,B,4,premium,no,no,4,45,1
564,3,C,2,standard,no,yes,1,30,0
564,4,A,4,standard,yes,no,1,45,0
564,4,B,4,premium,no,yes,1,65,0
564,4,C,2,standard,no,yes,4,30,1
564,5,A,4,premium,yes,yes,4,110,0
564,5,B,6,standard,no,yes,1,30,0
564,5,C,2,standard,yes,yes,4,45,1
564,6,A,2,premium,yes,yes,4,45,1
564,6,B,4,premium,yes,yes,1,45,0
564,6,C,4,standard,yes,no,2,110,0
564,7,A,2,premium,yes,yes,1,30,1
564,7,B,4,premium,yes,yes,2,65,0
564,7,C,2,premium,yes,no,1,30,0
564,8,A,6,standard,no,no,2,85,0
564,8,B,4,premium,no,yes,2,45,1
564,8,C,2,standard,no,no,4,85,0
565,1,A,6,standard,yes,no,1,30,1
565,1,B,2,premium,yes,no,1,110,0
565,1,C,4,standard,yes,no,1,110,0
565,2,A,4,standard,no,yes,1,30,1
565,2,B,2,standard,no,no,4,45,0
565,2,C,2,standard,no,yes,4,30,0
565,3,A,4,premium,yes,yes,2,30,1
565,3,B,4,standard,yes,yes,4,45,0
565,3,C,6,standard,yes,yes,2,65,0
565,4,A,6,standard,no,yes,4,45,1
565,4,B,2,premium,yes,no,4,30,0
565,4,C,6,standard,no,no,2,85,0
565,5,A,6,standard,yes,no,2,45,0
565,5,B,2,standard,no,no,1,45,1
565,5,C,2,standard,yes,no,1,45,0
565,6,A,2,premium,no,yes,4,45,1
565,6,B,4,premium,yes,yes,2,85,0
565,6,C,6,premium,yes,yes,2,110,0
565,7,A,6,standard,yes,no,4,85,0
565,7,B,4,standard,yes,yes,2,110,1
565,7,C,6,standard,yes,no,1,65,0
565,8,A,4,premium,no,no,2,65,0
565,8,B,4,standard,no,no,2,110,0
565,8,C,4,standard,no,no,1,45,1
566,1,A,2,standard,yes,yes,1,30,1
566,1,B,2,standard,no,yes,1,85,0
566,1,C,6,standard,no,no,4,65,0
566,2,A,2,standard,yes,no,4,65,0
566,2,B,4,premium,no,yes,1,45,1
566,2,C,4,standard,yes,no,1,30,0
566,3,A,2,premium,yes,yes,1,110,0
566,3,B,2,standard,no,yes,4,45,1
566,3,C,4,standard,yes,no,2,65,0
566,4,A,2,premium,no,yes,4,45,1
566,4,B,4,premium,no,no,2,30,0
566,4,C,4,standard,no,no,4,45,0
566,5,A,2,premium,no,yes,2,30,0
566,5,B,2,premium,no,yes,2,45,0
566,5,C,6,standard,yes,no,4,65,1
566,6,A,2,premium,yes,yes,4,65,1
566,6,B,2,standard,yes,yes,2,30,0
566,6,C,6,premium,no,yes,2,85,0
566,7,A,2,premium,no,yes,4,30,0
566,7,B,6,standard,yes,yes,1,30,1
566,7,C,4,standard,no,yes,4,85,0
566,8,A,4,standard,no,no,2,85,0
566,8,B,2,premium,no,yes,4,85,0
566,8,C,6,premium,no,no,2,65,1
567,1,A,4,standard,yes,no,4,65,1
567,1,B,4,premium,no,yes,1,110,0
567,1,C,6,standard,yes,no,1,45,0
567,2,A,6,standard,yes,yes,4,110,0
567,2,B,6,standard,no,yes,1,45,0
567,2,C,6,standard,yes,no,2,30,1
567,3,A,6,premium,no,no,2,30,0
567,3,B,2,premium,yes,yes,2,85,0
567,3,C,6,premium,no,yes,1,30,1
567,4,A,2,standard,yes,yes,1,110,0
567,4,B,4,standard,no,no,1,45,0
567,4,C,2,standard,yes,no,4,65,1
567,5,A,2,standard,no,no,4,65,1
567,5,B,6,standard,yes,yes,4,85,0
567,5,C,6,premium,no,no,1,30,0
567,6,A,2,premium,yes,yes,2,110,0
567,6,B,6,standard,yes,no,2,45,0
567,6,C,2,premium,yes,yes,1,30,1
567,7,A,4,standard,no,yes,1,85,0
567,7,B,6,standard,yes,no,2,30,1
567,7,C,2,standard,no,yes,1,110,0
567,8,A,4,standard,no,no,2,110,0
567,8,B,2,premium,yes,yes,4,65,1
567,8,C,2,premium,yes,no,4,85,0
568,1,A,6,standard,yes,yes,2,30,0
568,1,B,6,premium,yes,yes,2,30,1
568,1,C,4,standard,no,yes,4,30,0
568,2,A,2,standard,no,no,4,30,0
568,2,B,6,premium,no,no,1,30,1
568,2,C,2,premium,no,yes,4,65,0
568,3,A,6,premium,yes,no,4,65,0
568,3,B,2,premium,yes,yes,1,30,1
568,3,C,2,premium,yes,yes,1,65,0
568,4,A,6,premium,no,yes,2,110,0
568,4,B,4,premium,yes,no,1,65,1
568,4,C,6,standard,no,no,2,85,0
568,5,A,4,standard,yes,yes,2,85,0
568,5,B,2,standard,yes,yes,1,30,1
568,5,C,2,standard,no,no,2,30,0
568,6,A,4,standard,yes,no,1,45,0
568,6,B,6,standard,yes,yes,2,45,1
568,6,C,6,standard,no,yes,1,85,0
568,7,A,6,premium,yes,yes,4,110,0
568,7,B,6,premium,no,yes,4,30,1
568,7,C,4,premium,yes,no,2,110,0
568,8,A,4,standard,yes,no,4,85,0
568,8,B,6,standard,no,yes,1,110,0
568,8,C,6,standard,no,yes,4,30,1
569,1,A,4,premium,no,no,4,110,0
569,1,B,4,standard,yes,yes,4,85,1
569,1,C,6,premium,yes,no,4,85,0
569,2,A,2,premium,no,no,1,110,0
569,2,B,2,premium,no,yes,2,110,0
569,2,C,4,standard,yes,no,1,30,1
569,3,A,4,standard,yes,yes,4,30,0
569,3,B,6,standard,no,yes,1,85,0
569,3,C,2,premium,yes,yes,4,30,1
569,4,A,4,premium,yes,yes,4,45,1
569,4,B,2,standard,yes,yes,4,110,0
569,4,C,4,standard,yes,yes,4,30,0
569,5,A,4,premium,yes,yes,4,30,1
569,5,B,6,standard,no,yes,2,65,0
569,5,C,6,standard,yes,yes,1,65,0
569,6,A,6,premium,no,no,4,65,0
569,6,B,2,premium,yes,yes,4,30,1
569,6,C,6,standard,yes,yes,1,65,0
569,7,A,6,standard,yes,yes,1,85,0
569,7,B,4,premium,no,no,4,45,1
569,7,C,2,standard,no,yes,2,45,0
569,8,A,4,premium,no,no,4,85,0
569,8,B,2,standard,no,yes,1,110,0
569,8,C,4,standard,no,no,1,65,1
570,1,A,4,standard,no,no,4,45,0
570,1,B,2,premium,no,yes,1,65,0
570,1,C,4,standard,yes,yes,4,65,1
570,2,A,6,standard,yes,yes,2,85,0
570,2,B,6,premium,no,yes,1,110,0
570,2,C,6,standard,no,no,4,30,1
570,3,A,2,standard,no,yes,2,65,0
570,3,B,2,standard,yes,no,1,45,0
570,3,C,2,premium,yes,yes,4,85,1
570,4,A,4,premium,yes,yes,4,65,1
570,4,B,6,standard,no,no,1,110,0
570,4,C,6,premium,no,yes,4,85,0
570,5,A,2,standard,yes,no,4,65,0
570,5,B,6,premium,yes,yes,2,30,1
570,5,C,2,premium,no,yes,2,85,0
570,6,A,2,standard,no,yes,4,110,0
570,6,B,6,standard,yes,no,2,45,0
570,6,C,6,premium,yes,yes,4,30,1
570,7,A,2,premium,no,no,4,110,0
570,7,B,2,standard,yes,yes,2,65,1
570,7,C,2,premium,yes,no,4,110,0
570,8,A,6,standard,no,no,2,65,0
570,8,B,4,standard,no,yes,1,110,0
570,8,C,2,premium,yes,no,4,65,1
571,1,A,4,standard,no,no,1,85,0
571,1,B,4,standard,no,yes,4,110,0
571,1,C,4,premium,yes,yes,2,110,1
571,2,A,6,premium,no,no,2,65,0
571,2,B,2,premium,yes,no,1,30,0
571,2,C,4,premium,no,yes,1,30,1
571,3,A,4,standard,no,no,2,85,0
571,3,B,6,standard,yes,no,1,45,1
571,3,C,2,standard,yes,yes,1,85,0
571,4,A,6,premium,no,no,4,65,0
571,4,B,4,premium,no,no,2,45,0
571,4,C,2,standard,yes,no,1,30,1
571,5,A,2,standard,no,no,1,65,0
571,5,B,2,standard,yes,yes,4,30,1
571,5,C,6,premium,no,yes,4,30,0
571,6,A,2,premium,no,yes,4,110,0
571,6,B,2,premium,yes,yes,4,110,1
571,6,C,2,standard,no,no,2,85,0
571,7,A,4,standard,no,no,1,45,1
571,7,B,2,standard,yes,no,1,30,0
571,7,C,6,standard,yes,yes,2,85,0
571,8,A,4,premium,no,yes,2,65,0
571,8,B,4,standard,no,yes,1,30,0
571,8,C,2,premium,yes,yes,1,45,1
572,1,A,6,standard,no,no,4,65,0
572,1,B,2,premium,no,no,2,30,1
572,1,C,6,standard,yes,no,4,65,0
572,2,A,4,standard,no,no,1,45,1
572,2,B,6,standard,yes,no,2,85,0
572,2,C,6,premium,no,no,4,110,0
572,3,A,4,premium,yes,yes,1,65,0
572,3,B,6,premium,yes,no,2,30,1
572,3,C,6,premium,yes,no,1,85,0
572,4,A,6,premium,yes,no,1,45,1
572,4,B,6,standard,yes,yes,1,45,0
572,4,C,2,standard,yes,no,2,85,0
572,5,A,4,standard,no,no,4,85,0
572,5,B,4,standard,no,yes,4,45,1
572,5,C,2,premium,yes,no,2,110,0
572,6,A,6,standard,yes,no,2,110,0
572,6,B,6,standard,yes,yes,4,65,0
572,6,C,2,premium,no,yes,2,30,1
572,7,A,2,premium,yes,no,1,65,0
572,7,B,4,standard,yes,yes,2,110,0
572,7,C,4,standard,no,yes,1,30,1
572,8,A,2,premium,no,no,4,110,0
572,8,B,6,standard,yes,no,4,30,1
572,8,C,6,premium,yes,yes,1,85,0
573,1,A,4,standard,yes,no,1,45,0
573,1,B,6,premium,no,no,2,30,0
573,1,C,4,premium,yes,no,4,30,1
573,2,A,4,premium,yes,yes,1,65,1
573,2,B,6,premium,no,yes,2,45,0
573,2,C,4,standard,no,no,1,85,0
573,3,A,6,standard,no,no,1,30,0
573,3,B,4,premium,yes,yes,1,85,0
573,3,C,4,standard,no,yes,2,65,1
573,4,A,6,premium,yes,yes,2,30,0
573,4,B,6,standard,no,no,2,110,0
573,4,C,4,standard,yes,yes,4,65,1
573,5,A,4,standard,no,yes,1,85,0
573,5,B,4,premium,yes,no,2,85,0
573,5,C,4,premium,yes,no,4,45,1
573,6,A,4,premium,no,yes,2,65,0
573,6,B,4,premium,yes,no,1,65,1
573,6,C,4,standard,no,yes,1,30,0
573,7,A,4,standard,yes,yes,2,85,1
573,7,B,6,standard,yes,yes,1,110,0
573,7,C,4,standard,yes,no,4,65,0
573,8,A,2,premium,no,yes,4,110,0
573,8,B,6,premium,yes,no,1,30,1
573,8,C,6,premium,yes,yes,4,85,0
574,1,A,6,standard,no,no,2,110,0
574,1,B,6,premium,no,no,4,65,0
574,1,C,4,premium,yes,no,2,30,1
574,2,A,4,standard,no,no,2,85,0
574,2,B,2,premium,no,yes,1,30,0
574,2,C,6,premium,no,yes,4,45,1
574,3,A,6,premium,no,yes,4,110,0
574,3,B,6,standard,yes,yes,2,85,1
574,3,C,6,standard,yes,yes,4,65,0
574,4,A,4,premium,yes,yes,4,30,0
574,4,B,4,premium,yes,yes,1,110,1
574,4,C,2,premium,yes,no,1,110,0
574,5,A,2,standard,no,yes,1,45,1
574,5,B,4,premium,no,no,1,110,0
574,5,C,4,standard,no,no,1,30,0
574,6,A,2,standard,yes,yes,1,65,0
574,6,B,2,premium,no,no,2,110,1
574,6,C,2,standard,yes,no,1,65,0
574,7,A,4,standard,yes,yes,2,30,1
574,7,B,4,premium,yes,no,4,30,0
574,7,C,2,standard,no,no,1,45,0
574,8,A,6,standard,no,no,2,45,1
574,8,B,4,premium,no,no,1,85,0
574,8,C,4,standard,yes,no,4,110,0
575,1,A,4,premium,yes,yes,4,30,0
575,1,B,6,standard,yes,yes,1,30,1
575,1,C,6,standard,yes,no,1,65,0
575,2,A,4,standard,yes,yes,2,85,0
575,2,B,6,premium,yes,no,1,65,1
575,2,C,2,premium,yes,yes,2,110,0
575,3,A,2,standard,yes,no,1,85,0
575,3,B,2,standard,yes,yes,1,85,0
575,3,C,4,premium,yes,yes,4,45,1
575,4,A,6,premium,no,no,1,85,1
575,4,B,2,standard,no,yes,1,85,0
575,4,C,2,standard,no,yes,4,65,0
575,5,A,2,standard,yes,no,4,110,0
575,5,B,2,premium,no,no,2,30,1
575,5,C,2,premium,yes,no,4,30,0
575,6,A,6,premium,yes,yes,2,30,1
575,6,B,4,standard,yes,yes,2,65,0
575,6,C,4,standard,yes,yes,4,65,0
575,7,A,4,standard,no,yes,4,30,0
575,7,B,2,premium,no,no,2,110,0
575,7,C,2,standard,yes,yes,1,45,1
575,8,A,6,premium,yes,no,1,30,1
575,8,B,6,standard,yes,yes,4,30,0
575,8,C,4,premium,yes,yes,2,45,0
576,1,A,2,standard,no,no,4,45,1
576,1,B,6,premium,no,no,1,110,0
576,1,C,6,premium,no,yes,1,85,0
576,2,A,2,premium,yes,yes,2,45,1
576,2,B,4,premium,no,no,4,85,0
576,2,C,4,standard,no,no,4,65,0
576,3,A,2,premium,no,no,2,30,1
576,3,B,4,premium,yes,no,2,65,0
576,3,C,6,standard,no,yes,1,30,0
576,4,A,4,premium,no,no,4,30,0
576,4,B,4,premium,yes,no,1,30,1
576,4,C,4,standard,no,no,4,65,0
576,5,A,2,standard,no,yes,2,65,0
576,5,B,6,premium,no,yes,2,65,1
576,5,C,6,premium,yes,no,1,45,0
576,6,A,6,premium,yes,yes,4,65,0
576,6,B,4,premium,yes,yes,2,65,1
576,6,C,6,standard,no,yes,2,45,0
576,7,A,6,premium,no,no,2,110,0
576,7,B,6,premium,yes,yes,1,30,1
576,7,C,4,standard,no,yes,2,65,0
576,8,A,6,premium,no,no,4,65,1
576,8,B,6,standard,yes,no,4,85,0
576,8,C,4,standard,yes,no,1,65,0
577,1,A,4,standard,yes,no,1,65,0
577,1,B,4,standard,no,no,1,110,0
577,1,C,2,premium,no,no,1,30,1
577,2,A,6,premium,no,yes,2,30,1
577,2,B,2,premium,yes,yes,1,65,0
577,2,C,4,premium,yes,no,4,85,0
577,3,A,4,premium,yes,no,1,45,1
577,3,B,4,standard,yes,yes,2,85,0
577,3,C,2,standard,yes,no,2,110,0
577,4,A,2,standard,yes,no,2,45,0
577,4,B,6,standard,no,yes,4,85,0
577,4,C,2,premium,yes,no,2,85,1
577,5,A,2,premium,yes,no,4,85,1
577,5,B,6,standard,no,no,2,110,0
577,5,C,6,standard,no,no,2,30,0
577,6,A,6,standard,no,no,4,45,1
577,6,B,4,premium,yes,no,2,110,0
577,6,C,2,premium,no,no,4,45,0
577,7,A,2,premium,no,yes,2,30,0
577,7,B,6,standard,no,no,4,45,1
577,7,C,2,premium,no,no,4,85,0
577,8,A,2,premium,no,no,2,65,0
577,8,B,4,standard,yes,yes,2,110,0
577,8,C,6,premium,no,no,1,45,1
578,1,A,6,premium,yes,no,1,110,0
578,1,B,6,standard,no,no,1,30,1
578,1,C,2,standard,no,yes,2,85,0
578,2,A,4,premium,no,yes,2,85,0
578,2,B,2,standard,yes,yes,2,30,0
578,2,C,6,premium,yes,no,2,30,1
578,3,A,6,standard,no,yes,4,65,0
578,3,B,6,premium,yes,yes,4,85,0
578,3,C,2,standard,no,yes,2,85,1
578,4,A,4,standard,yes,yes,1,85,0
578,4,B,2,premium,yes,yes,4,110,0
578,4,C,4,standard,yes,no,4,45,1
578,5,A,6,premium,yes,yes,4,30,1
578,5,B,6,premium,no,no,4,65,0
578,5,C,2,standard,yes,yes,2,45,0
578,6,A,6,premium,yes,yes,4,65,0
578,6,B,2,standard,yes,no,4,65,0
578,6,C,2,premium,no,no,4,45,1
578,7,A,6,standard,no,yes,4,110,0
578,7,B,2,premium,no,yes,2,45,0
578,7,C,6,premium,no,yes,4,85,1
578,8,A,6,standard,no,no,1,110,0
578,8,B,6,premium,yes,yes,4,45,1
578,8,C,6,standard,yes,no,4,110,0
579,1,A,6,standard,yes,no,1,45,1
579,1,B,2,premium,yes,no,4,65,0
579,1,C,6,standard,no,yes,4,30,0
579,2,A,2,premium,no,yes,4,65,0
579,2,B,6,premium,no,yes,1,65,1
579,2,C,6,premium,no,yes,4,30,0
579,3,A,6,premium,yes,no,4,30,1
579,3,B,2,premium,yes,no,4,65,0
579,3,C,6,standard,no,yes,4,45,0
579,4,A,2,standard,yes,no,4,110,0
579,4,B,2,premium,yes,no,4,65,1
579,4,C,6,standard,no,yes,4,85,0
579,5,A,2,standard,yes,no,4,110,1
579,5,B,2,standard,no,no,2,85,0
579,5,C,6,standard,no,no,4,110,0
579,6,A,2,premium,yes,yes,4,30,1
579,6,B,6,premium,no,yes,1,110,0
579,6,C,2,standard,yes,yes,4,110,0
579,7,A,2,premium,yes,yes,2,45,1
579,7,B,6,premium,no,no,4,110,0
579,7,C,4,premium,no,yes,1,85,0
579,8,A,4,standard,no,yes,4,30,0
579,8,B,2,premium,yes,no,2,110,0
579,8,C,6,premium,no,yes,4,45,1
580,1,A,6,premium,no,yes,2,30,0
580,1,B,6,standard,no,yes,4,45,1
580,1,C,6,premium,no,yes,2,65,0
580,2,A,2,standard,yes,yes,1,30,1
580,2,B,6,standard,yes,no,1,85,0
580,2,C,2,standard,yes,no,4,65,0
580,3,A,6,premium,no,yes,4,85,1
580,3,B,2,premium,no,no,2,110,0
580,3,C,2,premium,yes,yes,4,65,0
580,4,A,2,premium,no,no,2,45,0
580,4,B,2,standard,yes,yes,4,30,0
580,4,C,2,standard,no,yes,2,85,1
580,5,A,2,premium,yes,no,1,30,1
580,5,B,2,premium,yes,no,1,65,0
580,5,C,4,standard,no,no,2,85,0
580,6,A,6,standard,no,yes,4,30,1
580,6,B,6,standard,yes,yes,4,65,0
580,6,C,6,standard,no,yes,2,110,0
580,7,A,6,premium,no,no,1,110,0
580,7,B,6,premium,no,no,2,45,1
580,7,C,2,standard,yes,no,1,65,0
580,8,A,4,standard,no,no,2,30,0
580,8,B,2,standard,yes,no,1,30,0
580,8,C,2,standard,yes,no,4,65,1
581,1,A,2,premium,yes,yes,1,45,1
581,1,B,2,premium,no,no,1,65,0
581,1,C,2,premium,yes,no,2,65,0
581,2,A,2,standard,no,yes,4,30,1
581,2,B,4,premium,no,no,2,85,0
581,2,C,2,premium,yes,no,2,110,0
581,3,A,4,standard,no,no,1,45,0
581,3,B,2,standard,yes,no,2,45,0
581,3,C,4,premium,yes,no,1,30,1
581,4,A,4,premium,yes,no,1,30,0
581,4,B,6,premium,yes,yes,2,85,0
581,4,C,6,premium,yes,yes,2,45,1
581,5,A,2,premium,no,yes,1,65,0
581,5,B,2,standard,yes,yes,4,110,0
581,5,C,6,standard,yes,yes,1,30,1
581,6,A,4,premium,no,no,2,110,0
581,6,B,4,premium,no,no,2,45,1
581,6,C,2,premium,yes,no,1,45,0
581,7,A,2,standard,no,no,2,110,0
581,7,B,2,standard,no,no,4,65,0
581,7,C,4,premium,yes,yes,2,45,1
581,8,A,6,standard,yes,no,4,110,0
581,8,B,4,premium,yes,no,2,85,0
581,8,C,6,standard,yes,yes,4,30,1
582,1,A,6,standard,no,no,4,85,1
582,1,B,6,premium,no,yes,4,85,0
582,1,C,4,premium,yes,yes,2,45,0
582,2,A,6,premium,yes,no,2,110,0
582,2,B,2,standard,no,yes,2,110,0
582,2,C,2,standard,yes,yes,4,45,1
582,3,A,2,standard,no,no,4,45,0
582,3,B,4,standard,yes,no,1,30,1
582,3,C,2,premium,yes,no,1,85,0
582,4,A,4,standard,yes,no,1,30,0
582,4,B,6,premium,no,yes,4,85,1
582,4,C,4,premium,no,yes,1,30,0
582,5,A,4,premium,no,yes,4,85,1
582,5,B,2,premium,no,yes,4,110,0
582,5,C,6,standard,no,yes,1,45,0
582,6,A,2,standard,yes,no,1,85,0
582,6,B,2,premium,no,no,2,85,1
582,6,C,4,premium,no,no,4,45,0
582,7,A,2,premium,no,no,1,65,0
582,7,B,6,premium,no,no,4,45,1
582,7,C,6,standard,no,yes,2,85,0
582,8,A,2,premium,yes,no,1,110,0
582,8,B,6,standard,yes,no,4,45,1
582,8,C,2,premium,yes,yes,4,110,0
583,1,A,6,premium,no,yes,2,65,0
583,1,B,4,standard,yes,yes,4,65,1
583,1,C,2,premium,yes,no,2,45,0
583,2,A,4,premium,yes,yes,2,65,0
583,2,B,6,standard,yes,no,4,30,1
583,2,C,6,premium,yes,yes,2,45,0
583,3,A,6,standard,no,yes,4,85,0
583,3,B,2,premium,no,yes,1,85,0
583,3,C,2,standard,no,no,4,30,1
583,4,A,4,standard,yes,no,4,45,0
583,4,B,2,standard,yes,yes,2,45,0
583,4,C,4,premium,yes,no,1,45,1
583,5,A,4,premium,yes,no,2,85,0
583,5,B,6,premium,yes,no,2,65,0
583,5,C,4,standard,no,no,2,45,1
583,6,A,2,standard,no,yes,1,30,1
583,6,B,2,premium,no,no,4,45,0
583,6,C,6,premium,yes,yes,1,85,0
583,7,A,2,standard,yes,no,1,110,0
583,7,B,6,premium,yes,yes,4,65,1
583,7,C,4,premium,yes,yes,4,30,0
583,8,A,6,standard,no,yes,2,65,0
583,8,B,6,premium,yes,yes,4,45,1
583,8,C,4,premium,yes,yes,4,30,0
584,1,A,6,standard,no,no,2,110,0
584,1,B,2,standard,yes,yes,4,30,0
584,1,C,4,standard,no,no,1,30,1
584,2,A,6,premium,yes,no,1,65,1
584,2,B,6,premium,no,no,4,85,0
584,2,C,4,standard,no,yes,4,65,0
584,3,A,2,premium,yes,no,1,45,0
584,3,B,6,standard,no,no,2,85,0
584,3,C,4,premium,no,yes,4,30,1
584,4,A,2,standard,no,no,2,45,0
584,4,B,4,premium,yes,yes,4,45,1
584,4,C,4,premium,yes,no,2,45,0
584,5,A,6,premium,no,no,4,85,0
584,5,B,6,standard,no,yes,4,45,1
584,5,C,6,standard,no,no,2,65,0
584,6,A,6,standard,no,no,1,30,0
584,6,B,4,premium,no,yes,1,110,1
584,6,C,4,premium,no,yes,2,30,0
584,7,A,6,premium,yes,no,4,45,1
584,7,B,6,standard,yes,yes,2,65,0
584,7,C,4,standard,no,yes,2,85,0
584,8,A,2,standard,yes,no,1,85,0
584,8,B,4,standard,no,yes,1,110,1
584,8,C,4,standard,yes,no,2,110,0
585,1,A,2,standard,yes,no,4,30,1
585,1,B,4,standard,yes,no,1,85,0
585,1,C,6,premium,yes,yes,2,110,0
585,2,A,2,standard,yes,no,1,30,1
585,2,B,6,standard,yes,no,4,110,0
585,2,C,6,premium,no,no,1,65,0
585,3,A,4,standard,no,yes,4,30,1
585,3,B,6,standard,no,yes,1,85,0
585,3,C,2,standard,yes,yes,1,110,0
585,4,A,4,standard,no,no,1,110,0
585,4,B,2,standard,no,yes,2,45,1
585,4,C,6,standard,no,no,1,30,0
585,5,A,6,premium,no,no,1,65,0
585,5,B,2,premium,yes,no,2,45,1
585,5,C,4,standard,yes,yes,4,110,0
585,6,A,2,standard,yes,yes,1,110,0
585,6,B,4,standard,no,yes,2,45,1
585,6,C,2,premium,no,yes,1,45,0
585,7,A,6,standard,no,yes,1,110,0
585,7,B,6,premium,no,no,1,45,1
585,7,C,2,standard,no,no,4,110,0
585,8,A,2,premium,yes,no,1,85,0
585,8,B,4,standard,yes,yes,4,85,1
585,8,C,4,standard,no,no,4,45,0
586,1,A,4,standard,no,yes,4,65,0
586,1,B,4,standard,yes,no,2,45,0
586,1,C,4,standard,yes,yes,4,110,1
586,2,A,6,standard,no,yes,1,30,0
586,2,B,4,standard,no,yes,2,65,0
586,2,C,2,premium,yes,yes,4,65,1
586,3,A,6,standard,no,yes,1,65,0
586,3,B,6,premium,yes,no,4,65,1
586,3,C,6,premium,yes,no,1,110,0
586,4,A,4,premium,yes,yes,4,65,1
586,4,B,6,standard,yes,no,2,85,0
586,4,C,6,premium,no,no,1,85,0
586,5,A,6,premium,yes,yes,4,65,0
586,5,B,6,standard,yes,no,4,85,0
586,5,C,6,premium,yes,no,1,110,1
586,6,A,2,standard,yes,yes,4,65,0
586,6,B,6,standard,yes,yes,2,30,1
586,6,C,2,premium,yes,yes,1,45,0
586,7,A,6,premium,yes,yes,4,110,0
586,7,B,2,premium,yes,yes,2,85,1
586,7,C,2,premium,no,no,4,45,0
586,8,A,6,standard,no,no,2,65,0
586,8,B,2,premium,no,no,4,110,0
586,8,C,6,standard,yes,no,2,45,1
587,1,A,6,standard,yes,yes,1,45,1
587,1,B,2,standard,yes,no,2,85,0
587,1,C,6,standard,yes,yes,1,110,0
587,2,A,4,premium,yes,no,4,65,1
587,2,B,6,standard,yes,yes,2,65,0
587,2,C,2,premium,no,no,4,45,0
587,3,A,4,premium,yes,yes,2,30,1
587,3,B,4,standard,no,yes,2,65,0
587,3,C,6,standard,no,no,1,110,0
587,4,A,4,standard,yes,no,1,110,0
587,4,B,6,premium,no,no,4,85,1
587,4,C,2,standard,no,yes,2,85,0
587,5,A,2,premium,no,yes,2,110,0
587,5,B,2,standard,no,yes,4,30,0
587,5,C,4,standard,yes,yes,4,65,1
587,6,A,6,premium,no,yes,2,85,0
587,6,B,6,standard,no,no,4,85,0
587,6,C,6,standard,yes,no,1,65,1
587,7,A,6,premium,no,no,1,30,0
587,7,B,6,standard,no,no,1,85,0
587,7,C,4,standard,no,yes,4,65,1
587,8,A,4,standard,yes,no,4,30,1
587,8,B,4,standard,no,yes,1,65,0
587,8,C,6,standard,no,no,2,30,0
588,1,A,6,standard,no,no,4,110,0
588,1,B,2,standard,no,no,1,65,0
588,1,C,6,premium,no,no,4,85,1
588,2,A,6,standard,yes,no,2,65,0
588,2,B,2,standard,yes,yes,1,85,1
588,2,C,6,standard,yes,yes,4,85,0
588,3,A,6,premium,no,no,2,85,0
588,3,B,4,standard,no,yes,4,85,0
588,3,C,2,premium,yes,yes,4,65,1
588,4,A,2,standard,no,no,1,85,0
588,4,B,2,standard,yes,yes,2,110,0
588,4,C,6,standard,yes,no,4,110,1
588,5,A,4,standard,no,no,1,65,0
588,5,B,6,premium,yes,yes,2,30,0
588,5,C,6,standard,yes,yes,1,30,1
588,6,A,4,standard,no,no,1,45,0
588,6,B,4,standard,no,no,4,30,1
588,6,C,6,premium,yes,no,1,85,0
588,7,A,6,premium,no,no,1,30,1
588,7,B,6,premium,no,no,1,110,0
588,7,C,6,standard,yes,yes,1,85,0
588,8,A,2,standard,yes,no,2,30,0
588,8,B,2,standard,no,yes,2,65,1
588,8,C,6,premium,no,no,1,85,0
589,1,A,2,standard,yes,no,4,30,0
589,1,B,4,standard,yes,no,4,45,1
589,1,C,4,standard,no,yes,4,110,0
589,2,A,2,premium,yes,yes,2,85,0
589,2,B,4,standard,no,yes,4,65,0
589,2,C,4,premium,no,no,4,30,1
589,3,A,2,standard,yes,no,2,45,0
589,3,B,6,premium,yes,no,2,45,1
589,3,C,4,standard,no,no,1,45,0
589,4,A,6,standard,yes,yes,4,45,1
589,4,B,4,premium,yes,no,1,65,0
589,4,C,6,standard,no,no,4,45,0
589,5,A,4,standard,yes,no,2,65,0
589,5,B,2,standard,no,no,4,30,1
589,5,C,2,premium,no,no,1,30,0
589,6,A,2,premium,yes,no,4,45,1
589,6,B,2,premium,no,yes,1,110,0
589,6,C,4,premium,no,no,1,110,0
589,7,A,4,premium,yes,no,4,45,1
589,7,B,6,standard,yes,yes,1,110,0
589,7,C,2,premium,no,yes,2,65,0
589,8,A,4,standard,yes,no,2,110,0
589,8,B,4,standard,no,no,1,110,0
589,8,C,6,premium,no,no,1,65,1
590,1,A,6,premium,no,no,4,65,0
590,1,B,4,standard,yes,yes,4,110,0
590,1,C,6,standard,yes,no,2,30,1
590,2,A,4,premium,yes,no,1,45,1
590,2,B,4,standard,no,no,1,110,0
590,2,C,4,standard,yes,yes,2,45,0
590,3,A,2,premium,yes,no,1,65,0
590,3,B,2,standard,yes,no,2,45,0
590,3,C,6,standard,yes,yes,2,65,1
590,4,A,4,premium,no,yes,2,30,1
590,4,B,4,standard,no,no,1,65,0
590,4,C,2,premium,no,no,1,65,0
590,5,A,4,premium,no,yes,4,30,1
590,5,B,4,premium,yes,yes,4,110,0
590,5,C,2,premium,yes,yes,4,85,0
590,6,A,2,standard,no,yes,4,65,0
590,6,B,4,premium,no,no,1,110,0
590,6,C,4,standard,yes,yes,2,30,1
590,7,A,2,standard,yes,yes,1,45,0
590,7,B,2,standard,no,no,4,85,0
590,7,C,6,premium,no,yes,2,45,1
590,8,A,2,premium,yes,no,4,85,0
590,8,B,2,standard,no,no,4,45,1
590,8,C,4,standard,no,yes,2,85,0
591,1,A,4,standard,yes,yes,1,65,0
591,1,B,2,premium,no,no,4,85,0
591,1,C,6,premium,yes,no,4,45,1
591,2,A,4,premium,no,no,1,85,0
591,2,B,2,standard,yes,no,1,85,1
591,2,C,6,standard,no,no,4,65,0
591,3,A,6,premium,yes,yes,1,65,0
591,3,B,6,premium,no,yes,2,110,0
591,3,C,6,standard,yes,yes,4,30,1
591,4,A,4,standard,no,yes,1,65,1
591,4,B,2,premium,yes,yes,2,45,0
591,4,C,4,premium,yes,yes,2,65,0
591,5,A,6,premium,yes,yes,1,65,1
591,5,B,4,premium,no,no,2,110,0
591,5,C,4,standard,no,no,4,110,0
591,6,A,4,premium,no,yes,4,30,1
591,6,B,2,premium,no,no,1,110,0
591,6,C,6,premium,yes,yes,4,110,0
591,7,A,4,premium,yes,yes,1,65,1
591,7,B,4,standard,no,yes,4,85,0
591,7,C,4,standard,no,no,1,65,0
591,8,A,2,standard,yes,yes,4,45,0
591,8,B,2,premium,no,yes,4,110,0
591,8,C,4,premium,yes,no,1,30,1
592,1,A,6,premium,yes,no,2,30,0
592,1,B,2,standard,yes,yes,1,65,0
592,1,C,6,premium,yes,no,4,30,1
592,2,A,6,premium,no,no,2,110,0
592,2,B,6,standard,no,yes,4,30,1
592,2,C,6,standard,no,yes,1,30,0
592,3,A,6,standard,yes,yes,2,110,0
592,3,B,2,premium,yes,no,2,45,1
592,3,C,4,premium,no,yes,1,45,0
592,4,A,2,standard,yes,no,4,45,0
592,4,B,6,standard,yes,no,4,30,1
592,4,C,2,premium,no,yes,4,45,0
592,5,A,6,standard,yes,yes,1,65,0
592,5,B,4,premium,no,no,1,30,1
592,5,C,4,premium,no,no,4,110,0
592,6,A,2,premium,yes,yes,1,110,0
592,6,B,4,premium,no,yes,4,65,1
592,6,C,2,standard,no,yes,2,110,0
592,7,A,6,premium,no,yes,1,45,0
592,7,B,6,premium,no,no,2,45,1
592,7,C,2,premium,yes,yes,4,110,0
592,8,A,6,standard,yes,no,4,85,0
592,8,B,6,premium,yes,yes,2,110,0
592,8,C,6,standard,no,yes,2,30,1
593,1,A,6,standard,no,yes,2,110,0
593,1,B,2,standard,yes,no,4,30,1
593,1,C,6,premium,no,yes,1,85,0
593,2,A,2,premium,yes,no,4,85,1
593,2,B,4,standard,no,no,2,85,0
593,2,C,2,standard,no,yes,4,85,0
593,3,A,6,standard,no,no,2,45,0
593,3,B,2,standard,no,no,1,85,0
593,3,C,6,premium,yes,no,1,30,1
593,4,A,6,premium,yes,yes,1,110,1
593,4,B,4,standard,yes,yes,2,85,0
593,4,C,4,premium,no,yes,4,65,0
593,5,A,4,premium,yes,no,2,110,0
593,5,B,6,standard,no,yes,2,85,1
593,5,C,4,standard,yes,no,4,45,0
593,6,A,2,standard,no,yes,4,45,0
593,6,B,4,premium,no,yes,1,45,0
593,6,C,6,standard,yes,yes,1,30,1
593,7,A,6,standard,no,no,4,85,0
593,7,B,6,premium,no,no,2,65,1
593,7,C,6,standard,yes,yes,1,110,0
593,8,A,4,premium,yes,yes,4,45,1
593,8,B,6,standard,yes,no,2,85,0
593,8,C,6,premium,yes,no,1,110,0
594,1,A,2,premium,no,yes,4,30,1
594,1,B,6,premium,no,yes,4,65,0
594,1,C,2,premium,no,no,4,85,0
594,2,A,2,premium,yes,no,4,45,1
594,2,B,4,premium,no,no,1,110,0
594,2,C,2,standard,no,yes,2,65,0
594,3,A,2,premium,yes,yes,4,30,1
594,3,B,4,premium,no,no,4,65,0
594,3,C,6,standard,no,yes,2,110,0
594,4,A,6,premium,yes,yes,4,110,0
594,4,B,2,standard,no,yes,4,85,0
594,4,C,2,premium,yes,yes,1,45,1
594,5,A,2,premium,yes,no,1,45,1
594,5,B,4,standard,yes,no,2,65,0
594,5,C,6,premium,no,no,2,30,0
594,6,A,6,premium,no,no,2,85,0
594,6,B,6,premium,no,yes,4,85,0
594,6,C,6,premium,yes,no,4,65,1
594,7,A,6,premium,yes,yes,1,30,1
594,7,B,2,standard,no,no,1,30,0
594,7,C,4,premium,no,no,2,30,0
594,8,A,2,premium,no,no,4,110,0
594,8,B,2,standard,yes,no,1,45,0
594,8,C,6,standard,yes,yes,4,85,1
595,1,A,6,premium,yes,no,4,45,1
595,1,B,2,standard,yes,no,1,110,0
595,1,C,4,standard,no,no,4,85,0
595,2,A,2,standard,yes,no,2,85,0
595,2,B,6,standard,no,yes,4,65,1
595,2,C,4,premium,no,yes,2,65,0
595,3,A,6,premium,yes,no,4,85,0
595,3,B,4,standard,yes,no,2,45,0
595,3,C,4,premium,yes,yes,4,85,1
595,4,A,2,premium,yes,no,4,65,0
595,4,B,6,premium,no,yes,4,65,0
595,4,C,2,premium,yes,no,1,30,1
595,5,A,2,standard,yes,yes,4,30,1
595,5,B,4,standard,no,yes,4,45,0
595,5,C,6,premium,no,yes,2,45,0
595,6,A,4,standard,no,yes,1,85,1
595,6,B,4,standard,yes,no,2,45,0
595,6,C,4,premium,no,yes,4,110,0
595,7,A,4,premium,yes,yes,4,65,1
595,7,B,2,standard,yes,yes,1,85,0
595,7,C,6,standard,yes,yes,2,85,0
595,8,A,6,premium,yes,yes,2,110,0
595,8,B,4,standard,no,no,2,30,1
595,8,C,4,standard,no,yes,4,85,0
596,1,A,2,standard,no,yes,4,85,0
596,1,B,2,standard,no,yes,2,110,0
596,1,C,6,premium,no,no,1,45,1
596,2,A,4,premium,yes,no,1,30,1
596,2,B,2,standard,no,no,2,65,0
596,2,C,4,premium,no,no,4,45,0
596,3,A,4,standard,yes,yes,2,110,1
596,3,B,4,standard,no,no,2,85,0
596,3,C,4,premium,no,no,4,110,0
596,4,A,6,premium,no,no,1,45,0
596,4,B,2,standard,no,yes,1,45,0
596,4,C,6,standard,no,no,2,45,1
596,5,A,2,standard,no,yes,4,65,0
596,5,B,2,standard,yes,no,2,65,1
596,5,C,2,standard,no,yes,4,110,0
596,6,A,6,premium,no,yes,1,65,0
596,6,B,4,standard,yes,yes,4,85,0
596,6,C,4,premium,yes,no,1,45,1
596,7,A,4,standard,no,yes,2,45,0
596,7,B,4,standard,yes,yes,2,45,1
596,7,C,4,standard,no,no,2,110,0
596,8,A,6,premium,yes,yes,2,65,0
596,8,B,6,premium,no,yes,1,85,0
596,8,C,4,standard,yes,yes,2,65,1
597,1,A,2,premium,no,yes,4,45,0
597,1,B,4,premium,no,no,2,85,0
597,1,C,4,standard,no,no,1,45,1
597,2,A,4,standard,yes,no,1,45,0
597,2,B,6,standard,no,yes,4,30,1
597,2,C,6,premium,no,no,1,30,0
597,3,A,6,standard,yes,yes,4,45,0
597,3,B,6,premium,no,no,4,110,0
597,3,C,4,standard,yes,no,4,45,1
597,4,A,4,standard,no,yes,1,110,1
597,4,B,6,standard,no,no,1,30,0
597,4,C,4,standard,yes,no,4,65,0
597,5,A,4,standard,yes,yes,2,45,1
597,5,B,6,standard,yes,no,2,65,0
597,5,C,6,standard,no,no,4,45,0
597,6,A,4,premium,yes,yes,4,45,1
597,6,B,6,standard,yes,no,2,65,0
597,6,C,6,premium,no,yes,4,85,0
597,7,A,2,standard,no,yes,2,30,0
597,7,B,4,premium,no,no,2,85,0
597,7,C,6,premium,yes,no,1,85,1
597,8,A,6,premium,no,yes,4,30,0
597,8,B,2,premium,yes,yes,4,30,1
597,8,C,4,standard,no,no,4,65,0
598,1,A,2,premium,no,no,1,85,1
598,1,B,4,premium,no,no,2,30,0
598,1,C,6,premium,yes,no,1,85,0
598,2,A,2,premium,yes,no,2,30,1
598,2,B,4,premium,yes,yes,1,85,0
598,2,C,6,standard,yes,no,4,110,0
598,3,A,4,premium,yes,yes,4,30,1
598,3,B,4,standard,no,no,2,110,0
598,3,C,4,premium,yes,no,4,110,0
598,4,A,6,standard,yes,yes,4,110,0
598,4,B,2,premium,yes,no,1,85,1
598,4,C,6,standard,no,yes,1,110,0
598,5,A,2,premium,no,yes,4,45,0
598,5,B,6,premium,no,yes,1,110,0
598,5,C,4,premium,no,yes,1,30,1
598,6,A,2,standard,no,no,1,65,1
598,6,B,2,standard,no,yes,1,65,0
598,6,C,2,premium,no,yes,4,110,0
598,7,A,4,premium,no,no,2,85,0
598,7,B,2,premium,yes,no,4,85,1
598,7,C,4,standard,yes,no,2,30,0
598,8,A,2,standard,yes,no,4,85,0
598,8,B,4,premium,yes,yes,1,110,0
598,8,C,4,premium,yes,yes,2,65,1
599,1,A,4,standard,no,no,2,45,1
599,1,B,2,standard,no,yes,4,110,0
599,1,C,4,standard,yes,no,4,45,0
599,2,A,4,standard,yes,yes,4,30,1
599,2,B,2,premium,yes,no,1,85,0
599,2,C,6,premium,yes,yes,4,110,0
599,3,A,4,premium,no,no,4,45,1
599,3,B,6,standard,yes,no,1,65,0
599,3,C,2,premium,yes,no,2,45,0
599,4,A,6,standard,no,yes,4,30,1
599,4,B,2,premium,yes,no,1,85,0
599,4,C,6,premium,no,no,2,65,0
599,5,A,2,premium,yes,yes,2,45,1
599,5,B,6,premium,yes,yes,4,85,0
599,5,C,2,standard,yes,no,4,45,0
599,6,A,4,premium,no,yes,1,30,0
599,6,B,2,standard,yes,yes,4,30,1
599,6,C,4,standard,no,yes,2,85,0
599,7,A,4,premium,yes,yes,1,45,1
599,7,B,4,standard,no,yes,2,45,0
599,7,C,4,premium,no,yes,4,110,0
599,8,A,2,standard,yes,no,4,30,1
599,8,B,6,premium,no,no,2,110,0
599,8,C,6,standard,yes,no,2,110,0
600,1,A,4,standard,yes,yes,4,85,0
600,1,B,6,premium,yes,no,4,30,1
600,1,C,4,standard,yes,yes,1,110,0
600,2,A,6,standard,no,yes,2,110,0
600,2,B,6,premium,yes,yes,2,45,0
600,2,C,2,standard,yes,yes,2,45,1
600,3,A,2,premium,no,yes,2,30,1
600,3,B,4,standard,no,no,4,45,0
600,3,C,2,standard,yes,yes,4,110,0
600,4,A,2,standard,yes,yes,2,30,1
600,4,B,4,premium,no,no,1,65,0
600,4,C,2,premium,no,yes,2,85,0
600,5,A,2,standard,yes,no,4,85,1
600,5,B,4,premium,yes,no,1,85,0
600,5,C,6,standard,yes,yes,2,110,0
600,6,A,2,premium,no,yes,1,30,1
600,6,B,6,standard,no,yes,1,65,0
600,6,C,2,standard,no,no,2,85,0
600,7,A,6,premium,no,yes,4,30,1
600,7,B,4,premium,yes,yes,4,110,0
600,7,C,2,premium,no,yes,2,30,0
600,8,A,6,premium,yes,no,2,45,1
600,8,B,4,standard,yes,yes,4,85,0
600,8,C,2,standard,yes,no,1,45,0
